Execution,clock,current_position_x,current_position_y,target_position_x,target_position_y,move_x,move_y
1,1304,315,115,241,227,0,5
1,1321,315,120,241,227,0,5
1,1338,315,125,241,227,0,5
1,1355,315,130,241,227,0,5
1,1372,315,135,241,227,0,5
1,1388,315,140,241,227,0,5
1,1405,315,145,241,227,0,5
1,1421,315,150,241,227,0,5
1,1438,315,155,241,227,0,5
1,1455,315,160,241,227,0,5
1,1471,315,165,241,227,0,5
1,1488,315,170,241,227,0,5
1,1505,315,175,241,227,0,5
1,1522,315,180,241,227,0,5
1,1539,315,185,241,227,0,5
1,1556,315,190,241,227,0,5
1,1573,315,195,241,227,0,5
1,1590,315,200,241,227,0,5
1,1607,315,205,241,227,0,5
1,1624,315,210,241,227,0,5
1,1641,315,215,241,227,0,5
1,1657,315,220,241,227,0,5
1,1674,315,225,241,227,0,5
1,1691,315,230,241,227,0,5
1,1708,315,235,241,227,0,5
1,1725,315,240,241,227,0,5
1,1742,315,245,241,227,0,5
1,1759,315,250,241,227,0,5
1,1793,310,250,241,227,-5,0
1,1810,305,250,241,227,-5,0
1,1827,300,250,241,227,-5,0
1,1844,295,250,241,227,-5,0
1,1861,290,250,241,227,-5,0
1,1878,285,250,241,227,-5,0
1,1895,280,250,241,227,-5,0
1,1912,275,250,241,227,-5,0
1,2065,275,245,241,227,0,-5
1,2082,275,240,241,227,0,-5
1,2099,275,235,241,227,0,-5
1,2355,270,235,241,227,-5,0
1,2371,265,235,241,227,-5,0
2,3957,235,482,417,336,5,0
2,3973,240,482,417,336,5,0
2,3990,245,482,417,336,5,0
2,4007,250,482,417,336,5,0
2,4024,255,482,417,336,5,0
2,4041,260,482,417,336,5,0
2,4058,265,482,417,336,5,0
2,4075,270,482,417,336,5,0
2,4091,275,482,417,336,5,0
2,4108,280,482,417,336,5,0
2,4124,285,482,417,336,5,0
2,4141,290,482,417,336,5,0
2,4158,295,482,417,336,5,0
2,4174,300,482,417,336,5,0
2,4191,305,482,417,336,5,0
2,4208,310,482,417,336,5,0
2,4225,315,482,417,336,5,0
2,4242,320,482,417,336,5,0
2,4259,325,482,417,336,5,0
2,4276,330,482,417,336,5,0
2,4292,335,482,417,336,5,0
2,4309,340,482,417,336,5,0
2,4326,345,482,417,336,5,0
2,4343,350,482,417,336,5,0
2,4360,355,482,417,336,5,0
2,4377,360,482,417,336,5,0
2,4395,365,482,417,336,5,0
2,4413,370,482,417,336,5,0
2,4429,375,482,417,336,5,0
2,4446,380,482,417,336,5,0
2,4463,385,482,417,336,5,0
2,4480,390,482,417,336,5,0
2,4497,395,482,417,336,5,0
2,4514,400,482,417,336,5,0
2,4531,405,477,417,336,5,-5
2,4547,410,472,417,336,5,-5
2,4564,415,467,417,336,5,-5
2,4581,420,462,417,336,5,-5
2,4598,425,457,417,336,5,-5
2,4615,430,452,417,336,5,-5
2,4632,435,447,417,336,5,-5
2,4649,440,442,417,336,5,-5
2,4666,445,437,417,336,5,-5
2,4682,450,432,417,336,5,-5
2,4699,455,427,417,336,5,-5
2,4716,455,422,417,336,0,-5
2,4733,455,417,417,336,0,-5
2,4750,455,412,417,336,0,-5
2,4767,455,407,417,336,0,-5
2,4784,455,402,417,336,0,-5
2,4801,455,397,417,336,0,-5
2,5344,450,397,417,336,-5,0
2,5360,445,397,417,336,-5,0
2,5377,440,397,417,336,-5,0
2,5394,435,397,417,336,-5,0
2,5411,430,397,417,336,-5,0
2,5428,425,397,417,336,-5,0
2,5444,420,397,417,336,-5,0
2,5626,420,392,417,336,0,-5
2,5643,420,387,417,336,0,-5
2,5661,420,382,417,336,0,-5
2,5678,420,377,417,336,0,-5
2,5694,420,372,417,336,0,-5
2,5711,420,367,417,336,0,-5
2,5727,420,362,417,336,0,-5
2,5744,420,357,417,336,0,-5
3,7294,686,120,334,152,-5,0
3,7311,681,120,334,152,-5,0
3,7328,676,120,334,152,-5,0
3,7345,671,120,334,152,-5,0
3,7363,666,120,334,152,-5,0
3,7380,661,120,334,152,-5,0
3,7397,656,120,334,152,-5,0
3,7414,651,120,334,152,-5,0
3,7431,646,120,334,152,-5,0
3,7448,641,120,334,152,-5,0
3,7465,636,120,334,152,-5,0
3,7482,631,120,334,152,-5,0
3,7499,626,125,334,152,-5,5
3,7515,621,130,334,152,-5,5
3,7532,616,135,334,152,-5,5
3,7548,611,140,334,152,-5,5
3,7565,606,145,334,152,-5,5
3,7582,601,150,334,152,-5,5
3,7598,596,155,334,152,-5,5
3,7614,591,160,334,152,-5,5
3,7631,586,165,334,152,-5,5
3,7648,581,170,334,152,-5,5
3,7665,576,170,334,152,-5,0
3,7682,571,170,334,152,-5,0
3,7699,566,170,334,152,-5,0
3,7716,561,170,334,152,-5,0
3,7733,556,170,334,152,-5,0
3,7750,551,170,334,152,-5,0
3,7766,546,170,334,152,-5,0
3,7783,541,170,334,152,-5,0
3,7800,536,170,334,152,-5,0
3,7817,531,170,334,152,-5,0
3,7834,526,170,334,152,-5,0
3,7851,521,170,334,152,-5,0
3,7868,516,170,334,152,-5,0
3,7883,511,170,334,152,-5,0
3,7899,506,170,334,152,-5,0
3,7916,501,170,334,152,-5,0
3,7934,496,170,334,152,-5,0
3,7951,491,170,334,152,-5,0
3,7968,486,170,334,152,-5,0
3,7985,481,170,334,152,-5,0
3,8002,476,170,334,152,-5,0
3,8019,471,170,334,152,-5,0
3,8036,466,170,334,152,-5,0
3,8053,461,170,334,152,-5,0
3,8070,456,170,334,152,-5,0
3,8087,451,170,334,152,-5,0
3,8104,446,170,334,152,-5,0
3,8121,441,170,334,152,-5,0
3,8138,436,170,334,152,-5,0
3,8155,431,170,334,152,-5,0
3,8173,426,170,334,152,-5,0
3,8190,421,170,334,152,-5,0
3,8207,416,170,334,152,-5,0
3,8224,411,170,334,152,-5,0
3,8241,406,170,334,152,-5,0
3,8258,401,170,334,152,-5,0
3,8275,396,170,334,152,-5,0
3,8293,391,170,334,152,-5,0
3,8309,386,170,334,152,-5,0
3,8325,381,170,334,152,-5,0
3,8341,376,170,334,152,-5,0
3,8358,371,170,334,152,-5,0
3,8375,366,170,334,152,-5,0
3,8779,361,170,334,152,-5,0
3,8795,356,170,334,152,-5,0
4,10838,560,181,437,33,0,-5
4,10855,560,176,437,33,0,-5
4,10873,560,171,437,33,0,-5
4,10890,560,166,437,33,0,-5
4,10907,560,161,437,33,0,-5
4,10924,560,156,437,33,0,-5
4,10941,560,151,437,33,0,-5
4,10958,560,146,437,33,0,-5
4,10974,560,141,437,33,0,-5
4,10991,560,136,437,33,0,-5
4,11008,560,131,437,33,0,-5
4,11025,560,126,437,33,0,-5
4,11041,560,121,437,33,0,-5
4,11057,555,116,437,33,-5,-5
4,11074,550,111,437,33,-5,-5
4,11091,545,106,437,33,-5,-5
4,11108,540,101,437,33,-5,-5
4,11125,535,96,437,33,-5,-5
4,11142,530,91,437,33,-5,-5
4,11159,525,86,437,33,-5,-5
4,11176,520,81,437,33,-5,-5
4,11193,515,76,437,33,-5,-5
4,11210,510,71,437,33,-5,-5
4,11227,505,66,437,33,-5,-5
4,11243,500,61,437,33,-5,-5
4,11259,495,56,437,33,-5,-5
4,11275,490,51,437,33,-5,-5
4,11292,485,46,437,33,-5,-5
4,11309,480,41,437,33,-5,-5
4,11326,475,36,437,33,-5,-5
4,11343,470,31,437,33,-5,-5
4,11360,465,26,437,33,-5,-5
4,11377,460,26,437,33,-5,0
4,11393,455,26,437,33,-5,0
4,11410,450,26,437,33,-5,0
4,11426,445,26,437,33,-5,0
4,11443,440,26,437,33,-5,0
4,11460,435,26,437,33,-5,0
4,11917,435,31,437,33,0,5
4,11933,435,36,437,33,0,5
4,11950,435,41,437,33,0,5
4,11967,435,46,437,33,0,5
5,14724,132,15,160,437,0,5
5,14741,132,20,160,437,0,5
5,14758,132,25,160,437,0,5
5,14775,132,30,160,437,0,5
5,14792,132,35,160,437,0,5
5,14808,132,40,160,437,0,5
5,14825,132,45,160,437,0,5
5,14842,132,50,160,437,0,5
5,14858,132,55,160,437,0,5
5,14875,132,60,160,437,0,5
5,14891,132,65,160,437,0,5
5,14908,132,70,160,437,0,5
5,14925,132,75,160,437,0,5
5,14942,132,80,160,437,0,5
5,14959,132,85,160,437,0,5
5,14976,132,90,160,437,0,5
5,14993,132,95,160,437,0,5
5,15010,132,100,160,437,0,5
5,15027,132,105,160,437,0,5
5,15044,132,110,160,437,0,5
5,15061,132,115,160,437,0,5
5,15078,132,120,160,437,0,5
5,15095,132,125,160,437,0,5
5,15112,132,130,160,437,0,5
5,15129,132,135,160,437,0,5
5,15146,132,140,160,437,0,5
5,15163,132,145,160,437,0,5
5,15180,132,150,160,437,0,5
5,15197,132,155,160,437,0,5
5,15213,132,160,160,437,0,5
5,15230,132,165,160,437,0,5
5,15247,132,170,160,437,0,5
5,15264,132,175,160,437,0,5
5,15281,137,180,160,437,5,5
5,15298,142,185,160,437,5,5
5,15315,147,190,160,437,5,5
5,15332,152,195,160,437,5,5
5,15349,157,200,160,437,5,5
5,15366,162,205,160,437,5,5
5,15383,167,210,160,437,5,5
5,15400,167,215,160,437,0,5
5,15416,167,220,160,437,0,5
5,15433,167,225,160,437,0,5
5,15450,167,230,160,437,0,5
5,15467,167,235,160,437,0,5
5,15483,167,240,160,437,0,5
5,15500,167,245,160,437,0,5
5,15516,167,250,160,437,0,5
5,15533,167,255,160,437,0,5
5,15550,167,260,160,437,0,5
5,15567,167,265,160,437,0,5
5,15583,167,270,160,437,0,5
5,15600,167,275,160,437,0,5
5,15616,167,280,160,437,0,5
5,15633,167,285,160,437,0,5
5,15650,167,290,160,437,0,5
5,15668,167,295,160,437,0,5
5,15686,167,300,160,437,0,5
5,15701,167,305,160,437,0,5
5,15718,167,310,160,437,0,5
5,15735,167,315,160,437,0,5
5,15751,167,320,160,437,0,5
5,15768,167,325,160,437,0,5
5,15786,167,330,160,437,0,5
5,15803,167,335,160,437,0,5
5,15820,167,340,160,437,0,5
5,15836,167,345,160,437,0,5
5,15864,167,350,160,437,0,5
5,15881,167,355,160,437,0,5
5,15898,167,360,160,437,0,5
5,15915,167,365,160,437,0,5
5,15932,167,370,160,437,0,5
5,15949,167,375,160,437,0,5
5,15966,167,380,160,437,0,5
5,15982,167,385,160,437,0,5
5,15998,167,390,160,437,0,5
5,16015,167,395,160,437,0,5
5,16032,167,400,160,437,0,5
5,16048,167,405,160,437,0,5
5,16065,167,410,160,437,0,5
5,16082,167,415,160,437,0,5
5,16099,167,420,160,437,0,5
5,16117,167,425,160,437,0,5
5,16387,167,430,160,437,0,5
5,16404,167,435,160,437,0,5
6,18022,321,213,446,31,5,0
6,18039,326,213,446,31,5,0
6,18056,331,213,446,31,5,0
6,18073,336,213,446,31,5,0
6,18089,341,213,446,31,5,0
6,18107,346,213,446,31,5,0
6,18123,351,213,446,31,5,0
6,18140,356,213,446,31,5,0
6,18156,361,213,446,31,5,0
6,18173,366,213,446,31,5,0
6,18189,371,213,446,31,5,0
6,18205,376,213,446,31,5,0
6,18221,381,213,446,31,5,0
6,18238,386,213,446,31,5,0
6,18255,391,213,446,31,5,0
6,18271,396,213,446,31,5,0
6,18288,401,213,446,31,5,0
6,18304,406,213,446,31,5,0
6,18321,411,213,446,31,5,0
6,18338,416,213,446,31,5,0
6,18355,421,213,446,31,5,0
6,18371,426,213,446,31,5,0
6,18388,431,213,446,31,5,0
6,18405,436,213,446,31,5,0
6,18422,441,213,446,31,5,0
6,18439,446,213,446,31,5,0
6,18456,451,208,446,31,5,-5
6,18473,451,203,446,31,0,-5
6,18490,451,198,446,31,0,-5
6,18507,451,193,446,31,0,-5
6,18524,451,188,446,31,0,-5
6,18541,451,183,446,31,0,-5
6,18557,451,178,446,31,0,-5
6,18574,451,173,446,31,0,-5
6,18591,451,168,446,31,0,-5
6,18608,451,163,446,31,0,-5
6,18625,451,158,446,31,0,-5
6,18642,451,153,446,31,0,-5
6,18658,451,148,446,31,0,-5
6,18675,451,143,446,31,0,-5
6,18692,451,138,446,31,0,-5
6,18709,451,133,446,31,0,-5
6,18726,451,128,446,31,0,-5
6,18743,451,123,446,31,0,-5
6,18760,451,118,446,31,0,-5
6,18777,451,113,446,31,0,-5
6,18793,451,108,446,31,0,-5
6,18810,451,103,446,31,0,-5
6,18827,451,98,446,31,0,-5
6,18844,451,93,446,31,0,-5
6,18861,451,88,446,31,0,-5
6,18879,451,83,446,31,0,-5
6,18896,456,83,446,31,5,0
6,18912,461,83,446,31,5,0
6,19235,461,78,446,31,0,-5
6,19252,461,73,446,31,0,-5
6,19269,461,68,446,31,0,-5
6,19285,461,63,446,31,0,-5
6,19302,461,58,446,31,0,-5
6,19319,461,53,446,31,0,-5
7,21115,744,100,557,406,0,5
7,21132,744,105,557,406,0,5
7,21149,744,110,557,406,0,5
7,21166,744,115,557,406,0,5
7,21182,744,120,557,406,0,5
7,21199,744,125,557,406,0,5
7,21216,744,130,557,406,0,5
7,21233,744,135,557,406,0,5
7,21250,744,140,557,406,0,5
7,21267,744,145,557,406,0,5
7,21284,744,150,557,406,0,5
7,21301,744,155,557,406,0,5
7,21318,744,160,557,406,0,5
7,21335,744,165,557,406,0,5
7,21352,744,170,557,406,0,5
7,21368,744,175,557,406,0,5
7,21385,744,180,557,406,0,5
7,21401,744,185,557,406,0,5
7,21418,744,190,557,406,0,5
7,21434,744,195,557,406,0,5
7,21450,744,200,557,406,0,5
7,21467,744,205,557,406,0,5
7,21484,744,210,557,406,0,5
7,21501,744,215,557,406,0,5
7,21518,744,220,557,406,0,5
7,21535,744,225,557,406,0,5
7,21552,744,230,557,406,0,5
7,21569,744,235,557,406,0,5
7,21586,744,240,557,406,0,5
7,21603,744,245,557,406,0,5
7,21619,744,250,557,406,0,5
7,21636,744,255,557,406,0,5
7,21653,744,260,557,406,0,5
7,21670,744,265,557,406,0,5
7,21687,744,270,557,406,0,5
7,21704,744,275,557,406,0,5
7,21721,744,280,557,406,0,5
7,21738,744,285,557,406,0,5
7,21755,744,290,557,406,0,5
7,21772,744,295,557,406,0,5
7,21789,744,300,557,406,0,5
7,21806,744,305,557,406,0,5
7,21822,744,310,557,406,0,5
7,21839,744,315,557,406,0,5
7,21856,744,320,557,406,0,5
7,21873,744,325,557,406,0,5
7,21890,744,330,557,406,0,5
7,21908,744,335,557,406,0,5
7,21924,744,340,557,406,0,5
7,21940,744,345,557,406,0,5
7,21958,744,350,557,406,0,5
7,21974,744,355,557,406,0,5
7,21991,744,360,557,406,0,5
7,22008,744,365,557,406,0,5
7,22025,744,370,557,406,0,5
7,22042,744,375,557,406,0,5
7,22059,744,380,557,406,0,5
7,22076,744,385,557,406,0,5
7,22093,744,390,557,406,0,5
7,22110,744,395,557,406,0,5
7,22144,739,395,557,406,-5,0
7,22161,734,395,557,406,-5,0
7,22178,729,395,557,406,-5,0
7,22195,724,395,557,406,-5,0
7,22212,719,395,557,406,-5,0
7,22229,714,395,557,406,-5,0
7,22246,709,395,557,406,-5,0
7,22263,704,395,557,406,-5,0
7,22280,699,395,557,406,-5,0
7,22297,694,395,557,406,-5,0
7,22314,689,395,557,406,-5,0
7,22330,684,395,557,406,-5,0
7,22348,679,395,557,406,-5,0
7,22365,674,395,557,406,-5,0
7,22385,669,395,557,406,-5,0
7,22402,664,395,557,406,-5,0
7,22419,659,395,557,406,-5,0
7,22437,659,400,557,406,0,5
7,22454,659,405,557,406,0,5
7,22471,659,410,557,406,0,5
7,22487,659,415,557,406,0,5
7,22504,659,420,557,406,0,5
7,22521,659,425,557,406,0,5
7,22538,659,430,557,406,0,5
7,22555,659,435,557,406,0,5
7,22925,654,435,557,406,-5,0
7,22942,649,435,557,406,-5,0
7,22959,644,435,557,406,-5,0
7,22976,639,435,557,406,-5,0
7,22992,634,435,557,406,-5,0
7,23009,629,435,557,406,-5,0
7,23026,624,435,557,406,-5,0
7,23042,619,435,557,406,-5,0
7,23059,614,435,557,406,-5,0
7,23076,609,435,557,406,-5,0
7,23093,604,435,557,406,-5,0
7,23278,599,435,557,406,-5,0
7,23295,594,435,557,406,-5,0
7,23313,589,435,557,406,-5,0
7,23330,584,435,557,406,-5,0
7,23347,579,435,557,406,-5,0
7,23552,579,430,557,406,0,-5
7,23569,579,425,557,406,0,-5
7,23586,579,420,557,406,0,-5
7,23603,579,415,557,406,0,-5
7,23619,579,410,557,406,0,-5
8,25606,470,310,619,529,5,0
8,25623,475,310,619,529,5,0
8,25639,480,310,619,529,5,0
8,25656,485,310,619,529,5,0
8,25672,490,310,619,529,5,0
8,25689,495,310,619,529,5,0
8,25706,500,310,619,529,5,0
8,25723,505,310,619,529,5,0
8,25740,510,310,619,529,5,0
8,25757,515,310,619,529,5,0
8,25774,520,310,619,529,5,0
8,25790,525,310,619,529,5,0
8,25807,530,310,619,529,5,0
8,25824,535,310,619,529,5,0
8,25840,540,315,619,529,5,5
8,25857,545,320,619,529,5,5
8,25874,550,325,619,529,5,5
8,25891,555,330,619,529,5,5
8,25908,560,335,619,529,5,5
8,25925,565,340,619,529,5,5
8,25942,570,345,619,529,5,5
8,25959,575,350,619,529,5,5
8,25976,580,355,619,529,5,5
8,25993,585,360,619,529,5,5
8,26010,590,365,619,529,5,5
8,26026,595,370,619,529,5,5
8,26043,600,375,619,529,5,5
8,26060,605,380,619,529,5,5
8,26077,610,385,619,529,5,5
8,26094,615,390,619,529,5,5
8,26111,620,395,619,529,5,5
8,26128,625,400,619,529,5,5
8,26145,630,405,619,529,5,5
8,26161,635,410,619,529,5,5
8,26177,640,415,619,529,5,5
8,26194,640,420,619,529,0,5
8,26210,640,425,619,529,0,5
8,26226,640,430,619,529,0,5
8,26243,640,435,619,529,0,5
8,26260,640,440,619,529,0,5
8,26277,640,445,619,529,0,5
8,26293,640,450,619,529,0,5
8,26310,640,455,619,529,0,5
8,26327,640,460,619,529,0,5
8,26344,640,465,619,529,0,5
8,26361,640,470,619,529,0,5
8,26378,640,475,619,529,0,5
8,26395,640,480,619,529,0,5
8,26411,640,485,619,529,0,5
8,26428,640,490,619,529,0,5
8,26446,640,495,619,529,0,5
8,26462,640,500,619,529,0,5
8,26479,640,505,619,529,0,5
8,26496,640,510,619,529,0,5
8,26514,640,515,619,529,0,5
8,26530,640,520,619,529,0,5
8,27107,640,525,619,529,0,5
8,27124,640,530,619,529,0,5
8,27141,640,535,619,529,0,5
8,27158,640,540,619,529,0,5
8,27175,640,545,619,529,0,5
8,27192,640,550,619,529,0,5
8,27426,635,550,619,529,-5,0
8,27443,630,550,619,529,-5,0
8,27460,625,550,619,529,-5,0
8,27477,620,550,619,529,-5,0
9,29265,367,390,181,306,-5,0
9,29282,362,390,181,306,-5,0
9,29300,357,390,181,306,-5,0
9,29316,352,390,181,306,-5,0
9,29332,347,390,181,306,-5,0
9,29349,342,390,181,306,-5,0
9,29366,337,390,181,306,-5,0
9,29383,332,390,181,306,-5,0
9,29400,327,390,181,306,-5,0
9,29417,322,390,181,306,-5,0
9,29433,317,390,181,306,-5,0
9,29450,312,390,181,306,-5,0
9,29467,307,390,181,306,-5,0
9,29484,302,390,181,306,-5,0
9,29501,297,390,181,306,-5,0
9,29517,292,390,181,306,-5,0
9,29533,287,390,181,306,-5,0
9,29549,282,390,181,306,-5,0
9,29565,277,390,181,306,-5,0
9,29582,272,390,181,306,-5,0
9,29599,267,390,181,306,-5,0
9,29616,262,390,181,306,-5,0
9,29633,257,390,181,306,-5,0
9,29650,252,390,181,306,-5,0
9,29667,247,390,181,306,-5,0
9,29685,242,390,181,306,-5,0
9,29702,237,390,181,306,-5,0
9,29718,232,390,181,306,-5,0
9,29735,227,390,181,306,-5,0
9,29752,222,390,181,306,-5,0
9,29769,217,390,181,306,-5,0
9,29786,212,390,181,306,-5,0
9,29803,207,390,181,306,-5,0
9,29820,202,390,181,306,-5,0
9,29837,197,390,181,306,-5,0
9,29854,192,390,181,306,-5,0
9,29871,187,390,181,306,-5,0
9,29957,187,385,181,306,0,-5
9,29974,187,380,181,306,0,-5
9,29991,187,375,181,306,0,-5
9,30008,187,370,181,306,0,-5
9,30025,187,365,181,306,0,-5
9,30042,187,360,181,306,0,-5
9,30059,187,355,181,306,0,-5
9,30077,187,350,181,306,0,-5
9,30094,187,345,181,306,0,-5
9,30111,187,340,181,306,0,-5
9,30128,187,335,181,306,0,-5
9,30145,187,330,181,306,0,-5
10,32106,636,281,399,482,0,5
10,32123,636,286,399,482,0,5
10,32140,636,291,399,482,0,5
10,32156,636,296,399,482,0,5
10,32173,636,301,399,482,0,5
10,32190,636,306,399,482,0,5
10,32207,636,311,399,482,0,5
10,32224,636,316,399,482,0,5
10,32241,636,321,399,482,0,5
10,32258,636,326,399,482,0,5
10,32275,636,331,399,482,0,5
10,32293,636,336,399,482,0,5
10,32308,636,341,399,482,0,5
10,32325,636,346,399,482,0,5
10,32342,636,351,399,482,0,5
10,32359,636,356,399,482,0,5
10,32377,636,361,399,482,0,5
10,32393,636,366,399,482,0,5
10,32409,636,371,399,482,0,5
10,32426,636,376,399,482,0,5
10,32442,636,381,399,482,0,5
10,32459,636,386,399,482,0,5
10,32475,636,391,399,482,0,5
10,32492,636,396,399,482,0,5
10,32509,636,401,399,482,0,5
10,32526,636,406,399,482,0,5
10,32542,636,411,399,482,0,5
10,32558,636,416,399,482,0,5
10,32575,636,421,399,482,0,5
10,32592,636,426,399,482,0,5
10,32609,636,431,399,482,0,5
10,32627,636,436,399,482,0,5
10,32643,636,441,399,482,0,5
10,32660,636,446,399,482,0,5
10,32676,636,451,399,482,0,5
10,32693,636,456,399,482,0,5
10,32710,636,461,399,482,0,5
10,32726,636,466,399,482,0,5
10,32742,636,471,399,482,0,5
10,32759,636,476,399,482,0,5
10,32776,636,481,399,482,0,5
10,32793,631,481,399,482,-5,0
10,32810,626,481,399,482,-5,0
10,32827,621,481,399,482,-5,0
10,32844,616,481,399,482,-5,0
10,32860,611,481,399,482,-5,0
10,32878,606,481,399,482,-5,0
10,32893,601,481,399,482,-5,0
10,32910,596,481,399,482,-5,0
10,32927,591,481,399,482,-5,0
10,32944,586,481,399,482,-5,0
10,32961,581,481,399,482,-5,0
10,32978,576,481,399,482,-5,0
10,32995,571,481,399,482,-5,0
10,33012,566,481,399,482,-5,0
10,33029,561,481,399,482,-5,0
10,33045,556,481,399,482,-5,0
10,33062,551,481,399,482,-5,0
10,33079,546,481,399,482,-5,0
10,33096,541,481,399,482,-5,0
10,33113,536,481,399,482,-5,0
10,33130,531,481,399,482,-5,0
10,33147,526,486,399,482,-5,5
10,33164,521,491,399,482,-5,5
10,33181,516,496,399,482,-5,5
10,33198,511,496,399,482,-5,0
10,33215,506,496,399,482,-5,0
10,33232,501,496,399,482,-5,0
10,33249,496,496,399,482,-5,0
10,33265,491,496,399,482,-5,0
10,33282,486,496,399,482,-5,0
10,33299,481,496,399,482,-5,0
10,33316,476,496,399,482,-5,0
10,33333,471,496,399,482,-5,0
10,33350,466,496,399,482,-5,0
10,33367,461,496,399,482,-5,0
10,33384,456,496,399,482,-5,0
10,33401,451,496,399,482,-5,0
10,33418,446,496,399,482,-5,0
10,33435,441,496,399,482,-5,0
10,33451,436,496,399,482,-5,0
10,33468,431,496,399,482,-5,0
10,33485,426,496,399,482,-5,0
10,33502,421,496,399,482,-5,0
11,35086,564,33,721,435,0,5
11,35103,564,38,721,435,0,5
11,35120,564,43,721,435,0,5
11,35136,564,48,721,435,0,5
11,35152,564,53,721,435,0,5
11,35169,564,58,721,435,0,5
11,35186,564,63,721,435,0,5
11,35203,564,68,721,435,0,5
11,35219,564,73,721,435,0,5
11,35236,564,78,721,435,0,5
11,35252,564,83,721,435,0,5
11,35269,564,88,721,435,0,5
11,35286,564,93,721,435,0,5
11,35303,564,98,721,435,0,5
11,35319,564,103,721,435,0,5
11,35337,564,108,721,435,0,5
11,35354,564,113,721,435,0,5
11,35371,564,118,721,435,0,5
11,35388,564,123,721,435,0,5
11,35405,564,128,721,435,0,5
11,35422,564,133,721,435,0,5
11,35439,564,138,721,435,0,5
11,35456,564,143,721,435,0,5
11,35474,564,148,721,435,0,5
11,35491,564,153,721,435,0,5
11,35507,564,158,721,435,0,5
11,35525,564,163,721,435,0,5
11,35541,564,168,721,435,0,5
11,35558,564,173,721,435,0,5
11,35575,564,178,721,435,0,5
11,35592,564,183,721,435,0,5
11,35608,564,188,721,435,0,5
11,35625,564,193,721,435,0,5
11,35642,564,198,721,435,0,5
11,35659,564,203,721,435,0,5
11,35676,564,208,721,435,0,5
11,35693,564,213,721,435,0,5
11,35710,564,218,721,435,0,5
11,35727,564,223,721,435,0,5
11,35744,564,228,721,435,0,5
11,35761,564,233,721,435,0,5
11,35778,564,238,721,435,0,5
11,35795,564,243,721,435,0,5
11,35812,564,248,721,435,0,5
11,35829,564,253,721,435,0,5
11,35845,564,258,721,435,0,5
11,35861,564,263,721,435,0,5
11,35878,564,268,721,435,0,5
11,35895,564,273,721,435,0,5
11,35912,564,278,721,435,0,5
11,35929,564,283,721,435,0,5
11,35945,564,288,721,435,0,5
11,35962,564,293,721,435,0,5
11,35979,564,298,721,435,0,5
11,35995,564,303,721,435,0,5
11,36012,564,308,721,435,0,5
11,36029,564,313,721,435,0,5
11,36046,564,318,721,435,0,5
11,36063,564,323,721,435,0,5
11,36080,564,328,721,435,0,5
11,36097,564,333,721,435,0,5
11,36114,564,338,721,435,0,5
11,36131,564,343,721,435,0,5
11,36147,564,348,721,435,0,5
11,36164,564,353,721,435,0,5
11,36180,564,358,721,435,0,5
11,36197,564,363,721,435,0,5
11,36214,564,368,721,435,0,5
11,36231,564,373,721,435,0,5
11,36248,564,378,721,435,0,5
11,36265,564,383,721,435,0,5
11,36282,564,388,721,435,0,5
11,36299,564,393,721,435,0,5
11,36317,564,398,721,435,0,5
11,36334,564,403,721,435,0,5
11,36350,564,408,721,435,0,5
11,36366,564,413,721,435,0,5
11,36382,564,418,721,435,0,5
11,36399,564,423,721,435,0,5
11,36433,569,423,721,435,5,0
11,36450,574,423,721,435,5,0
11,36468,579,423,721,435,5,0
11,36486,584,423,721,435,5,0
11,36502,589,423,721,435,5,0
11,36519,594,423,721,435,5,0
11,36536,599,423,721,435,5,0
11,36553,604,423,721,435,5,0
11,36570,609,423,721,435,5,0
11,36587,614,423,721,435,5,0
11,36604,619,423,721,435,5,0
11,36620,624,423,721,435,5,0
11,36637,629,423,721,435,5,0
11,36654,634,423,721,435,5,0
11,36671,639,423,721,435,5,0
11,36688,644,423,721,435,5,0
11,36705,649,423,721,435,5,0
11,36722,654,423,721,435,5,0
11,36739,659,423,721,435,5,0
11,36756,664,428,721,435,5,5
11,36773,669,433,721,435,5,5
11,36790,669,438,721,435,0,5
11,36807,669,443,721,435,0,5
11,36824,669,448,721,435,0,5
11,36841,669,453,721,435,0,5
11,37161,674,453,721,435,5,0
11,37179,679,453,721,435,5,0
11,37196,684,453,721,435,5,0
11,37212,689,453,721,435,5,0
11,37229,694,453,721,435,5,0
11,37246,699,453,721,435,5,0
11,37262,704,453,721,435,5,0
11,37279,709,453,721,435,5,0
11,37495,714,453,721,435,5,0
11,37512,719,453,721,435,5,0
12,39110,170,249,95,205,-5,0
12,39126,165,249,95,205,-5,0
12,39143,160,249,95,205,-5,0
12,39160,155,249,95,205,-5,0
12,39177,150,249,95,205,-5,0
12,39193,145,249,95,205,-5,0
12,39210,140,249,95,205,-5,0
12,39227,135,249,95,205,-5,0
12,39243,130,249,95,205,-5,0
12,39260,125,249,95,205,-5,0
12,39277,120,249,95,205,-5,0
12,39294,115,249,95,205,-5,0
12,39414,115,244,95,205,0,-5
12,39431,115,239,95,205,0,-5
12,39448,115,234,95,205,0,-5
12,39465,115,229,95,205,0,-5
12,39482,115,224,95,205,0,-5
12,39499,115,219,95,205,0,-5
12,39516,115,214,95,205,0,-5
13,41229,13,109,565,25,5,0
13,41246,18,109,565,25,5,0
13,41263,23,109,565,25,5,0
13,41280,28,109,565,25,5,0
13,41297,33,109,565,25,5,0
13,41315,38,109,565,25,5,0
13,41331,43,109,565,25,5,0
13,41348,48,109,565,25,5,0
13,41365,53,109,565,25,5,0
13,41382,58,109,565,25,5,0
13,41399,63,109,565,25,5,0
13,41416,68,109,565,25,5,0
13,41433,73,109,565,25,5,0
13,41450,78,109,565,25,5,0
13,41466,83,109,565,25,5,0
13,41483,88,109,565,25,5,0
13,41499,93,109,565,25,5,0
13,41516,98,109,565,25,5,0
13,41533,103,109,565,25,5,0
13,41550,108,109,565,25,5,0
13,41566,113,109,565,25,5,0
13,41583,118,109,565,25,5,0
13,41600,123,109,565,25,5,0
13,41617,128,109,565,25,5,0
13,41634,133,109,565,25,5,0
13,41651,138,109,565,25,5,0
13,41668,143,109,565,25,5,0
13,41685,148,109,565,25,5,0
13,41701,153,109,565,25,5,0
13,41718,158,109,565,25,5,0
13,41734,163,109,565,25,5,0
13,41752,168,109,565,25,5,0
13,41769,173,109,565,25,5,0
13,41785,178,109,565,25,5,0
13,41801,183,109,565,25,5,0
13,41817,188,109,565,25,5,0
13,41834,193,109,565,25,5,0
13,41850,198,109,565,25,5,0
13,41867,203,109,565,25,5,0
13,41884,208,104,565,25,5,-5
13,41901,213,99,565,25,5,-5
13,41918,218,94,565,25,5,-5
13,41935,223,89,565,25,5,-5
13,41952,228,84,565,25,5,-5
13,41969,233,79,565,25,5,-5
13,41986,238,74,565,25,5,-5
13,42003,243,69,565,25,5,-5
13,42019,248,64,565,25,5,-5
13,42035,253,59,565,25,5,-5
13,42051,258,54,565,25,5,-5
13,42068,263,49,565,25,5,-5
13,42084,268,49,565,25,5,0
13,42100,273,49,565,25,5,0
13,42117,278,49,565,25,5,0
13,42133,283,49,565,25,5,0
13,42150,288,49,565,25,5,0
13,42167,293,49,565,25,5,0
13,42183,298,49,565,25,5,0
13,42199,303,49,565,25,5,0
13,42216,308,49,565,25,5,0
13,42233,313,49,565,25,5,0
13,42250,318,49,565,25,5,0
13,42266,323,49,565,25,5,0
13,42283,328,49,565,25,5,0
13,42299,333,49,565,25,5,0
13,42315,338,49,565,25,5,0
13,42332,343,49,565,25,5,0
13,42348,348,49,565,25,5,0
13,42364,353,49,565,25,5,0
13,42381,358,49,565,25,5,0
13,42398,363,49,565,25,5,0
13,42416,368,49,565,25,5,0
13,42433,373,44,565,25,5,-5
13,42450,378,39,565,25,5,-5
13,42467,383,34,565,25,5,-5
13,42484,388,29,565,25,5,-5
13,42501,393,29,565,25,5,0
13,42518,398,29,565,25,5,0
13,42535,403,29,565,25,5,0
13,42551,408,29,565,25,5,0
13,42568,413,29,565,25,5,0
13,42585,418,29,565,25,5,0
13,42602,423,29,565,25,5,0
13,42618,428,29,565,25,5,0
13,42634,433,29,565,25,5,0
13,42651,438,29,565,25,5,0
13,42668,443,29,565,25,5,0
13,42685,448,29,565,25,5,0
13,42701,453,29,565,25,5,0
13,42718,458,29,565,25,5,0
13,42735,463,29,565,25,5,0
13,42752,468,29,565,25,5,0
13,42768,473,29,565,25,5,0
13,42785,478,29,565,25,5,0
13,42802,483,29,565,25,5,0
13,42819,488,29,565,25,5,0
13,42836,493,29,565,25,5,0
13,42854,498,29,565,25,5,0
13,42871,503,29,565,25,5,0
13,42888,508,29,565,25,5,0
13,42905,513,29,565,25,5,0
13,42921,518,29,565,25,5,0
13,42938,523,29,565,25,5,0
13,42954,528,29,565,25,5,0
13,42971,533,29,565,25,5,0
13,42987,538,29,565,25,5,0
13,43004,543,29,565,25,5,0
13,43021,548,29,565,25,5,0
13,43038,553,29,565,25,5,0
13,43055,558,29,565,25,5,0
13,43072,563,29,565,25,5,0
14,44654,432,309,607,482,0,5
14,44671,432,314,607,482,0,5
14,44688,432,319,607,482,0,5
14,44705,432,324,607,482,0,5
14,44723,432,329,607,482,0,5
14,44740,432,334,607,482,0,5
14,44757,432,339,607,482,0,5
14,44774,432,344,607,482,0,5
14,44791,432,349,607,482,0,5
14,44808,432,354,607,482,0,5
14,44825,432,359,607,482,0,5
14,44842,432,364,607,482,0,5
14,44859,432,369,607,482,0,5
14,44876,432,374,607,482,0,5
14,44893,432,379,607,482,0,5
14,44910,432,384,607,482,0,5
14,44927,432,389,607,482,0,5
14,44944,432,394,607,482,0,5
14,44961,432,399,607,482,0,5
14,44978,432,404,607,482,0,5
14,44995,432,409,607,482,0,5
14,45012,432,414,607,482,0,5
14,45029,432,419,607,482,0,5
14,45046,432,424,607,482,0,5
14,45063,432,429,607,482,0,5
14,45080,432,434,607,482,0,5
14,45097,432,439,607,482,0,5
14,45114,432,444,607,482,0,5
14,45131,432,449,607,482,0,5
14,45148,432,454,607,482,0,5
14,45165,432,459,607,482,0,5
14,45182,432,464,607,482,0,5
14,45233,437,464,607,482,5,0
14,45250,442,464,607,482,5,0
14,45268,447,464,607,482,5,0
14,45284,452,464,607,482,5,0
14,45301,457,464,607,482,5,0
14,45318,462,464,607,482,5,0
14,45335,467,464,607,482,5,0
14,45352,472,464,607,482,5,0
14,45369,477,464,607,482,5,0
14,45386,482,464,607,482,5,0
14,45403,487,464,607,482,5,0
14,45420,492,464,607,482,5,0
14,45437,497,464,607,482,5,0
14,45454,502,464,607,482,5,0
14,45471,507,464,607,482,5,0
14,45489,512,464,607,482,5,0
14,45506,517,464,607,482,5,0
14,45523,522,464,607,482,5,0
14,45540,527,464,607,482,5,0
14,45557,532,469,607,482,5,5
14,45573,537,474,607,482,5,5
14,45590,542,479,607,482,5,5
14,45607,547,479,607,482,5,0
14,45623,552,479,607,482,5,0
14,45640,557,479,607,482,5,0
14,45657,562,479,607,482,5,0
14,45674,567,479,607,482,5,0
14,45691,572,479,607,482,5,0
14,45708,577,479,607,482,5,0
14,45725,582,479,607,482,5,0
14,45741,587,479,607,482,5,0
14,45758,592,479,607,482,5,0
14,45775,597,479,607,482,5,0
14,45792,602,479,607,482,5,0
14,45809,607,479,607,482,5,0
14,45826,612,479,607,482,5,0
14,45843,617,479,607,482,5,0
14,45860,622,479,607,482,5,0
14,45877,627,479,607,482,5,0
14,45894,632,479,607,482,5,0
14,45911,637,479,607,482,5,0
14,45928,642,479,607,482,5,0
14,45945,647,479,607,482,5,0
14,45962,652,479,607,482,5,0
14,45979,657,479,607,482,5,0
14,45996,662,479,607,482,5,0
14,46012,667,479,607,482,5,0
14,46114,667,484,607,482,0,5
14,46131,667,489,607,482,0,5
14,46148,667,494,607,482,0,5
14,46268,662,494,607,482,-5,0
14,46284,657,494,607,482,-5,0
14,46301,652,494,607,482,-5,0
14,46318,647,494,607,482,-5,0
14,46335,642,494,607,482,-5,0
14,46352,637,494,607,482,-5,0
14,46570,632,494,607,482,-5,0
14,46587,627,494,607,482,-5,0
15,48201,179,169,318,303,0,5
15,48218,179,174,318,303,0,5
15,48234,179,179,318,303,0,5
15,48250,179,184,318,303,0,5
15,48266,179,189,318,303,0,5
15,48283,179,194,318,303,0,5
15,48300,179,199,318,303,0,5
15,48317,179,204,318,303,0,5
15,48334,179,209,318,303,0,5
15,48350,179,214,318,303,0,5
15,48367,179,219,318,303,0,5
15,48384,179,224,318,303,0,5
15,48401,179,229,318,303,0,5
15,48417,179,234,318,303,0,5
15,48434,179,239,318,303,0,5
15,48451,179,244,318,303,0,5
15,48467,179,249,318,303,0,5
15,48484,179,254,318,303,0,5
15,48501,179,259,318,303,0,5
15,48519,179,264,318,303,0,5
15,48536,179,269,318,303,0,5
15,48553,179,274,318,303,0,5
15,48570,179,279,318,303,0,5
15,48587,179,284,318,303,0,5
15,48604,179,289,318,303,0,5
15,48620,179,294,318,303,0,5
15,48704,184,294,318,303,5,0
15,48720,189,294,318,303,5,0
15,48737,194,294,318,303,5,0
15,48754,199,294,318,303,5,0
15,48770,204,294,318,303,5,0
15,48786,209,294,318,303,5,0
15,48803,214,294,318,303,5,0
15,48820,219,294,318,303,5,0
15,48837,224,294,318,303,5,0
15,48854,229,294,318,303,5,0
15,48871,234,294,318,303,5,0
15,48888,239,294,318,303,5,0
15,48905,244,294,318,303,5,0
15,48922,249,294,318,303,5,0
15,48939,254,299,318,303,5,5
15,48956,259,304,318,303,5,5
15,48973,264,309,318,303,5,5
15,48990,269,314,318,303,5,5
15,49007,274,319,318,303,5,5
15,49023,279,324,318,303,5,5
15,49039,284,329,318,303,5,5
15,49056,289,329,318,303,5,0
15,49073,294,329,318,303,5,0
15,49090,299,329,318,303,5,0
15,49106,304,329,318,303,5,0
15,49123,309,329,318,303,5,0
15,49140,314,329,318,303,5,0
15,49157,319,329,318,303,5,0
15,49174,324,329,318,303,5,0
15,49192,329,329,318,303,5,0
15,49395,329,324,318,303,0,-5
16,51225,532,522,154,410,-5,0
16,51241,527,522,154,410,-5,0
16,51258,522,522,154,410,-5,0
16,51275,517,522,154,410,-5,0
16,51291,512,522,154,410,-5,0
16,51308,507,522,154,410,-5,0
16,51324,502,522,154,410,-5,0
16,51341,497,522,154,410,-5,0
16,51358,492,522,154,410,-5,0
16,51375,487,522,154,410,-5,0
16,51392,482,522,154,410,-5,0
16,51409,477,522,154,410,-5,0
16,51426,472,522,154,410,-5,0
16,51443,467,522,154,410,-5,0
16,51460,462,522,154,410,-5,0
16,51477,457,522,154,410,-5,0
16,51494,452,522,154,410,-5,0
16,51511,447,522,154,410,-5,0
16,51528,442,522,154,410,-5,0
16,51544,437,522,154,410,-5,0
16,51561,432,522,154,410,-5,0
16,51578,427,522,154,410,-5,0
16,51595,422,522,154,410,-5,0
16,51612,417,522,154,410,-5,0
16,51630,412,522,154,410,-5,0
16,51647,407,522,154,410,-5,0
16,51664,402,522,154,410,-5,0
16,51681,397,522,154,410,-5,0
16,51697,392,522,154,410,-5,0
16,51714,387,522,154,410,-5,0
16,51732,382,522,154,410,-5,0
16,51749,377,522,154,410,-5,0
16,51767,372,522,154,410,-5,0
16,51785,367,522,154,410,-5,0
16,51802,362,522,154,410,-5,0
16,51819,357,522,154,410,-5,0
16,51836,352,522,154,410,-5,0
16,51853,347,522,154,410,-5,0
16,51870,342,522,154,410,-5,0
16,51887,337,522,154,410,-5,0
16,51904,332,522,154,410,-5,0
16,51920,327,522,154,410,-5,0
16,51937,322,522,154,410,-5,0
16,51954,317,522,154,410,-5,0
16,51971,312,522,154,410,-5,0
16,51988,307,522,154,410,-5,0
16,52004,302,522,154,410,-5,0
16,52021,297,522,154,410,-5,0
16,52038,292,522,154,410,-5,0
16,52055,287,522,154,410,-5,0
16,52072,282,522,154,410,-5,0
16,52088,277,522,154,410,-5,0
16,52106,272,522,154,410,-5,0
16,52123,267,522,154,410,-5,0
16,52139,262,522,154,410,-5,0
16,52156,257,522,154,410,-5,0
16,52173,252,522,154,410,-5,0
16,52190,247,522,154,410,-5,0
16,52207,242,522,154,410,-5,0
16,52224,237,522,154,410,-5,0
16,52241,232,522,154,410,-5,0
16,52258,227,522,154,410,-5,0
16,52275,222,522,154,410,-5,0
16,52292,217,522,154,410,-5,0
16,52308,212,522,154,410,-5,0
16,52325,207,522,154,410,-5,0
16,52342,202,522,154,410,-5,0
16,52359,197,522,154,410,-5,0
16,52376,192,522,154,410,-5,0
16,52394,187,517,154,410,-5,-5
16,52411,182,512,154,410,-5,-5
16,52427,177,507,154,410,-5,-5
16,52443,172,502,154,410,-5,-5
16,52460,167,497,154,410,-5,-5
16,52477,162,492,154,410,-5,-5
16,52494,157,487,154,410,-5,-5
16,52511,157,482,154,410,0,-5
16,52528,157,477,154,410,0,-5
16,52546,157,472,154,410,0,-5
16,52563,157,467,154,410,0,-5
16,52580,157,462,154,410,0,-5
16,52597,157,457,154,410,0,-5
16,52614,157,452,154,410,0,-5
16,52631,157,447,154,410,0,-5
16,52648,157,442,154,410,0,-5
16,52665,157,437,154,410,0,-5
16,52869,157,432,154,410,0,-5
17,54941,653,404,540,145,0,-5
17,54958,653,399,540,145,0,-5
17,54975,653,394,540,145,0,-5
17,54992,653,389,540,145,0,-5
17,55009,653,384,540,145,0,-5
17,55026,653,379,540,145,0,-5
17,55043,653,374,540,145,0,-5
17,55060,653,369,540,145,0,-5
17,55077,653,364,540,145,0,-5
17,55094,653,359,540,145,0,-5
17,55111,653,354,540,145,0,-5
17,55127,653,349,540,145,0,-5
17,55144,653,344,540,145,0,-5
17,55161,653,339,540,145,0,-5
17,55178,648,334,540,145,-5,-5
17,55194,643,329,540,145,-5,-5
17,55210,638,324,540,145,-5,-5
17,55227,633,319,540,145,-5,-5
17,55243,628,314,540,145,-5,-5
17,55260,623,309,540,145,-5,-5
17,55277,618,304,540,145,-5,-5
17,55294,613,299,540,145,-5,-5
17,55311,608,294,540,145,-5,-5
17,55328,603,289,540,145,-5,-5
17,55344,598,284,540,145,-5,-5
17,55361,593,279,540,145,-5,-5
17,55379,588,274,540,145,-5,-5
17,55395,583,269,540,145,-5,-5
17,55412,578,264,540,145,-5,-5
17,55429,573,259,540,145,-5,-5
17,55446,568,254,540,145,-5,-5
17,55463,563,249,540,145,-5,-5
17,55480,558,244,540,145,-5,-5
17,55497,553,239,540,145,-5,-5
17,55514,553,234,540,145,0,-5
17,55531,553,229,540,145,0,-5
17,55548,553,224,540,145,0,-5
17,55565,553,219,540,145,0,-5
17,55582,553,214,540,145,0,-5
17,55598,553,209,540,145,0,-5
17,55614,553,204,540,145,0,-5
17,55631,553,199,540,145,0,-5
17,55648,553,194,540,145,0,-5
17,55665,553,189,540,145,0,-5
17,55681,553,184,540,145,0,-5
17,55698,553,179,540,145,0,-5
17,55714,553,174,540,145,0,-5
17,55731,553,169,540,145,0,-5
18,57380,508,365,516,449,0,5
18,57397,508,370,516,449,0,5
18,57414,508,375,516,449,0,5
18,57431,508,380,516,449,0,5
18,57448,508,385,516,449,0,5
18,57465,508,390,516,449,0,5
18,57482,508,395,516,449,0,5
18,57498,508,400,516,449,0,5
18,57515,508,405,516,449,0,5
18,57531,508,410,516,449,0,5
18,57547,508,415,516,449,0,5
18,57564,508,420,516,449,0,5
18,57581,508,425,516,449,0,5
18,57599,508,430,516,449,0,5
18,57616,508,435,516,449,0,5
18,57633,508,440,516,449,0,5
18,57650,508,445,516,449,0,5
18,57667,508,450,516,449,0,5
18,57685,508,455,516,449,0,5
18,57702,508,460,516,449,0,5
18,57719,508,465,516,449,0,5
18,57736,513,470,516,449,5,5
18,57753,518,475,516,449,5,5
18,57770,523,480,516,449,5,5
18,57787,528,480,516,449,5,0
18,58175,528,475,516,449,0,-5
18,58192,528,470,516,449,0,-5
19,59767,745,537,358,45,-5,0
19,59784,740,537,358,45,-5,0
19,59801,735,537,358,45,-5,0
19,59818,730,537,358,45,-5,0
19,59835,725,537,358,45,-5,0
19,59852,720,537,358,45,-5,0
19,59869,715,537,358,45,-5,0
19,59885,710,537,358,45,-5,0
19,59902,705,537,358,45,-5,0
19,59919,700,537,358,45,-5,0
19,59936,695,537,358,45,-5,0
19,59953,690,537,358,45,-5,0
19,59970,685,537,358,45,-5,0
19,59987,680,537,358,45,-5,0
19,60004,675,537,358,45,-5,0
19,60021,670,537,358,45,-5,0
19,60038,665,537,358,45,-5,0
19,60055,660,537,358,45,-5,0
19,60072,655,537,358,45,-5,0
19,60089,650,537,358,45,-5,0
19,60106,645,532,358,45,-5,-5
19,60123,640,527,358,45,-5,-5
19,60140,635,522,358,45,-5,-5
19,60157,630,517,358,45,-5,-5
19,60175,625,512,358,45,-5,-5
19,60191,620,507,358,45,-5,-5
19,60208,615,502,358,45,-5,-5
19,60225,610,497,358,45,-5,-5
19,60242,605,492,358,45,-5,-5
19,60259,600,487,358,45,-5,-5
19,60276,595,482,358,45,-5,-5
19,60293,590,477,358,45,-5,-5
19,60309,585,472,358,45,-5,-5
19,60325,580,467,358,45,-5,-5
19,60341,575,462,358,45,-5,-5
19,60357,570,457,358,45,-5,-5
19,60374,565,452,358,45,-5,-5
19,60391,560,447,358,45,-5,-5
19,60408,555,442,358,45,-5,-5
19,60425,550,437,358,45,-5,-5
19,60442,545,432,358,45,-5,-5
19,60459,540,427,358,45,-5,-5
19,60476,535,422,358,45,-5,-5
19,60493,530,417,358,45,-5,-5
19,60510,525,412,358,45,-5,-5
19,60527,520,407,358,45,-5,-5
19,60544,515,402,358,45,-5,-5
19,60561,510,397,358,45,-5,-5
19,60578,505,392,358,45,-5,-5
19,60595,500,387,358,45,-5,-5
19,60612,495,382,358,45,-5,-5
19,60629,490,377,358,45,-5,-5
19,60645,485,372,358,45,-5,-5
19,60662,480,367,358,45,-5,-5
19,60679,475,362,358,45,-5,-5
19,60696,470,357,358,45,-5,-5
19,60713,465,352,358,45,-5,-5
19,60729,460,347,358,45,-5,-5
19,60746,455,342,358,45,-5,-5
19,60763,450,337,358,45,-5,-5
19,60780,445,332,358,45,-5,-5
19,60797,440,327,358,45,-5,-5
19,60814,435,322,358,45,-5,-5
19,60831,430,317,358,45,-5,-5
19,60848,425,312,358,45,-5,-5
19,60865,420,307,358,45,-5,-5
19,60882,415,302,358,45,-5,-5
19,60898,410,297,358,45,-5,-5
19,60915,405,292,358,45,-5,-5
19,60932,405,287,358,45,0,-5
19,60948,405,282,358,45,0,-5
19,60965,405,277,358,45,0,-5
19,60982,405,272,358,45,0,-5
19,60999,405,267,358,45,0,-5
19,61016,405,262,358,45,0,-5
19,61033,405,257,358,45,0,-5
19,61050,405,252,358,45,0,-5
19,61067,405,247,358,45,0,-5
19,61084,405,242,358,45,0,-5
19,61100,405,237,358,45,0,-5
19,61117,405,232,358,45,0,-5
19,61135,405,227,358,45,0,-5
19,61152,405,222,358,45,0,-5
19,61169,405,217,358,45,0,-5
19,61186,405,212,358,45,0,-5
19,61203,400,207,358,45,-5,-5
19,61220,395,202,358,45,-5,-5
19,61237,390,197,358,45,-5,-5
19,61253,385,192,358,45,-5,-5
19,61270,380,187,358,45,-5,-5
19,61287,375,182,358,45,-5,-5
19,61304,375,177,358,45,0,-5
19,61321,375,172,358,45,0,-5
19,61338,375,167,358,45,0,-5
19,61354,375,162,358,45,0,-5
19,61370,375,157,358,45,0,-5
19,61387,375,152,358,45,0,-5
19,61404,375,147,358,45,0,-5
19,61421,375,142,358,45,0,-5
19,61438,375,137,358,45,0,-5
19,61454,375,132,358,45,0,-5
19,61470,375,127,358,45,0,-5
19,61486,375,122,358,45,0,-5
19,61502,375,117,358,45,0,-5
19,61519,375,112,358,45,0,-5
19,61536,375,107,358,45,0,-5
19,61552,375,102,358,45,0,-5
19,61569,375,97,358,45,0,-5
19,61586,375,92,358,45,0,-5
19,61603,375,87,358,45,0,-5
19,61620,375,82,358,45,0,-5
19,61637,375,77,358,45,0,-5
19,61654,375,72,358,45,0,-5
19,61671,375,67,358,45,0,-5
20,63273,237,490,162,94,0,-5
20,63289,237,485,162,94,0,-5
20,63305,237,480,162,94,0,-5
20,63322,237,475,162,94,0,-5
20,63339,237,470,162,94,0,-5
20,63355,237,465,162,94,0,-5
20,63372,237,460,162,94,0,-5
20,63389,237,455,162,94,0,-5
20,63405,237,450,162,94,0,-5
20,63421,237,445,162,94,0,-5
20,63438,237,440,162,94,0,-5
20,63455,237,435,162,94,0,-5
20,63472,237,430,162,94,0,-5
20,63489,237,425,162,94,0,-5
20,63506,237,420,162,94,0,-5
20,63523,232,415,162,94,-5,-5
20,63540,227,410,162,94,-5,-5
20,63557,222,405,162,94,-5,-5
20,63574,217,400,162,94,-5,-5
20,63591,212,395,162,94,-5,-5
20,63608,207,390,162,94,-5,-5
20,63625,202,385,162,94,-5,-5
20,63642,197,380,162,94,-5,-5
20,63659,192,375,162,94,-5,-5
20,63677,187,370,162,94,-5,-5
20,63694,182,365,162,94,-5,-5
20,63712,177,360,162,94,-5,-5
20,63729,172,355,162,94,-5,-5
20,63746,167,350,162,94,-5,-5
20,63762,162,345,162,94,-5,-5
20,63779,157,340,162,94,-5,-5
20,63795,157,335,162,94,0,-5
20,63812,157,330,162,94,0,-5
20,63828,157,325,162,94,0,-5
20,63844,157,320,162,94,0,-5
20,63861,157,315,162,94,0,-5
20,63878,157,310,162,94,0,-5
20,63895,157,305,162,94,0,-5
20,63912,157,300,162,94,0,-5
20,63929,157,295,162,94,0,-5
20,63946,157,290,162,94,0,-5
20,63963,157,285,162,94,0,-5
20,63979,157,280,162,94,0,-5
20,63995,157,275,162,94,0,-5
20,64012,157,270,162,94,0,-5
20,64029,157,265,162,94,0,-5
20,64045,157,260,162,94,0,-5
20,64062,157,255,162,94,0,-5
20,64079,157,250,162,94,0,-5
20,64096,157,245,162,94,0,-5
20,64112,157,240,162,94,0,-5
20,64129,157,235,162,94,0,-5
20,64146,157,230,162,94,0,-5
20,64163,157,225,162,94,0,-5
20,64180,157,220,162,94,0,-5
20,64196,157,215,162,94,0,-5
20,64213,157,210,162,94,0,-5
20,64230,157,205,162,94,0,-5
20,64246,157,200,162,94,0,-5
20,64263,157,195,162,94,0,-5
20,64280,157,190,162,94,0,-5
20,64297,157,185,162,94,0,-5
20,64313,157,180,162,94,0,-5
20,64330,157,175,162,94,0,-5
20,64347,157,170,162,94,0,-5
20,64364,157,165,162,94,0,-5
20,64381,157,160,162,94,0,-5
20,64398,157,155,162,94,0,-5
20,64415,162,150,162,94,5,-5
20,64432,167,145,162,94,5,-5
20,64449,172,140,162,94,5,-5
20,64465,177,135,162,94,5,-5
20,64482,182,130,162,94,5,-5
20,64498,187,125,162,94,5,-5
20,64515,187,120,162,94,0,-5
20,64532,187,115,162,94,0,-5
20,64549,187,110,162,94,0,-5
20,64566,187,105,162,94,0,-5
20,64583,187,100,162,94,0,-5
20,64600,187,95,162,94,0,-5
20,64616,187,90,162,94,0,-5
20,64633,187,85,162,94,0,-5
20,64650,187,80,162,94,0,-5
20,64667,187,75,162,94,0,-5
20,64683,187,70,162,94,0,-5
20,64854,182,70,162,94,-5,0
20,64871,177,70,162,94,-5,0
20,64888,172,70,162,94,-5,0
20,65176,172,75,162,94,0,5
20,65193,172,80,162,94,0,5
20,65210,172,85,162,94,0,5
20,65227,172,90,162,94,0,5
21,66873,454,403,492,326,5,0
21,66889,459,403,492,326,5,0
21,66906,464,403,492,326,5,0
21,66923,469,403,492,326,5,0
21,66940,474,403,492,326,5,0
21,66957,479,403,492,326,5,0
21,66974,484,403,492,326,5,0
21,66991,489,403,492,326,5,0
21,67008,494,403,492,326,5,0
21,67025,499,403,492,326,5,0
21,67041,504,403,492,326,5,0
21,67142,504,398,492,326,0,-5
21,67159,504,393,492,326,0,-5
21,67176,504,388,492,326,0,-5
21,67192,504,383,492,326,0,-5
21,67208,504,378,492,326,0,-5
21,67225,504,373,492,326,0,-5
21,67242,504,368,492,326,0,-5
21,67259,504,363,492,326,0,-5
21,67276,504,358,492,326,0,-5
21,67293,504,353,492,326,0,-5
21,67309,504,348,492,326,0,-5
22,68909,283,304,441,400,0,5
22,68925,283,309,441,400,0,5
22,68942,283,314,441,400,0,5
22,68960,283,319,441,400,0,5
22,68975,283,324,441,400,0,5
22,68992,283,329,441,400,0,5
22,69008,283,334,441,400,0,5
22,69025,283,339,441,400,0,5
22,69041,283,344,441,400,0,5
22,69058,283,349,441,400,0,5
22,69075,283,354,441,400,0,5
22,69092,283,359,441,400,0,5
22,69108,283,364,441,400,0,5
22,69125,283,369,441,400,0,5
22,69141,283,374,441,400,0,5
22,69158,283,379,441,400,0,5
22,69175,283,384,441,400,0,5
22,69192,283,389,441,400,0,5
22,69259,288,389,441,400,5,0
22,69276,293,389,441,400,5,0
22,69293,298,389,441,400,5,0
22,69310,303,389,441,400,5,0
22,69327,308,389,441,400,5,0
22,69344,313,389,441,400,5,0
22,69361,318,389,441,400,5,0
22,69378,323,389,441,400,5,0
22,69395,328,389,441,400,5,0
22,69412,333,389,441,400,5,0
22,69429,338,389,441,400,5,0
22,69445,343,389,441,400,5,0
22,69462,348,389,441,400,5,0
22,69479,353,389,441,400,5,0
22,69496,358,389,441,400,5,0
22,69513,363,389,441,400,5,0
22,69530,368,389,441,400,5,0
22,69547,373,394,441,400,5,5
22,69564,378,399,441,400,5,5
22,69581,383,404,441,400,5,5
22,69597,388,409,441,400,5,5
22,69614,393,414,441,400,5,5
22,69631,398,419,441,400,5,5
22,69648,403,419,441,400,5,0
22,69664,408,419,441,400,5,0
22,69681,413,419,441,400,5,0
22,69698,418,419,441,400,5,0
22,69715,423,419,441,400,5,0
22,69732,428,419,441,400,5,0
22,69749,433,419,441,400,5,0
22,69766,438,419,441,400,5,0
23,71510,626,374,624,215,5,0
23,71527,631,374,624,215,5,0
23,71544,636,374,624,215,5,0
23,71713,636,369,624,215,0,-5
23,71730,636,364,624,215,0,-5
23,71746,636,359,624,215,0,-5
23,71762,636,354,624,215,0,-5
23,71779,636,349,624,215,0,-5
23,71796,636,344,624,215,0,-5
23,71813,636,339,624,215,0,-5
23,71830,636,334,624,215,0,-5
23,71847,636,329,624,215,0,-5
23,71864,636,324,624,215,0,-5
23,71881,636,319,624,215,0,-5
23,71898,636,314,624,215,0,-5
23,71915,636,309,624,215,0,-5
23,71931,636,304,624,215,0,-5
23,71948,636,299,624,215,0,-5
23,71965,636,294,624,215,0,-5
23,71982,636,289,624,215,0,-5
23,71999,636,284,624,215,0,-5
23,72016,636,279,624,215,0,-5
23,72033,636,274,624,215,0,-5
23,72049,636,269,624,215,0,-5
23,72067,636,264,624,215,0,-5
23,72083,636,259,624,215,0,-5
23,72100,636,254,624,215,0,-5
23,72116,636,249,624,215,0,-5
23,72133,636,244,624,215,0,-5
23,72150,636,239,624,215,0,-5
24,73983,92,348,625,98,0,-5
24,73999,92,343,625,98,0,-5
24,74016,92,338,625,98,0,-5
24,74033,92,333,625,98,0,-5
24,74050,92,328,625,98,0,-5
24,74066,92,323,625,98,0,-5
24,74083,92,318,625,98,0,-5
24,74100,92,313,625,98,0,-5
24,74117,92,308,625,98,0,-5
24,74134,92,303,625,98,0,-5
24,74151,92,298,625,98,0,-5
24,74168,92,293,625,98,0,-5
24,74185,92,288,625,98,0,-5
24,74202,92,283,625,98,0,-5
24,74219,92,278,625,98,0,-5
24,74236,92,273,625,98,0,-5
24,74253,92,268,625,98,0,-5
24,74270,92,263,625,98,0,-5
24,74286,92,258,625,98,0,-5
24,74303,92,253,625,98,0,-5
24,74319,92,248,625,98,0,-5
24,74335,92,243,625,98,0,-5
24,74352,92,238,625,98,0,-5
24,74369,92,233,625,98,0,-5
24,74386,92,228,625,98,0,-5
24,74403,92,223,625,98,0,-5
24,74420,92,218,625,98,0,-5
24,74437,92,213,625,98,0,-5
24,74454,92,208,625,98,0,-5
24,74470,92,203,625,98,0,-5
24,74489,92,198,625,98,0,-5
24,74506,92,193,625,98,0,-5
24,74523,92,188,625,98,0,-5
24,74540,92,183,625,98,0,-5
24,74556,92,178,625,98,0,-5
24,74573,92,173,625,98,0,-5
24,74590,92,168,625,98,0,-5
24,74607,92,163,625,98,0,-5
24,74623,92,158,625,98,0,-5
24,74640,92,153,625,98,0,-5
24,74657,92,148,625,98,0,-5
24,74674,92,143,625,98,0,-5
24,74691,92,138,625,98,0,-5
24,74708,92,133,625,98,0,-5
24,74725,97,128,625,98,5,-5
24,74742,102,128,625,98,5,0
24,74759,107,128,625,98,5,0
24,74776,112,128,625,98,5,0
24,74793,117,128,625,98,5,0
24,74810,122,128,625,98,5,0
24,74827,127,128,625,98,5,0
24,74844,132,128,625,98,5,0
24,74861,137,128,625,98,5,0
24,74879,142,128,625,98,5,0
24,74896,147,128,625,98,5,0
24,74913,152,128,625,98,5,0
24,74930,157,128,625,98,5,0
24,74947,162,128,625,98,5,0
24,74964,167,128,625,98,5,0
24,74981,172,128,625,98,5,0
24,74998,177,128,625,98,5,0
24,75015,182,128,625,98,5,0
24,75032,187,128,625,98,5,0
24,75049,192,128,625,98,5,0
24,75066,197,128,625,98,5,0
24,75083,202,128,625,98,5,0
24,75100,207,128,625,98,5,0
24,75117,212,128,625,98,5,0
24,75134,217,128,625,98,5,0
24,75151,222,128,625,98,5,0
24,75168,227,128,625,98,5,0
24,75185,232,128,625,98,5,0
24,75202,237,128,625,98,5,0
24,75219,242,128,625,98,5,0
24,75236,247,128,625,98,5,0
24,75253,252,123,625,98,5,-5
24,75269,257,118,625,98,5,-5
24,75286,262,113,625,98,5,-5
24,75303,267,108,625,98,5,-5
24,75320,272,103,625,98,5,-5
24,75336,277,98,625,98,5,-5
24,75353,282,93,625,98,5,-5
24,75370,287,88,625,98,5,-5
24,75387,292,88,625,98,5,0
24,75405,297,88,625,98,5,0
24,75422,302,88,625,98,5,0
24,75439,307,88,625,98,5,0
24,75456,312,88,625,98,5,0
24,75473,317,88,625,98,5,0
24,75489,322,88,625,98,5,0
24,75506,327,88,625,98,5,0
24,75524,332,88,625,98,5,0
24,75541,337,88,625,98,5,0
24,75558,342,88,625,98,5,0
24,75575,347,88,625,98,5,0
24,75591,352,88,625,98,5,0
24,75608,357,88,625,98,5,0
24,75625,362,88,625,98,5,0
24,75642,367,88,625,98,5,0
24,75658,372,88,625,98,5,0
24,75675,377,88,625,98,5,0
24,75692,382,88,625,98,5,0
24,75709,387,88,625,98,5,0
24,75726,392,88,625,98,5,0
24,75743,397,88,625,98,5,0
24,75760,402,88,625,98,5,0
24,75777,407,88,625,98,5,0
24,75794,412,88,625,98,5,0
24,75811,417,88,625,98,5,0
24,75828,422,88,625,98,5,0
24,75845,427,88,625,98,5,0
24,75862,432,88,625,98,5,0
24,75879,437,88,625,98,5,0
24,75896,442,88,625,98,5,0
24,75913,447,88,625,98,5,0
24,75931,452,88,625,98,5,0
24,75948,457,88,625,98,5,0
24,75965,462,93,625,98,5,5
24,75982,467,98,625,98,5,5
24,75999,472,103,625,98,5,5
24,76016,477,108,625,98,5,5
24,76033,482,108,625,98,5,0
24,76049,487,108,625,98,5,0
24,76066,492,108,625,98,5,0
24,76083,497,108,625,98,5,0
24,76100,502,108,625,98,5,0
24,76116,507,108,625,98,5,0
24,76133,512,108,625,98,5,0
24,76150,517,108,625,98,5,0
24,76167,522,108,625,98,5,0
24,76184,527,108,625,98,5,0
24,76201,532,108,625,98,5,0
24,76217,537,108,625,98,5,0
24,76233,542,108,625,98,5,0
24,76250,547,108,625,98,5,0
24,76266,552,108,625,98,5,0
24,76283,557,108,625,98,5,0
24,76299,562,108,625,98,5,0
24,76315,567,108,625,98,5,0
24,76331,572,108,625,98,5,0
24,76347,577,108,625,98,5,0
24,76364,582,108,625,98,5,0
24,76381,587,108,625,98,5,0
24,76398,592,108,625,98,5,0
24,76415,597,108,625,98,5,0
24,76432,602,108,625,98,5,0
24,76449,607,108,625,98,5,0
24,76466,612,108,625,98,5,0
24,76483,617,108,625,98,5,0
24,76501,622,108,625,98,5,0
25,78042,562,410,191,60,-5,0
25,78059,557,410,191,60,-5,0
25,78076,552,410,191,60,-5,0
25,78093,547,410,191,60,-5,0
25,78110,542,410,191,60,-5,0
25,78127,537,410,191,60,-5,0
25,78144,532,410,191,60,-5,0
25,78161,527,410,191,60,-5,0
25,78178,522,410,191,60,-5,0
25,78195,517,410,191,60,-5,0
25,78213,512,410,191,60,-5,0
25,78229,507,410,191,60,-5,0
25,78246,502,410,191,60,-5,0
25,78263,497,410,191,60,-5,0
25,78280,492,410,191,60,-5,0
25,78297,487,410,191,60,-5,0
25,78314,482,410,191,60,-5,0
25,78330,477,410,191,60,-5,0
25,78346,472,410,191,60,-5,0
25,78362,467,410,191,60,-5,0
25,78379,462,410,191,60,-5,0
25,78396,457,410,191,60,-5,0
25,78413,452,410,191,60,-5,0
25,78429,447,410,191,60,-5,0
25,78445,442,410,191,60,-5,0
25,78461,437,410,191,60,-5,0
25,78478,432,410,191,60,-5,0
25,78495,427,410,191,60,-5,0
25,78512,422,410,191,60,-5,0
25,78529,417,410,191,60,-5,0
25,78546,412,410,191,60,-5,0
25,78563,407,410,191,60,-5,0
25,78580,402,410,191,60,-5,0
25,78597,397,410,191,60,-5,0
25,78613,392,410,191,60,-5,0
25,78630,387,410,191,60,-5,0
25,78647,382,410,191,60,-5,0
25,78664,377,410,191,60,-5,0
25,78681,372,410,191,60,-5,0
25,78698,367,410,191,60,-5,0
25,78716,362,410,191,60,-5,0
25,78733,357,410,191,60,-5,0
25,78750,352,410,191,60,-5,0
25,78768,347,410,191,60,-5,0
25,78785,342,410,191,60,-5,0
25,78802,337,410,191,60,-5,0
25,78818,332,410,191,60,-5,0
25,78834,327,410,191,60,-5,0
25,78851,322,410,191,60,-5,0
25,78868,317,410,191,60,-5,0
25,78885,312,410,191,60,-5,0
25,78902,307,410,191,60,-5,0
25,78918,302,410,191,60,-5,0
25,78935,297,410,191,60,-5,0
25,78952,292,410,191,60,-5,0
25,78969,287,410,191,60,-5,0
25,78986,282,410,191,60,-5,0
25,79003,277,410,191,60,-5,0
25,79020,272,410,191,60,-5,0
25,79037,267,410,191,60,-5,0
25,79054,262,410,191,60,-5,0
25,79071,257,410,191,60,-5,0
25,79088,252,405,191,60,-5,-5
25,79105,247,400,191,60,-5,-5
25,79122,242,395,191,60,-5,-5
25,79139,237,390,191,60,-5,-5
25,79156,232,385,191,60,-5,-5
25,79173,232,380,191,60,0,-5
25,79190,232,375,191,60,0,-5
25,79207,232,370,191,60,0,-5
25,79224,232,365,191,60,0,-5
25,79241,232,360,191,60,0,-5
25,79258,232,355,191,60,0,-5
25,79275,232,350,191,60,0,-5
25,79291,232,345,191,60,0,-5
25,79307,232,340,191,60,0,-5
25,79323,232,335,191,60,0,-5
25,79341,232,330,191,60,0,-5
25,79358,232,325,191,60,0,-5
25,79375,232,320,191,60,0,-5
25,79391,232,315,191,60,0,-5
25,79408,232,310,191,60,0,-5
25,79425,232,305,191,60,0,-5
25,79442,227,300,191,60,-5,-5
25,79459,222,295,191,60,-5,-5
25,79476,217,290,191,60,-5,-5
25,79493,212,285,191,60,-5,-5
25,79510,207,280,191,60,-5,-5
25,79527,207,275,191,60,0,-5
25,79544,207,270,191,60,0,-5
25,79561,207,265,191,60,0,-5
25,79578,207,260,191,60,0,-5
25,79595,207,255,191,60,0,-5
25,79612,207,250,191,60,0,-5
25,79629,207,245,191,60,0,-5
25,79646,207,240,191,60,0,-5
25,79663,207,235,191,60,0,-5
25,79679,207,230,191,60,0,-5
25,79696,207,225,191,60,0,-5
25,79712,207,220,191,60,0,-5
25,79729,207,215,191,60,0,-5
25,79746,207,210,191,60,0,-5
25,79763,207,205,191,60,0,-5
25,79780,207,200,191,60,0,-5
25,79797,207,195,191,60,0,-5
25,79814,207,190,191,60,0,-5
25,79831,207,185,191,60,0,-5
25,79848,207,180,191,60,0,-5
25,79865,207,175,191,60,0,-5
25,79882,207,170,191,60,0,-5
25,79899,207,165,191,60,0,-5
25,79916,207,160,191,60,0,-5
25,79933,207,155,191,60,0,-5
25,79950,207,150,191,60,0,-5
25,79967,207,145,191,60,0,-5
25,79984,207,140,191,60,0,-5
25,80001,207,135,191,60,0,-5
25,80018,207,130,191,60,0,-5
25,80035,207,125,191,60,0,-5
25,80052,207,120,191,60,0,-5
25,80069,207,115,191,60,0,-5
25,80086,207,110,191,60,0,-5
25,80103,207,105,191,60,0,-5
25,80120,207,100,191,60,0,-5
25,80137,207,95,191,60,0,-5
25,80154,207,90,191,60,0,-5
25,80171,207,85,191,60,0,-5
25,80187,207,80,191,60,0,-5
26,82173,360,43,301,174,0,5
26,82190,360,48,301,174,0,5
26,82206,360,53,301,174,0,5
26,82223,360,58,301,174,0,5
26,82240,360,63,301,174,0,5
26,82257,360,68,301,174,0,5
26,82274,360,73,301,174,0,5
26,82291,360,78,301,174,0,5
26,82308,360,83,301,174,0,5
26,82325,360,88,301,174,0,5
26,82342,360,93,301,174,0,5
26,82358,360,98,301,174,0,5
26,82375,360,103,301,174,0,5
26,82391,360,108,301,174,0,5
26,82408,360,113,301,174,0,5
26,82425,360,118,301,174,0,5
26,82441,360,123,301,174,0,5
26,82458,360,128,301,174,0,5
26,82474,360,133,301,174,0,5
26,82490,360,138,301,174,0,5
26,82506,360,143,301,174,0,5
26,82523,360,148,301,174,0,5
26,82539,360,153,301,174,0,5
26,82555,360,158,301,174,0,5
26,82572,360,163,301,174,0,5
26,82588,360,168,301,174,0,5
26,82605,360,173,301,174,0,5
26,82622,355,178,301,174,-5,5
26,82639,350,183,301,174,-5,5
26,82655,345,188,301,174,-5,5
26,82671,340,193,301,174,-5,5
26,82688,335,198,301,174,-5,5
26,82705,330,203,301,174,-5,5
26,82722,325,208,301,174,-5,5
26,82739,320,213,301,174,-5,5
26,82756,320,218,301,174,0,5
26,82773,320,223,301,174,0,5
26,82790,320,228,301,174,0,5
26,83028,320,223,301,174,0,-5
26,83045,320,218,301,174,0,-5
26,83062,320,213,301,174,0,-5
26,83079,320,208,301,174,0,-5
26,83096,320,203,301,174,0,-5
26,83113,320,198,301,174,0,-5
27,84681,416,149,228,268,0,5
27,84698,416,154,228,268,0,5
27,84715,416,159,228,268,0,5
27,84732,416,164,228,268,0,5
27,84749,416,169,228,268,0,5
27,84766,416,174,228,268,0,5
27,84783,416,179,228,268,0,5
27,84800,416,184,228,268,0,5
27,84817,416,189,228,268,0,5
27,84834,416,194,228,268,0,5
27,84851,416,199,228,268,0,5
27,84868,416,204,228,268,0,5
27,84885,416,209,228,268,0,5
27,84903,416,214,228,268,0,5
27,84919,416,219,228,268,0,5
27,84936,416,224,228,268,0,5
27,84953,416,229,228,268,0,5
27,84970,416,234,228,268,0,5
27,84987,416,239,228,268,0,5
27,85004,416,244,228,268,0,5
27,85021,416,249,228,268,0,5
27,85038,416,254,228,268,0,5
27,85055,416,259,228,268,0,5
27,85072,416,264,228,268,0,5
27,85089,416,269,228,268,0,5
27,85106,416,274,228,268,0,5
27,85123,416,279,228,268,0,5
27,85140,411,284,228,268,-5,5
27,85157,406,289,228,268,-5,5
27,85174,401,294,228,268,-5,5
27,85191,396,294,228,268,-5,0
27,85208,391,294,228,268,-5,0
27,85225,386,294,228,268,-5,0
27,85243,381,294,228,268,-5,0
27,85260,376,294,228,268,-5,0
27,85277,371,294,228,268,-5,0
27,85294,366,294,228,268,-5,0
27,85311,361,294,228,268,-5,0
27,85328,356,294,228,268,-5,0
27,85345,351,294,228,268,-5,0
27,85362,346,294,228,268,-5,0
27,85378,341,294,228,268,-5,0
27,85395,336,294,228,268,-5,0
27,85412,331,294,228,268,-5,0
27,85429,326,294,228,268,-5,0
27,85445,321,294,228,268,-5,0
27,85462,316,294,228,268,-5,0
27,85479,311,294,228,268,-5,0
27,85496,306,294,228,268,-5,0
27,85513,301,294,228,268,-5,0
27,85530,296,294,228,268,-5,0
27,85547,291,294,228,268,-5,0
27,85564,286,294,228,268,-5,0
27,85581,281,294,228,268,-5,0
27,85598,276,294,228,268,-5,0
27,85614,271,289,228,268,-5,-5
27,85631,266,284,228,268,-5,-5
27,85648,261,279,228,268,-5,-5
27,85665,256,274,228,268,-5,-5
27,85682,251,269,228,268,-5,-5
28,87319,235,408,258,409,5,0
28,87336,240,408,258,409,5,0
28,87354,245,408,258,409,5,0
28,87370,250,408,258,409,5,0
28,87387,255,408,258,409,5,0
28,87405,260,408,258,409,5,0
28,87422,265,408,258,409,5,0
28,87439,270,408,258,409,5,0
28,87456,275,408,258,409,5,0
29,89702,305,92,672,112,5,0
29,89720,310,92,672,112,5,0
29,89737,315,92,672,112,5,0
29,89754,320,92,672,112,5,0
29,89772,325,92,672,112,5,0
29,89789,330,92,672,112,5,0
29,89806,335,92,672,112,5,0
29,89823,340,92,672,112,5,0
29,89840,345,92,672,112,5,0
29,89857,350,92,672,112,5,0
29,89874,355,92,672,112,5,0
29,89892,360,97,672,112,5,5
29,89909,360,102,672,112,0,5
29,89926,360,107,672,112,0,5
29,89943,360,112,672,112,0,5
29,89960,360,117,672,112,0,5
29,89977,360,122,672,112,0,5
29,89994,360,127,672,112,0,5
29,90011,360,132,672,112,0,5
29,90045,365,132,672,112,5,0
29,90062,370,132,672,112,5,0
29,90079,375,132,672,112,5,0
29,90096,380,132,672,112,5,0
29,90113,385,132,672,112,5,0
29,90130,390,132,672,112,5,0
29,90147,395,132,672,112,5,0
29,90163,400,132,672,112,5,0
29,90180,405,132,672,112,5,0
29,90197,410,132,672,112,5,0
29,90214,415,132,672,112,5,0
29,90231,420,132,672,112,5,0
29,90248,425,132,672,112,5,0
29,90264,430,132,672,112,5,0
29,90281,435,132,672,112,5,0
29,90298,440,132,672,112,5,0
29,90315,445,132,672,112,5,0
29,90332,450,132,672,112,5,0
29,90349,455,132,672,112,5,0
29,90366,460,132,672,112,5,0
29,90382,465,132,672,112,5,0
29,90399,470,132,672,112,5,0
29,90416,475,132,672,112,5,0
29,90433,480,132,672,112,5,0
29,90450,485,132,672,112,5,0
29,90466,490,132,672,112,5,0
29,90483,495,132,672,112,5,0
29,90501,500,132,672,112,5,0
29,90518,505,132,672,112,5,0
29,90535,510,132,672,112,5,0
29,90552,515,127,672,112,5,-5
29,90569,520,122,672,112,5,-5
29,90586,525,117,672,112,5,-5
29,90603,530,112,672,112,5,-5
29,90620,535,107,672,112,5,-5
29,90637,540,107,672,112,5,0
29,90654,545,107,672,112,5,0
29,90671,550,107,672,112,5,0
29,90688,555,107,672,112,5,0
29,90705,560,107,672,112,5,0
29,90722,565,107,672,112,5,0
29,90739,570,107,672,112,5,0
29,90756,575,107,672,112,5,0
29,90774,580,107,672,112,5,0
29,90790,585,107,672,112,5,0
29,90806,590,107,672,112,5,0
29,90823,595,107,672,112,5,0
29,90840,600,107,672,112,5,0
29,90857,605,107,672,112,5,0
29,90873,610,107,672,112,5,0
29,90890,615,107,672,112,5,0
29,90907,620,112,672,112,5,5
29,90924,625,117,672,112,5,5
29,90942,630,122,672,112,5,5
29,90959,635,127,672,112,5,5
29,90976,640,132,672,112,5,5
29,90993,645,137,672,112,5,5
29,91010,650,137,672,112,5,0
29,91027,655,137,672,112,5,0
29,91044,660,137,672,112,5,0
29,91061,665,137,672,112,5,0
29,91078,670,137,672,112,5,0
29,91095,675,137,672,112,5,0
29,91111,680,137,672,112,5,0
29,91128,685,137,672,112,5,0
29,91145,690,137,672,112,5,0
29,91162,695,137,672,112,5,0
29,91179,700,137,672,112,5,0
29,91196,705,137,672,112,5,0
29,91212,710,137,672,112,5,0
29,91229,715,137,672,112,5,0
29,91245,720,137,672,112,5,0
29,91262,725,137,672,112,5,0
29,91279,730,132,672,112,5,-5
29,91296,735,127,672,112,5,-5
29,91314,740,122,672,112,5,-5
29,91330,740,117,672,112,0,-5
29,91500,735,117,672,112,-5,0
29,91517,730,117,672,112,-5,0
29,91534,725,117,672,112,-5,0
29,91551,720,117,672,112,-5,0
29,91568,715,117,672,112,-5,0
29,91585,710,117,672,112,-5,0
29,91602,705,117,672,112,-5,0
29,91619,700,117,672,112,-5,0
29,91636,695,117,672,112,-5,0
30,93188,140,182,351,492,0,5
30,93205,140,187,351,492,0,5
30,93222,140,192,351,492,0,5
30,93239,140,197,351,492,0,5
30,93256,140,202,351,492,0,5
30,93272,140,207,351,492,0,5
30,93289,140,212,351,492,0,5
30,93306,140,217,351,492,0,5
30,93322,140,222,351,492,0,5
30,93339,140,227,351,492,0,5
30,93356,140,232,351,492,0,5
30,93372,140,237,351,492,0,5
30,93389,140,242,351,492,0,5
30,93406,140,247,351,492,0,5
30,93423,140,252,351,492,0,5
30,93440,140,257,351,492,0,5
30,93457,140,262,351,492,0,5
30,93474,140,267,351,492,0,5
30,93491,140,272,351,492,0,5
30,93508,140,277,351,492,0,5
30,93525,140,282,351,492,0,5
30,93542,140,287,351,492,0,5
30,93558,140,292,351,492,0,5
30,93575,140,297,351,492,0,5
30,93592,140,302,351,492,0,5
30,93609,140,307,351,492,0,5
30,93626,140,312,351,492,0,5
30,93643,140,317,351,492,0,5
30,93660,140,322,351,492,0,5
30,93677,140,327,351,492,0,5
30,93694,140,332,351,492,0,5
30,93711,140,337,351,492,0,5
30,93728,140,342,351,492,0,5
30,93745,140,347,351,492,0,5
30,93763,140,352,351,492,0,5
30,93780,140,357,351,492,0,5
30,93797,140,362,351,492,0,5
30,93814,140,367,351,492,0,5
30,93830,140,372,351,492,0,5
30,93847,140,377,351,492,0,5
30,93863,140,382,351,492,0,5
30,93880,140,387,351,492,0,5
30,93897,140,392,351,492,0,5
30,93914,140,397,351,492,0,5
30,93931,140,402,351,492,0,5
30,93947,140,407,351,492,0,5
30,93963,140,412,351,492,0,5
30,93979,140,417,351,492,0,5
30,93995,140,422,351,492,0,5
30,94012,140,427,351,492,0,5
30,94029,140,432,351,492,0,5
30,94045,140,437,351,492,0,5
30,94062,140,442,351,492,0,5
30,94078,140,447,351,492,0,5
30,94095,140,452,351,492,0,5
30,94112,140,457,351,492,0,5
30,94129,140,462,351,492,0,5
30,94147,140,467,351,492,0,5
30,94164,140,472,351,492,0,5
30,94181,140,477,351,492,0,5
30,94249,145,477,351,492,5,0
30,94266,150,477,351,492,5,0
30,94283,155,477,351,492,5,0
30,94301,160,477,351,492,5,0
30,94318,165,477,351,492,5,0
30,94334,170,477,351,492,5,0
30,94351,175,477,351,492,5,0
30,94368,180,477,351,492,5,0
30,94385,185,477,351,492,5,0
30,94401,190,477,351,492,5,0
30,94417,195,477,351,492,5,0
30,94433,200,477,351,492,5,0
30,94450,205,477,351,492,5,0
30,94467,210,477,351,492,5,0
30,94484,215,477,351,492,5,0
30,94501,220,477,351,492,5,0
30,94518,225,477,351,492,5,0
30,94535,230,477,351,492,5,0
30,94552,235,477,351,492,5,0
30,94569,240,477,351,492,5,0
30,94586,245,482,351,492,5,5
30,94603,250,487,351,492,5,5
30,94620,255,492,351,492,5,5
30,94637,260,492,351,492,5,0
30,94654,265,492,351,492,5,0
30,94670,270,492,351,492,5,0
30,94687,275,492,351,492,5,0
30,94704,280,492,351,492,5,0
30,94720,285,492,351,492,5,0
30,94737,290,492,351,492,5,0
30,94755,295,492,351,492,5,0
30,94772,300,492,351,492,5,0
30,94789,305,492,351,492,5,0
30,94806,310,492,351,492,5,0
30,94823,315,492,351,492,5,0
30,94840,320,492,351,492,5,0
30,94857,325,492,351,492,5,0
30,94874,330,492,351,492,5,0
30,94891,335,492,351,492,5,0
30,94908,340,492,351,492,5,0
30,94925,345,492,351,492,5,0
30,94942,350,492,351,492,5,0
30,94959,355,492,351,492,5,0
30,94976,360,492,351,492,5,0
30,94993,365,492,351,492,5,0
30,95010,370,492,351,492,5,0
30,95294,365,492,351,492,-5,0
30,95311,360,492,351,492,-5,0
30,95328,355,492,351,492,-5,0
30,95345,350,492,351,492,-5,0
30,95947,350,497,351,492,0,5
30,95964,350,502,351,492,0,5
30,95980,350,507,351,492,0,5
30,95997,350,512,351,492,0,5
30,96218,355,512,351,492,5,0
30,96236,360,512,351,492,5,0
30,96253,365,512,351,492,5,0
30,96270,370,512,351,492,5,0
31,97820,514,135,391,362,0,5
31,97837,514,140,391,362,0,5
31,97854,514,145,391,362,0,5
31,97870,514,150,391,362,0,5
31,97887,514,155,391,362,0,5
31,97904,514,160,391,362,0,5
31,97921,514,165,391,362,0,5
31,97938,514,170,391,362,0,5
31,97955,514,175,391,362,0,5
31,97971,514,180,391,362,0,5
31,97987,514,185,391,362,0,5
31,98004,514,190,391,362,0,5
31,98021,514,195,391,362,0,5
31,98037,514,200,391,362,0,5
31,98054,514,205,391,362,0,5
31,98071,514,210,391,362,0,5
31,98087,514,215,391,362,0,5
31,98104,514,220,391,362,0,5
31,98121,514,225,391,362,0,5
31,98138,514,230,391,362,0,5
31,98155,514,235,391,362,0,5
31,98171,514,240,391,362,0,5
31,98187,514,245,391,362,0,5
31,98204,514,250,391,362,0,5
31,98220,514,255,391,362,0,5
31,98237,514,260,391,362,0,5
31,98254,514,265,391,362,0,5
31,98271,514,270,391,362,0,5
31,98288,514,275,391,362,0,5
31,98305,514,280,391,362,0,5
31,98322,514,285,391,362,0,5
31,98339,514,290,391,362,0,5
31,98356,514,295,391,362,0,5
31,98373,514,300,391,362,0,5
31,98389,514,305,391,362,0,5
31,98406,514,310,391,362,0,5
31,98423,514,315,391,362,0,5
31,98439,514,320,391,362,0,5
31,98456,514,325,391,362,0,5
31,98474,514,330,391,362,0,5
31,98491,514,335,391,362,0,5
31,98508,514,340,391,362,0,5
31,98525,514,345,391,362,0,5
31,98541,514,350,391,362,0,5
31,98558,514,355,391,362,0,5
31,98576,514,360,391,362,0,5
31,98593,514,365,391,362,0,5
31,98610,514,370,391,362,0,5
31,98627,514,375,391,362,0,5
31,98644,509,375,391,362,-5,0
31,98660,504,375,391,362,-5,0
31,98677,499,375,391,362,-5,0
31,98694,494,375,391,362,-5,0
31,98710,489,375,391,362,-5,0
31,98727,484,375,391,362,-5,0
31,98744,479,375,391,362,-5,0
31,98760,474,375,391,362,-5,0
31,98777,469,375,391,362,-5,0
31,98794,464,375,391,362,-5,0
31,98811,459,375,391,362,-5,0
31,98828,454,375,391,362,-5,0
31,98845,449,375,391,362,-5,0
31,98861,444,375,391,362,-5,0
31,98878,439,375,391,362,-5,0
31,98895,434,375,391,362,-5,0
31,98911,429,375,391,362,-5,0
31,98928,424,375,391,362,-5,0
31,98944,419,375,391,362,-5,0
31,98960,414,375,391,362,-5,0
32,100687,350,241,200,88,-5,0
32,100704,345,241,200,88,-5,0
32,100721,340,241,200,88,-5,0
32,100738,335,241,200,88,-5,0
32,100755,330,241,200,88,-5,0
32,100772,325,241,200,88,-5,0
32,100788,320,241,200,88,-5,0
32,100805,315,241,200,88,-5,0
32,100822,310,241,200,88,-5,0
32,100839,305,241,200,88,-5,0
32,100856,300,241,200,88,-5,0
32,100873,295,241,200,88,-5,0
32,100890,290,241,200,88,-5,0
32,100907,285,241,200,88,-5,0
32,100924,280,241,200,88,-5,0
32,100941,275,241,200,88,-5,0
32,100958,270,241,200,88,-5,0
32,100975,265,241,200,88,-5,0
32,100991,260,241,200,88,-5,0
32,101007,255,241,200,88,-5,0
32,101024,250,241,200,88,-5,0
32,101041,245,241,200,88,-5,0
32,101057,240,241,200,88,-5,0
32,101073,235,241,200,88,-5,0
32,101090,230,241,200,88,-5,0
32,101106,225,241,200,88,-5,0
32,101123,220,236,200,88,-5,-5
32,101140,220,231,200,88,0,-5
32,101157,220,226,200,88,0,-5
32,101174,220,221,200,88,0,-5
32,101191,220,216,200,88,0,-5
32,101208,220,211,200,88,0,-5
32,101225,220,206,200,88,0,-5
32,101242,220,201,200,88,0,-5
32,101259,220,196,200,88,0,-5
32,101276,220,191,200,88,0,-5
32,101293,220,186,200,88,0,-5
32,101309,220,181,200,88,0,-5
32,101326,220,176,200,88,0,-5
32,101343,220,171,200,88,0,-5
32,101360,220,166,200,88,0,-5
32,101376,220,161,200,88,0,-5
32,101393,220,156,200,88,0,-5
32,101410,220,151,200,88,0,-5
32,101426,220,146,200,88,0,-5
32,101442,220,141,200,88,0,-5
32,101459,220,136,200,88,0,-5
32,101476,215,131,200,88,-5,-5
32,101493,210,126,200,88,-5,-5
32,101510,205,126,200,88,-5,0
32,101527,200,126,200,88,-5,0
32,101544,195,126,200,88,-5,0
32,101561,190,126,200,88,-5,0
32,101578,185,126,200,88,-5,0
32,101847,190,126,200,88,5,0
32,101863,195,126,200,88,5,0
32,101880,200,126,200,88,5,0
32,101897,205,126,200,88,5,0
32,101914,210,126,200,88,5,0
32,101931,215,126,200,88,5,0
32,102082,215,121,200,88,0,-5
32,102099,215,116,200,88,0,-5
32,102116,215,111,200,88,0,-5
33,104769,231,317,243,55,5,0
33,104786,236,317,243,55,5,0
33,104804,241,317,243,55,5,0
33,104822,246,317,243,55,5,0
33,104907,246,312,243,55,0,-5
33,104924,246,307,243,55,0,-5
33,104941,246,302,243,55,0,-5
33,104958,246,297,243,55,0,-5
33,104975,246,292,243,55,0,-5
33,104992,246,287,243,55,0,-5
33,105009,246,282,243,55,0,-5
33,105026,246,277,243,55,0,-5
33,105043,246,272,243,55,0,-5
33,105060,246,267,243,55,0,-5
33,105077,246,262,243,55,0,-5
33,105094,246,257,243,55,0,-5
33,105111,246,252,243,55,0,-5
33,105128,246,247,243,55,0,-5
33,105145,246,242,243,55,0,-5
33,105162,246,237,243,55,0,-5
33,105179,246,232,243,55,0,-5
33,105196,246,227,243,55,0,-5
33,105213,246,222,243,55,0,-5
33,105230,246,217,243,55,0,-5
33,105247,246,212,243,55,0,-5
33,105264,246,207,243,55,0,-5
33,105281,246,202,243,55,0,-5
33,105298,246,197,243,55,0,-5
33,105315,246,192,243,55,0,-5
33,105332,251,187,243,55,5,-5
33,105349,256,182,243,55,5,-5
33,105367,261,177,243,55,5,-5
33,105385,266,172,243,55,5,-5
33,105402,266,167,243,55,0,-5
33,105419,266,162,243,55,0,-5
33,105436,266,157,243,55,0,-5
33,105453,266,152,243,55,0,-5
33,105470,266,147,243,55,0,-5
33,105486,266,142,243,55,0,-5
33,105503,266,137,243,55,0,-5
33,105520,266,132,243,55,0,-5
33,105536,266,127,243,55,0,-5
33,105553,266,122,243,55,0,-5
33,105570,266,117,243,55,0,-5
33,105587,266,112,243,55,0,-5
33,105603,266,107,243,55,0,-5
33,105620,266,102,243,55,0,-5
33,105636,266,97,243,55,0,-5
33,105653,266,92,243,55,0,-5
33,105670,266,87,243,55,0,-5
33,105687,266,82,243,55,0,-5
33,105704,266,77,243,55,0,-5
33,105720,266,72,243,55,0,-5
33,105737,266,67,243,55,0,-5
33,105754,266,62,243,55,0,-5
33,105771,266,57,243,55,0,-5
33,105788,266,52,243,55,0,-5
33,105805,266,47,243,55,0,-5
33,105822,266,42,243,55,0,-5
33,105838,266,37,243,55,0,-5
33,105855,261,37,243,55,-5,0
33,105872,256,37,243,55,-5,0
33,105889,251,37,243,55,-5,0
33,105906,246,37,243,55,-5,0
33,106209,246,42,243,55,0,5
33,106226,246,47,243,55,0,5
33,106242,246,52,243,55,0,5
34,107811,78,431,591,109,5,0
34,107828,83,431,591,109,5,0
34,107845,88,431,591,109,5,0
34,107861,93,431,591,109,5,0
34,107879,98,431,591,109,5,0
34,107896,103,431,591,109,5,0
34,107913,108,431,591,109,5,0
34,107930,113,431,591,109,5,0
34,107946,118,431,591,109,5,0
34,107963,123,431,591,109,5,0
34,107980,128,431,591,109,5,0
34,107997,133,431,591,109,5,0
34,108014,138,431,591,109,5,0
34,108031,143,431,591,109,5,0
34,108049,148,431,591,109,5,0
34,108066,153,431,591,109,5,0
34,108082,158,431,591,109,5,0
34,108099,163,431,591,109,5,0
34,108116,168,431,591,109,5,0
34,108133,173,431,591,109,5,0
34,108150,178,431,591,109,5,0
34,108167,183,431,591,109,5,0
34,108183,188,431,591,109,5,0
34,108199,193,426,591,109,5,-5
34,108216,198,421,591,109,5,-5
34,108233,203,416,591,109,5,-5
34,108249,208,411,591,109,5,-5
34,108266,213,406,591,109,5,-5
34,108282,218,401,591,109,5,-5
34,108299,223,396,591,109,5,-5
34,108316,228,391,591,109,5,-5
34,108333,233,386,591,109,5,-5
34,108351,238,381,591,109,5,-5
34,108368,243,376,591,109,5,-5
34,108385,248,371,591,109,5,-5
34,108402,253,366,591,109,5,-5
34,108420,258,361,591,109,5,-5
34,108436,263,356,591,109,5,-5
34,108453,268,351,591,109,5,-5
34,108470,273,346,591,109,5,-5
34,108486,278,341,591,109,5,-5
34,108502,283,336,591,109,5,-5
34,108519,288,331,591,109,5,-5
34,108536,293,326,591,109,5,-5
34,108553,298,321,591,109,5,-5
34,108570,303,316,591,109,5,-5
34,108587,308,311,591,109,5,-5
34,108604,313,306,591,109,5,-5
34,108621,318,301,591,109,5,-5
34,108638,323,296,591,109,5,-5
34,108655,328,291,591,109,5,-5
34,108671,333,286,591,109,5,-5
34,108687,338,281,591,109,5,-5
34,108704,343,276,591,109,5,-5
34,108721,348,271,591,109,5,-5
34,108738,353,266,591,109,5,-5
34,108755,358,261,591,109,5,-5
34,108771,363,261,591,109,5,0
34,108788,368,261,591,109,5,0
34,108805,373,261,591,109,5,0
34,108822,378,261,591,109,5,0
34,108839,383,261,591,109,5,0
34,108856,388,261,591,109,5,0
34,108873,393,261,591,109,5,0
34,108890,398,261,591,109,5,0
34,108907,403,261,591,109,5,0
34,108924,408,261,591,109,5,0
34,108941,413,261,591,109,5,0
34,108958,418,261,591,109,5,0
34,108975,423,261,591,109,5,0
34,108991,428,261,591,109,5,0
34,109008,433,256,591,109,5,-5
34,109025,438,251,591,109,5,-5
34,109042,443,246,591,109,5,-5
34,109059,448,241,591,109,5,-5
34,109076,453,241,591,109,5,0
34,109093,458,241,591,109,5,0
34,109110,463,241,591,109,5,0
34,109128,468,241,591,109,5,0
34,109143,473,241,591,109,5,0
34,109159,478,241,591,109,5,0
34,109176,483,241,591,109,5,0
34,109193,488,241,591,109,5,0
34,109210,493,241,591,109,5,0
34,109226,498,241,591,109,5,0
34,109243,503,236,591,109,5,-5
34,109260,508,231,591,109,5,-5
34,109277,513,226,591,109,5,-5
34,109293,518,221,591,109,5,-5
34,109310,523,216,591,109,5,-5
34,109327,528,211,591,109,5,-5
34,109344,533,206,591,109,5,-5
34,109360,538,201,591,109,5,-5
34,109377,543,196,591,109,5,-5
34,109394,548,191,591,109,5,-5
34,109410,553,186,591,109,5,-5
34,109427,558,181,591,109,5,-5
34,109444,563,176,591,109,5,-5
34,109461,568,171,591,109,5,-5
34,109478,573,166,591,109,5,-5
34,109495,578,161,591,109,5,-5
34,109512,583,161,591,109,5,0
34,109529,588,161,591,109,5,0
34,109546,593,161,591,109,5,0
34,109563,598,161,591,109,5,0
34,109580,603,156,591,109,5,-5
34,109597,603,151,591,109,0,-5
34,109613,603,146,591,109,0,-5
34,109630,603,141,591,109,0,-5
34,109647,603,136,591,109,0,-5
34,109732,598,136,591,109,-5,0
34,109749,593,136,591,109,-5,0
34,109766,588,136,591,109,-5,0
34,110056,588,131,591,109,0,-5
34,110073,588,126,591,109,0,-5
34,110090,588,121,591,109,0,-5
34,110107,588,116,591,109,0,-5
34,110124,588,111,591,109,0,-5
35,111996,302,159,378,461,0,5
35,112013,302,164,378,461,0,5
35,112030,302,169,378,461,0,5
35,112047,302,174,378,461,0,5
35,112063,302,179,378,461,0,5
35,112080,302,184,378,461,0,5
35,112096,302,189,378,461,0,5
35,112112,302,194,378,461,0,5
35,112129,302,199,378,461,0,5
35,112146,302,204,378,461,0,5
35,112163,302,209,378,461,0,5
35,112180,302,214,378,461,0,5
35,112196,302,219,378,461,0,5
35,112213,302,224,378,461,0,5
35,112230,302,229,378,461,0,5
35,112247,302,234,378,461,0,5
35,112264,302,239,378,461,0,5
35,112281,302,244,378,461,0,5
35,112298,302,249,378,461,0,5
35,112314,302,254,378,461,0,5
35,112331,302,259,378,461,0,5
35,112348,302,264,378,461,0,5
35,112365,302,269,378,461,0,5
35,112381,302,274,378,461,0,5
35,112399,302,279,378,461,0,5
35,112416,302,284,378,461,0,5
35,112433,302,289,378,461,0,5
35,112450,302,294,378,461,0,5
35,112467,302,299,378,461,0,5
35,112484,302,304,378,461,0,5
35,112501,302,309,378,461,0,5
35,112518,302,314,378,461,0,5
35,112535,302,319,378,461,0,5
35,112552,302,324,378,461,0,5
35,112569,302,329,378,461,0,5
35,112586,302,334,378,461,0,5
35,112603,302,339,378,461,0,5
35,112620,302,344,378,461,0,5
35,112636,302,349,378,461,0,5
35,112653,302,354,378,461,0,5
35,112670,302,359,378,461,0,5
35,112687,302,364,378,461,0,5
35,112704,302,369,378,461,0,5
35,112721,302,374,378,461,0,5
35,112737,302,379,378,461,0,5
35,112754,302,384,378,461,0,5
35,112771,302,389,378,461,0,5
35,112787,302,394,378,461,0,5
35,112804,302,399,378,461,0,5
35,112821,302,404,378,461,0,5
35,112838,302,409,378,461,0,5
35,112855,302,414,378,461,0,5
35,112872,302,419,378,461,0,5
35,112889,302,424,378,461,0,5
35,112906,302,429,378,461,0,5
35,112923,302,434,378,461,0,5
35,112939,302,439,378,461,0,5
35,112956,302,444,378,461,0,5
35,112973,302,449,378,461,0,5
35,112990,302,454,378,461,0,5
35,113007,302,459,378,461,0,5
35,113024,302,464,378,461,0,5
35,113041,307,464,378,461,5,0
35,113058,312,464,378,461,5,0
35,113074,317,464,378,461,5,0
35,113091,322,464,378,461,5,0
35,113108,327,464,378,461,5,0
35,113125,332,464,378,461,5,0
35,113141,337,464,378,461,5,0
35,113158,342,464,378,461,5,0
35,113175,347,464,378,461,5,0
35,113191,352,464,378,461,5,0
35,113208,357,464,378,461,5,0
35,113224,362,464,378,461,5,0
35,113241,367,464,378,461,5,0
35,113257,372,464,378,461,5,0
35,113274,377,464,378,461,5,0
36,114810,712,295,551,134,-5,0
36,114827,707,295,551,134,-5,0
36,114844,702,295,551,134,-5,0
36,114861,697,295,551,134,-5,0
36,114878,692,295,551,134,-5,0
36,114895,687,295,551,134,-5,0
36,114912,682,295,551,134,-5,0
36,114929,677,295,551,134,-5,0
36,114946,672,295,551,134,-5,0
36,114963,667,295,551,134,-5,0
36,114980,662,295,551,134,-5,0
36,114997,657,295,551,134,-5,0
36,115014,652,295,551,134,-5,0
36,115031,647,295,551,134,-5,0
36,115048,642,295,551,134,-5,0
36,115065,637,295,551,134,-5,0
36,115082,632,295,551,134,-5,0
36,115099,627,295,551,134,-5,0
36,115116,622,295,551,134,-5,0
36,115133,617,295,551,134,-5,0
36,115149,612,295,551,134,-5,0
36,115166,607,295,551,134,-5,0
36,115183,602,295,551,134,-5,0
36,115199,597,295,551,134,-5,0
36,115216,592,295,551,134,-5,0
36,115233,587,295,551,134,-5,0
36,115250,582,295,551,134,-5,0
36,115267,577,295,551,134,-5,0
36,115284,572,295,551,134,-5,0
36,115301,567,295,551,134,-5,0
36,115318,567,290,551,134,0,-5
36,115335,567,285,551,134,0,-5
36,115351,567,280,551,134,0,-5
36,115368,567,275,551,134,0,-5
36,115384,567,270,551,134,0,-5
36,115400,567,265,551,134,0,-5
36,115416,567,260,551,134,0,-5
36,115433,567,255,551,134,0,-5
36,115450,567,250,551,134,0,-5
36,115467,567,245,551,134,0,-5
36,115484,567,240,551,134,0,-5
36,115501,567,235,551,134,0,-5
36,115517,567,230,551,134,0,-5
36,115534,567,225,551,134,0,-5
36,115551,567,220,551,134,0,-5
36,115568,567,215,551,134,0,-5
36,115585,567,210,551,134,0,-5
36,115602,567,205,551,134,0,-5
36,115618,567,200,551,134,0,-5
36,115635,567,195,551,134,0,-5
36,115652,567,190,551,134,0,-5
36,115669,567,185,551,134,0,-5
36,115686,567,180,551,134,0,-5
36,115703,567,175,551,134,0,-5
36,115970,567,170,551,134,0,-5
36,115986,567,165,551,134,0,-5
36,116003,567,160,551,134,0,-5
36,116020,567,155,551,134,0,-5
37,118083,481,96,505,12,0,-5
37,118100,481,91,505,12,0,-5
37,118116,481,86,505,12,0,-5
37,118133,481,81,505,12,0,-5
37,118150,481,76,505,12,0,-5
37,118167,481,71,505,12,0,-5
37,118183,481,66,505,12,0,-5
37,118199,481,61,505,12,0,-5
37,118216,481,56,505,12,0,-5
37,118233,481,51,505,12,0,-5
37,118249,481,46,505,12,0,-5
37,118266,481,41,505,12,0,-5
37,118283,481,36,505,12,0,-5
37,118633,481,31,505,12,0,-5
37,118650,481,26,505,12,0,-5
37,118667,481,21,505,12,0,-5
37,118854,486,21,505,12,5,0
37,118871,491,21,505,12,5,0
37,118888,496,21,505,12,5,0
37,118905,501,21,505,12,5,0
38,120523,308,299,706,461,0,5
38,120540,308,304,706,461,0,5
38,120557,308,309,706,461,0,5
38,120573,308,314,706,461,0,5
38,120590,308,319,706,461,0,5
38,120607,308,324,706,461,0,5
38,120624,308,329,706,461,0,5
38,120641,308,334,706,461,0,5
38,120658,308,339,706,461,0,5
38,120675,308,344,706,461,0,5
38,120691,308,349,706,461,0,5
38,120708,308,354,706,461,0,5
38,120725,308,359,706,461,0,5
38,120742,308,364,706,461,0,5
38,120759,308,369,706,461,0,5
38,120775,308,374,706,461,0,5
38,120791,308,379,706,461,0,5
38,120808,308,384,706,461,0,5
38,120825,308,389,706,461,0,5
38,120842,308,394,706,461,0,5
38,120859,308,399,706,461,0,5
38,120876,308,404,706,461,0,5
38,120893,308,409,706,461,0,5
38,120911,308,414,706,461,0,5
38,120927,308,419,706,461,0,5
38,120943,308,424,706,461,0,5
38,120960,308,429,706,461,0,5
38,120977,308,434,706,461,0,5
38,120994,308,439,706,461,0,5
38,121012,308,444,706,461,0,5
38,121029,308,449,706,461,0,5
38,121046,308,454,706,461,0,5
38,121063,313,454,706,461,5,0
38,121080,318,454,706,461,5,0
38,121097,323,454,706,461,5,0
38,121114,328,454,706,461,5,0
38,121131,333,454,706,461,5,0
38,121148,338,454,706,461,5,0
38,121165,343,454,706,461,5,0
38,121182,348,454,706,461,5,0
38,121199,353,454,706,461,5,0
38,121216,358,454,706,461,5,0
38,121233,363,454,706,461,5,0
38,121249,368,454,706,461,5,0
38,121265,373,454,706,461,5,0
38,121282,378,454,706,461,5,0
38,121299,383,454,706,461,5,0
38,121316,388,454,706,461,5,0
38,121333,393,454,706,461,5,0
38,121350,398,454,706,461,5,0
38,121367,403,454,706,461,5,0
38,121384,408,454,706,461,5,0
38,121401,413,454,706,461,5,0
38,121418,418,459,706,461,5,5
38,121435,423,464,706,461,5,5
38,121452,428,469,706,461,5,5
38,121469,433,474,706,461,5,5
38,121486,438,479,706,461,5,5
38,121503,443,484,706,461,5,5
38,121520,448,484,706,461,5,0
38,121537,453,484,706,461,5,0
38,121554,458,484,706,461,5,0
38,121570,463,484,706,461,5,0
38,121587,468,484,706,461,5,0
38,121604,473,484,706,461,5,0
38,121622,478,484,706,461,5,0
38,121639,483,484,706,461,5,0
38,121657,488,484,706,461,5,0
38,121674,493,484,706,461,5,0
38,121691,498,484,706,461,5,0
38,121707,503,484,706,461,5,0
38,121724,508,484,706,461,5,0
38,121741,513,484,706,461,5,0
38,121758,518,484,706,461,5,0
38,121774,523,484,706,461,5,0
38,121791,528,484,706,461,5,0
38,121808,533,484,706,461,5,0
38,121825,538,484,706,461,5,0
38,121841,543,484,706,461,5,0
38,121857,548,484,706,461,5,0
38,121874,553,484,706,461,5,0
38,121891,558,484,706,461,5,0
38,121908,563,484,706,461,5,0
38,121925,568,484,706,461,5,0
38,121941,573,484,706,461,5,0
38,121957,578,484,706,461,5,0
38,121974,583,479,706,461,5,-5
38,121991,588,474,706,461,5,-5
38,122008,593,469,706,461,5,-5
38,122024,598,469,706,461,5,0
38,122041,603,469,706,461,5,0
38,122058,608,469,706,461,5,0
38,122075,613,469,706,461,5,0
38,122092,618,469,706,461,5,0
38,122109,623,469,706,461,5,0
38,122126,628,469,706,461,5,0
38,122143,633,469,706,461,5,0
38,122160,638,469,706,461,5,0
38,122177,643,469,706,461,5,0
38,122193,648,469,706,461,5,0
38,122209,653,469,706,461,5,0
38,122226,658,469,706,461,5,0
38,122243,663,469,706,461,5,0
38,122259,668,474,706,461,5,5
38,122276,673,479,706,461,5,5
38,122293,678,484,706,461,5,5
38,122310,683,489,706,461,5,5
38,122327,688,494,706,461,5,5
38,122344,693,494,706,461,5,0
38,122906,698,494,706,461,5,0
38,122923,703,494,706,461,5,0
38,122940,708,494,706,461,5,0
38,123192,708,489,706,461,0,-5
38,123209,708,484,706,461,0,-5
39,124742,311,421,461,488,0,5
39,124759,311,426,461,488,0,5
39,124776,311,431,461,488,0,5
39,124792,311,436,461,488,0,5
39,124808,311,441,461,488,0,5
39,124824,311,446,461,488,0,5
39,124841,311,451,461,488,0,5
39,124858,311,456,461,488,0,5
39,124875,311,461,461,488,0,5
39,124892,311,466,461,488,0,5
39,124909,311,471,461,488,0,5
39,124926,311,476,461,488,0,5
39,124942,311,481,461,488,0,5
39,124959,311,486,461,488,0,5
39,124976,311,491,461,488,0,5
39,125043,316,491,461,488,5,0
39,125060,321,491,461,488,5,0
39,125077,326,491,461,488,5,0
39,125094,331,491,461,488,5,0
39,125111,336,491,461,488,5,0
39,125128,341,491,461,488,5,0
39,125145,346,491,461,488,5,0
39,125162,351,491,461,488,5,0
39,125179,356,491,461,488,5,0
39,125196,361,491,461,488,5,0
39,125213,366,491,461,488,5,0
39,125230,371,491,461,488,5,0
39,125247,376,491,461,488,5,0
39,125265,381,491,461,488,5,0
39,125282,386,496,461,488,5,5
39,125299,391,501,461,488,5,5
39,125316,396,506,461,488,5,5
39,125332,401,511,461,488,5,5
39,125349,406,516,461,488,5,5
39,125366,411,521,461,488,5,5
39,125383,416,521,461,488,5,0
39,125399,421,521,461,488,5,0
39,125416,426,521,461,488,5,0
39,125433,431,521,461,488,5,0
39,125450,436,521,461,488,5,0
39,125467,441,521,461,488,5,0
39,125484,446,521,461,488,5,0
39,125500,451,521,461,488,5,0
39,125517,456,521,461,488,5,0
39,125533,461,521,461,488,5,0
39,125550,466,521,461,488,5,0
39,125567,471,521,461,488,5,0
39,125584,476,521,461,488,5,0
39,125601,481,521,461,488,5,0
39,125618,486,516,461,488,5,-5
39,125634,491,511,461,488,5,-5
39,125651,496,506,461,488,5,-5
39,125668,501,501,461,488,5,-5
39,125685,501,496,461,488,0,-5
39,125702,501,491,461,488,0,-5
39,125719,501,486,461,488,0,-5
39,125920,496,486,461,488,-5,0
39,125937,491,486,461,488,-5,0
39,125953,486,486,461,488,-5,0
39,125970,481,486,461,488,-5,0
39,125987,476,486,461,488,-5,0
39,126004,471,486,461,488,-5,0
40,128299,66,124,537,361,0,5
40,128315,66,129,537,361,0,5
40,128332,66,134,537,361,0,5
40,128349,66,139,537,361,0,5
40,128366,66,144,537,361,0,5
40,128383,66,149,537,361,0,5
40,128399,66,154,537,361,0,5
40,128416,66,159,537,361,0,5
40,128433,66,164,537,361,0,5
40,128450,66,169,537,361,0,5
40,128468,66,174,537,361,0,5
40,128484,66,179,537,361,0,5
40,128501,66,184,537,361,0,5
40,128517,66,189,537,361,0,5
40,128534,66,194,537,361,0,5
40,128551,66,199,537,361,0,5
40,128568,66,204,537,361,0,5
40,128584,66,209,537,361,0,5
40,128601,66,214,537,361,0,5
40,128618,66,219,537,361,0,5
40,128635,66,224,537,361,0,5
40,128652,66,229,537,361,0,5
40,128669,66,234,537,361,0,5
40,128686,66,239,537,361,0,5
40,128703,66,244,537,361,0,5
40,128720,66,249,537,361,0,5
40,128737,66,254,537,361,0,5
40,128754,66,259,537,361,0,5
40,128771,66,264,537,361,0,5
40,128788,66,269,537,361,0,5
40,128805,66,274,537,361,0,5
40,128822,66,279,537,361,0,5
40,128839,66,284,537,361,0,5
40,128855,66,289,537,361,0,5
40,128872,66,294,537,361,0,5
40,128889,66,299,537,361,0,5
40,128906,66,304,537,361,0,5
40,128923,66,309,537,361,0,5
40,128940,66,314,537,361,0,5
40,128957,66,319,537,361,0,5
40,128974,66,324,537,361,0,5
40,128991,66,329,537,361,0,5
40,129008,66,334,537,361,0,5
40,129025,71,339,537,361,5,5
40,129042,76,339,537,361,5,0
40,129059,81,339,537,361,5,0
40,129076,86,339,537,361,5,0
40,129093,91,339,537,361,5,0
40,129109,96,339,537,361,5,0
40,129126,101,339,537,361,5,0
40,129143,106,339,537,361,5,0
40,129159,111,339,537,361,5,0
40,129176,116,339,537,361,5,0
40,129193,121,339,537,361,5,0
40,129210,126,339,537,361,5,0
40,129227,131,339,537,361,5,0
40,129244,136,339,537,361,5,0
40,129261,141,339,537,361,5,0
40,129278,146,339,537,361,5,0
40,129295,151,339,537,361,5,0
40,129311,156,339,537,361,5,0
40,129328,161,339,537,361,5,0
40,129345,166,339,537,361,5,0
40,129362,171,339,537,361,5,0
40,129378,176,339,537,361,5,0
40,129394,181,339,537,361,5,0
40,129410,186,339,537,361,5,0
40,129426,191,339,537,361,5,0
40,129443,196,339,537,361,5,0
40,129461,201,344,537,361,5,5
40,129478,206,349,537,361,5,5
40,129494,211,354,537,361,5,5
40,129510,216,359,537,361,5,5
40,129527,221,359,537,361,5,0
40,129544,226,359,537,361,5,0
40,129561,231,359,537,361,5,0
40,129578,236,359,537,361,5,0
40,129594,241,359,537,361,5,0
40,129610,246,359,537,361,5,0
40,129627,251,359,537,361,5,0
40,129645,256,359,537,361,5,0
40,129661,261,359,537,361,5,0
40,129678,266,359,537,361,5,0
40,129695,271,359,537,361,5,0
40,129712,276,359,537,361,5,0
40,129729,281,359,537,361,5,0
40,129745,286,359,537,361,5,0
40,129762,291,359,537,361,5,0
40,129779,296,359,537,361,5,0
40,129796,301,359,537,361,5,0
40,129813,306,359,537,361,5,0
40,129830,311,359,537,361,5,0
40,129847,316,359,537,361,5,0
40,129864,321,359,537,361,5,0
40,129881,326,359,537,361,5,0
40,129898,331,359,537,361,5,0
40,129915,336,359,537,361,5,0
40,129932,341,359,537,361,5,0
40,129948,346,359,537,361,5,0
40,129965,351,359,537,361,5,0
40,129982,356,359,537,361,5,0
40,129999,361,364,537,361,5,5
40,130016,366,369,537,361,5,5
40,130033,371,369,537,361,5,0
40,130050,376,369,537,361,5,0
40,130067,381,369,537,361,5,0
40,130084,386,369,537,361,5,0
40,130101,391,369,537,361,5,0
40,130118,396,369,537,361,5,0
40,130135,401,369,537,361,5,0
40,130152,406,369,537,361,5,0
40,130169,411,369,537,361,5,0
40,130186,416,369,537,361,5,0
40,130203,421,369,537,361,5,0
40,130219,426,369,537,361,5,0
40,130236,431,369,537,361,5,0
40,130254,436,369,537,361,5,0
40,130270,441,369,537,361,5,0
40,130287,446,369,537,361,5,0
40,130304,451,369,537,361,5,0
40,130321,456,369,537,361,5,0
40,130338,461,369,537,361,5,0
40,130355,466,369,537,361,5,0
40,130372,471,369,537,361,5,0
40,130389,476,369,537,361,5,0
40,130406,481,369,537,361,5,0
40,130423,486,369,537,361,5,0
40,130440,491,369,537,361,5,0
40,130457,496,369,537,361,5,0
40,130474,501,369,537,361,5,0
40,130491,506,369,537,361,5,0
40,130508,511,369,537,361,5,0
40,130526,516,369,537,361,5,0
40,130542,521,369,537,361,5,0
40,130559,526,369,537,361,5,0
40,130576,531,369,537,361,5,0
40,130593,536,369,537,361,5,0
41,132292,632,487,692,475,5,0
41,132309,637,487,692,475,5,0
41,132326,642,487,692,475,5,0
41,132343,647,487,692,475,5,0
41,132360,652,487,692,475,5,0
41,132377,657,487,692,475,5,0
41,132394,662,487,692,475,5,0
41,132411,667,487,692,475,5,0
41,132428,672,487,692,475,5,0
41,132445,677,487,692,475,5,0
41,132462,682,487,692,475,5,0
41,132478,687,487,692,475,5,0
41,132495,692,487,692,475,5,0
42,135071,23,501,375,411,5,0
42,135088,28,501,375,411,5,0
42,135105,33,501,375,411,5,0
42,135122,38,501,375,411,5,0
42,135139,43,501,375,411,5,0
42,135156,48,501,375,411,5,0
42,135173,53,501,375,411,5,0
42,135190,58,501,375,411,5,0
42,135207,63,501,375,411,5,0
42,135224,68,501,375,411,5,0
42,135241,73,501,375,411,5,0
42,135258,78,501,375,411,5,0
42,135275,83,501,375,411,5,0
42,135292,88,501,375,411,5,0
42,135308,93,501,375,411,5,0
42,135324,98,501,375,411,5,0
42,135341,103,501,375,411,5,0
42,135358,108,501,375,411,5,0
42,135375,113,501,375,411,5,0
42,135391,118,501,375,411,5,0
42,135408,123,496,375,411,5,-5
42,135425,128,491,375,411,5,-5
42,135442,133,486,375,411,5,-5
42,135459,138,481,375,411,5,-5
42,135476,143,476,375,411,5,-5
42,135493,148,471,375,411,5,-5
42,135510,153,466,375,411,5,-5
42,135528,158,461,375,411,5,-5
42,135545,163,456,375,411,5,-5
42,135562,168,451,375,411,5,-5
42,135579,173,446,375,411,5,-5
42,135595,178,441,375,411,5,-5
42,135612,183,436,375,411,5,-5
42,135629,188,431,375,411,5,-5
42,135646,193,431,375,411,5,0
42,135662,198,431,375,411,5,0
42,135679,203,431,375,411,5,0
42,135695,208,431,375,411,5,0
42,135712,213,431,375,411,5,0
42,135729,218,431,375,411,5,0
42,135745,223,431,375,411,5,0
42,135762,228,431,375,411,5,0
42,135780,233,431,375,411,5,0
42,135797,238,431,375,411,5,0
42,135814,243,431,375,411,5,0
42,135831,248,431,375,411,5,0
42,135848,253,431,375,411,5,0
42,135865,258,431,375,411,5,0
42,135882,263,431,375,411,5,0
42,135899,268,431,375,411,5,0
42,135916,273,431,375,411,5,0
42,135933,278,431,375,411,5,0
42,135950,283,431,375,411,5,0
42,135967,288,431,375,411,5,0
42,135984,293,431,375,411,5,0
42,136001,298,431,375,411,5,0
42,136018,303,431,375,411,5,0
42,136035,308,431,375,411,5,0
42,136052,313,431,375,411,5,0
42,136069,318,431,375,411,5,0
42,136086,323,431,375,411,5,0
42,136102,328,431,375,411,5,0
42,136118,333,431,375,411,5,0
42,136135,338,431,375,411,5,0
42,136152,343,431,375,411,5,0
42,136169,348,431,375,411,5,0
42,136185,353,431,375,411,5,0
42,136202,358,431,375,411,5,0
42,136219,363,431,375,411,5,0
42,136236,368,431,375,411,5,0
42,136253,373,431,375,411,5,0
42,136270,378,431,375,411,5,0
42,136287,383,431,375,411,5,0
42,136304,388,431,375,411,5,0
42,136321,393,431,375,411,5,0
43,138160,176,181,540,528,5,0
43,138177,181,181,540,528,5,0
43,138194,186,181,540,528,5,0
43,138211,191,181,540,528,5,0
43,138228,196,181,540,528,5,0
43,138244,201,181,540,528,5,0
43,138260,206,181,540,528,5,0
43,138277,211,181,540,528,5,0
43,138294,216,181,540,528,5,0
43,138311,221,181,540,528,5,0
43,138328,226,181,540,528,5,0
43,138345,231,181,540,528,5,0
43,138362,236,181,540,528,5,0
43,138378,241,181,540,528,5,0
43,138394,246,181,540,528,5,0
43,138411,251,181,540,528,5,0
43,138428,256,181,540,528,5,0
43,138445,261,181,540,528,5,0
43,138462,266,181,540,528,5,0
43,138479,271,181,540,528,5,0
43,138496,276,181,540,528,5,0
43,138513,281,181,540,528,5,0
43,138530,286,181,540,528,5,0
43,138547,291,181,540,528,5,0
43,138564,296,181,540,528,5,0
43,138581,301,181,540,528,5,0
43,138598,306,186,540,528,5,5
43,138613,311,191,540,528,5,5
43,138629,316,196,540,528,5,5
43,138645,321,201,540,528,5,5
43,138661,326,206,540,528,5,5
43,138677,331,211,540,528,5,5
43,138694,336,216,540,528,5,5
43,138711,341,221,540,528,5,5
43,138728,346,226,540,528,5,5
43,138745,351,231,540,528,5,5
43,138761,356,236,540,528,5,5
43,138778,361,241,540,528,5,5
43,138795,366,246,540,528,5,5
43,138812,371,251,540,528,5,5
43,138829,376,256,540,528,5,5
43,138845,381,261,540,528,5,5
43,138862,386,266,540,528,5,5
43,138879,391,271,540,528,5,5
43,138895,396,276,540,528,5,5
43,138912,401,281,540,528,5,5
43,138929,406,286,540,528,5,5
43,138946,411,291,540,528,5,5
43,138962,416,296,540,528,5,5
43,138978,421,301,540,528,5,5
43,138994,426,306,540,528,5,5
43,139012,431,311,540,528,5,5
43,139029,436,316,540,528,5,5
43,139046,441,321,540,528,5,5
43,139062,446,326,540,528,5,5
43,139078,451,331,540,528,5,5
43,139095,456,336,540,528,5,5
43,139112,461,341,540,528,5,5
43,139129,466,346,540,528,5,5
43,139145,471,351,540,528,5,5
43,139162,476,356,540,528,5,5
43,139179,481,361,540,528,5,5
43,139196,486,366,540,528,5,5
43,139213,491,371,540,528,5,5
43,139230,496,376,540,528,5,5
43,139247,501,381,540,528,5,5
43,139264,506,386,540,528,5,5
43,139281,511,386,540,528,5,0
43,139298,516,386,540,528,5,0
43,139314,521,386,540,528,5,0
43,139331,526,386,540,528,5,0
43,139348,531,386,540,528,5,0
43,139365,536,386,540,528,5,0
43,139382,541,386,540,528,5,0
43,139399,546,386,540,528,5,0
43,139416,551,386,540,528,5,0
43,139433,556,391,540,528,5,5
43,139450,561,396,540,528,5,5
43,139467,566,401,540,528,5,5
43,139484,571,406,540,528,5,5
43,139501,576,411,540,528,5,5
43,139518,581,416,540,528,5,5
43,139535,586,421,540,528,5,5
43,139552,591,426,540,528,5,5
43,139569,596,431,540,528,5,5
43,139586,596,436,540,528,0,5
43,139604,596,441,540,528,0,5
43,139620,596,446,540,528,0,5
43,139637,596,451,540,528,0,5
43,139654,596,456,540,528,0,5
43,139671,596,461,540,528,0,5
43,139688,596,466,540,528,0,5
43,139705,596,471,540,528,0,5
43,139722,596,476,540,528,0,5
43,139739,596,481,540,528,0,5
43,139756,596,486,540,528,0,5
43,139773,596,491,540,528,0,5
43,139790,596,496,540,528,0,5
43,139807,591,501,540,528,-5,5
43,139824,586,506,540,528,-5,5
43,139841,581,511,540,528,-5,5
43,139858,576,511,540,528,-5,0
43,139875,571,511,540,528,-5,0
43,139892,566,511,540,528,-5,0
43,139909,561,511,540,528,-5,0
43,139926,556,511,540,528,-5,0
43,140199,556,516,540,528,0,5
43,140216,556,521,540,528,0,5
43,140233,556,526,540,528,0,5
44,141831,87,404,258,345,5,0
44,141848,92,404,258,345,5,0
44,141864,97,404,258,345,5,0
44,141880,102,404,258,345,5,0
44,141897,107,404,258,345,5,0
44,141914,112,404,258,345,5,0
44,141931,117,404,258,345,5,0
44,141947,122,404,258,345,5,0
44,141964,127,404,258,345,5,0
44,141981,132,404,258,345,5,0
44,141998,137,404,258,345,5,0
44,142014,142,404,258,345,5,0
44,142031,147,404,258,345,5,0
44,142048,152,404,258,345,5,0
44,142065,157,404,258,345,5,0
44,142082,162,404,258,345,5,0
44,142100,167,404,258,345,5,0
44,142117,172,404,258,345,5,0
44,142134,177,404,258,345,5,0
44,142151,182,404,258,345,5,0
44,142168,187,404,258,345,5,0
44,142185,192,404,258,345,5,0
44,142201,197,404,258,345,5,0
44,142219,202,404,258,345,5,0
44,142235,207,404,258,345,5,0
44,142252,212,404,258,345,5,0
44,142269,217,399,258,345,5,-5
44,142286,222,394,258,345,5,-5
44,142303,227,389,258,345,5,-5
44,142319,232,384,258,345,5,-5
44,142335,237,379,258,345,5,-5
44,142352,242,374,258,345,5,-5
44,142369,247,369,258,345,5,-5
44,142386,252,364,258,345,5,-5
44,142403,257,359,258,345,5,-5
45,144037,224,101,399,387,0,5
45,144054,224,106,399,387,0,5
45,144070,224,111,399,387,0,5
45,144087,224,116,399,387,0,5
45,144104,224,121,399,387,0,5
45,144120,224,126,399,387,0,5
45,144137,224,131,399,387,0,5
45,144154,224,136,399,387,0,5
45,144171,224,141,399,387,0,5
45,144188,224,146,399,387,0,5
45,144204,224,151,399,387,0,5
45,144220,224,156,399,387,0,5
45,144237,224,161,399,387,0,5
45,144254,224,166,399,387,0,5
45,144270,224,171,399,387,0,5
45,144287,224,176,399,387,0,5
45,144304,224,181,399,387,0,5
45,144321,224,186,399,387,0,5
45,144338,224,191,399,387,0,5
45,144355,224,196,399,387,0,5
45,144372,224,201,399,387,0,5
45,144389,224,206,399,387,0,5
45,144406,224,211,399,387,0,5
45,144423,224,216,399,387,0,5
45,144440,224,221,399,387,0,5
45,144457,224,226,399,387,0,5
45,144474,224,231,399,387,0,5
45,144491,224,236,399,387,0,5
45,144508,224,241,399,387,0,5
45,144525,224,246,399,387,0,5
45,144542,224,251,399,387,0,5
45,144559,224,256,399,387,0,5
45,144576,224,261,399,387,0,5
45,144593,224,266,399,387,0,5
45,144610,224,271,399,387,0,5
45,144627,224,276,399,387,0,5
45,144644,224,281,399,387,0,5
45,144660,224,286,399,387,0,5
45,144676,224,291,399,387,0,5
45,144693,224,296,399,387,0,5
45,144710,224,301,399,387,0,5
45,144727,224,306,399,387,0,5
45,144744,224,311,399,387,0,5
45,144761,224,316,399,387,0,5
45,144777,224,321,399,387,0,5
45,144794,224,326,399,387,0,5
45,144811,224,331,399,387,0,5
45,144828,224,336,399,387,0,5
45,144845,224,341,399,387,0,5
45,144862,224,346,399,387,0,5
45,144879,224,351,399,387,0,5
45,144895,224,356,399,387,0,5
45,144912,224,361,399,387,0,5
45,144929,224,366,399,387,0,5
45,144946,224,371,399,387,0,5
45,144963,224,376,399,387,0,5
45,144980,224,381,399,387,0,5
45,144997,224,386,399,387,0,5
45,145048,229,386,399,387,5,0
45,145065,234,386,399,387,5,0
45,145082,239,386,399,387,5,0
45,145099,244,386,399,387,5,0
45,145116,249,386,399,387,5,0
45,145133,254,386,399,387,5,0
45,145150,259,386,399,387,5,0
45,145167,264,386,399,387,5,0
45,145184,269,386,399,387,5,0
45,145201,274,386,399,387,5,0
45,145218,279,386,399,387,5,0
45,145235,284,386,399,387,5,0
45,145252,289,386,399,387,5,0
45,145269,294,386,399,387,5,0
45,145286,299,386,399,387,5,0
45,145302,304,386,399,387,5,0
45,145319,309,386,399,387,5,0
45,145336,314,386,399,387,5,0
45,145353,319,386,399,387,5,0
45,145370,324,386,399,387,5,0
45,145387,329,391,399,387,5,5
45,145404,334,396,399,387,5,5
45,145421,339,401,399,387,5,5
45,145438,344,401,399,387,5,0
45,145455,349,401,399,387,5,0
45,145472,354,401,399,387,5,0
45,145489,359,401,399,387,5,0
45,145506,364,401,399,387,5,0
45,145523,369,401,399,387,5,0
45,145540,374,401,399,387,5,0
45,145557,379,401,399,387,5,0
45,145573,384,401,399,387,5,0
45,145590,389,401,399,387,5,0
45,145607,394,401,399,387,5,0
45,145624,399,401,399,387,5,0
46,147176,258,64,616,527,0,5
46,147193,258,69,616,527,0,5
46,147210,258,74,616,527,0,5
46,147227,258,79,616,527,0,5
46,147244,258,84,616,527,0,5
46,147261,258,89,616,527,0,5
46,147278,258,94,616,527,0,5
46,147294,258,99,616,527,0,5
46,147311,258,104,616,527,0,5
46,147328,258,109,616,527,0,5
46,147345,258,114,616,527,0,5
46,147362,258,119,616,527,0,5
46,147379,258,124,616,527,0,5
46,147396,258,129,616,527,0,5
46,147413,258,134,616,527,0,5
46,147430,258,139,616,527,0,5
46,147447,258,144,616,527,0,5
46,147464,258,149,616,527,0,5
46,147481,258,154,616,527,0,5
46,147498,258,159,616,527,0,5
46,147515,258,164,616,527,0,5
46,147532,258,169,616,527,0,5
46,147549,258,174,616,527,0,5
46,147565,258,179,616,527,0,5
46,147582,258,184,616,527,0,5
46,147599,258,189,616,527,0,5
46,147616,258,194,616,527,0,5
46,147633,258,199,616,527,0,5
46,147650,258,204,616,527,0,5
46,147667,258,209,616,527,0,5
46,147684,258,214,616,527,0,5
46,147701,258,219,616,527,0,5
46,147718,258,224,616,527,0,5
46,147734,258,229,616,527,0,5
46,147750,258,234,616,527,0,5
46,147767,258,239,616,527,0,5
46,147784,258,244,616,527,0,5
46,147801,258,249,616,527,0,5
46,147818,258,254,616,527,0,5
46,147834,258,259,616,527,0,5
46,147850,258,264,616,527,0,5
46,147866,258,269,616,527,0,5
46,147883,258,274,616,527,0,5
46,147901,258,279,616,527,0,5
46,147918,258,284,616,527,0,5
46,147935,258,289,616,527,0,5
46,147952,258,294,616,527,0,5
46,147969,258,299,616,527,0,5
46,147986,258,304,616,527,0,5
46,148002,258,309,616,527,0,5
46,148019,258,314,616,527,0,5
46,148036,258,319,616,527,0,5
46,148053,258,324,616,527,0,5
46,148070,258,329,616,527,0,5
46,148087,258,334,616,527,0,5
46,148104,258,339,616,527,0,5
46,148120,258,344,616,527,0,5
46,148136,258,349,616,527,0,5
46,148153,258,354,616,527,0,5
46,148170,258,359,616,527,0,5
46,148187,258,364,616,527,0,5
46,148204,258,369,616,527,0,5
46,148221,258,374,616,527,0,5
46,148238,258,379,616,527,0,5
46,148256,258,384,616,527,0,5
46,148273,258,389,616,527,0,5
46,148289,258,394,616,527,0,5
46,148306,258,399,616,527,0,5
46,148323,258,404,616,527,0,5
46,148340,258,409,616,527,0,5
46,148356,258,414,616,527,0,5
46,148373,258,419,616,527,0,5
46,148390,258,424,616,527,0,5
46,148407,258,429,616,527,0,5
46,148424,258,434,616,527,0,5
46,148441,258,439,616,527,0,5
46,148458,258,444,616,527,0,5
46,148475,258,449,616,527,0,5
46,148492,258,454,616,527,0,5
46,148509,258,459,616,527,0,5
46,148525,258,464,616,527,0,5
46,148542,258,469,616,527,0,5
46,148558,258,474,616,527,0,5
46,148574,258,479,616,527,0,5
46,148590,258,484,616,527,0,5
46,148607,258,489,616,527,0,5
46,148623,258,494,616,527,0,5
46,148640,258,499,616,527,0,5
46,148657,258,504,616,527,0,5
46,148674,258,509,616,527,0,5
46,148691,258,514,616,527,0,5
46,148708,258,519,616,527,0,5
46,148776,263,519,616,527,5,0
46,148793,268,519,616,527,5,0
46,148810,273,519,616,527,5,0
46,148827,278,519,616,527,5,0
46,148844,283,519,616,527,5,0
46,148862,288,519,616,527,5,0
46,148878,293,519,616,527,5,0
46,148895,298,519,616,527,5,0
46,148912,303,519,616,527,5,0
46,148929,308,519,616,527,5,0
46,148946,313,519,616,527,5,0
46,148963,318,519,616,527,5,0
46,148980,323,519,616,527,5,0
46,148997,328,519,616,527,5,0
46,149014,333,519,616,527,5,0
46,149031,338,519,616,527,5,0
46,149048,343,519,616,527,5,0
46,149065,348,519,616,527,5,0
46,149082,353,519,616,527,5,0
46,149099,358,519,616,527,5,0
46,149116,363,519,616,527,5,0
46,149133,368,519,616,527,5,0
46,149149,373,519,616,527,5,0
46,149166,378,519,616,527,5,0
46,149183,383,524,616,527,5,5
46,149200,388,529,616,527,5,5
46,149216,393,534,616,527,5,5
46,149233,398,534,616,527,5,0
46,149250,403,534,616,527,5,0
46,149267,408,534,616,527,5,0
46,149284,413,534,616,527,5,0
46,149300,418,534,616,527,5,0
46,149316,423,534,616,527,5,0
46,149333,428,534,616,527,5,0
46,149349,433,534,616,527,5,0
46,149366,438,534,616,527,5,0
46,149383,443,534,616,527,5,0
46,149399,448,534,616,527,5,0
46,149416,453,534,616,527,5,0
46,149433,458,534,616,527,5,0
46,149450,463,534,616,527,5,0
46,149466,468,534,616,527,5,0
46,149483,473,534,616,527,5,0
46,149499,478,534,616,527,5,0
46,149516,483,534,616,527,5,0
46,149533,488,534,616,527,5,0
46,149551,493,534,616,527,5,0
46,149567,498,534,616,527,5,0
46,149584,503,534,616,527,5,0
46,149601,508,534,616,527,5,0
46,149618,513,534,616,527,5,0
46,149635,518,534,616,527,5,0
46,149652,523,534,616,527,5,0
46,149669,528,534,616,527,5,0
46,149686,533,534,616,527,5,0
46,149703,538,534,616,527,5,0
46,149720,543,534,616,527,5,0
46,149737,548,534,616,527,5,0
46,149754,553,534,616,527,5,0
46,149771,558,534,616,527,5,0
46,149788,563,534,616,527,5,0
46,149805,568,534,616,527,5,0
46,149822,573,534,616,527,5,0
46,149839,578,534,616,527,5,0
46,149856,583,534,616,527,5,0
46,149873,588,534,616,527,5,0
46,149890,593,534,616,527,5,0
46,149907,598,534,616,527,5,0
46,149924,603,534,616,527,5,0
46,149941,608,534,616,527,5,0
46,149958,613,534,616,527,5,0
47,151492,31,313,371,467,0,5
47,151509,31,318,371,467,0,5
47,151526,31,323,371,467,0,5
47,151543,31,328,371,467,0,5
47,151560,31,333,371,467,0,5
47,151576,31,338,371,467,0,5
47,151593,31,343,371,467,0,5
47,151610,31,348,371,467,0,5
47,151627,31,353,371,467,0,5
47,151645,31,358,371,467,0,5
47,151661,31,363,371,467,0,5
47,151678,31,368,371,467,0,5
47,151695,31,373,371,467,0,5
47,151712,31,378,371,467,0,5
47,151729,31,383,371,467,0,5
47,151746,31,388,371,467,0,5
47,151762,31,393,371,467,0,5
47,151779,31,398,371,467,0,5
47,151796,31,403,371,467,0,5
47,151813,31,408,371,467,0,5
47,151829,31,413,371,467,0,5
47,151845,31,418,371,467,0,5
47,151861,31,423,371,467,0,5
47,151878,31,428,371,467,0,5
47,151894,31,433,371,467,0,5
47,151911,31,438,371,467,0,5
47,151928,31,443,371,467,0,5
47,151945,31,448,371,467,0,5
47,151962,31,453,371,467,0,5
47,151979,31,458,371,467,0,5
47,151995,31,463,371,467,0,5
47,152012,31,468,371,467,0,5
47,152029,31,473,371,467,0,5
47,152045,31,478,371,467,0,5
47,152062,31,483,371,467,0,5
47,152079,31,488,371,467,0,5
47,152095,31,493,371,467,0,5
47,152129,36,493,371,467,5,0
47,152146,41,493,371,467,5,0
47,152163,46,493,371,467,5,0
47,152181,51,493,371,467,5,0
47,152197,56,493,371,467,5,0
47,152214,61,493,371,467,5,0
47,152230,66,493,371,467,5,0
47,152246,71,493,371,467,5,0
47,152262,76,493,371,467,5,0
47,152279,81,493,371,467,5,0
47,152296,86,493,371,467,5,0
47,152313,91,493,371,467,5,0
47,152330,96,493,371,467,5,0
47,152347,101,493,371,467,5,0
47,152364,106,493,371,467,5,0
47,152381,111,493,371,467,5,0
47,152398,116,493,371,467,5,0
47,152415,121,493,371,467,5,0
47,152432,126,493,371,467,5,0
47,152449,131,493,371,467,5,0
47,152466,136,493,371,467,5,0
47,152483,141,493,371,467,5,0
47,152499,146,493,371,467,5,0
47,152516,151,493,371,467,5,0
47,152533,156,493,371,467,5,0
47,152550,161,493,371,467,5,0
47,152567,166,493,371,467,5,0
47,152584,171,493,371,467,5,0
47,152601,176,493,371,467,5,0
47,152618,181,488,371,467,5,-5
47,152635,186,483,371,467,5,-5
47,152652,191,478,371,467,5,-5
47,152669,196,473,371,467,5,-5
47,152686,201,473,371,467,5,0
47,152703,206,473,371,467,5,0
47,152720,211,473,371,467,5,0
47,152737,216,473,371,467,5,0
47,152754,221,473,371,467,5,0
47,152770,226,473,371,467,5,0
47,152787,231,473,371,467,5,0
47,152804,236,473,371,467,5,0
47,152821,241,473,371,467,5,0
47,152837,246,473,371,467,5,0
47,152854,251,473,371,467,5,0
47,152872,256,473,371,467,5,0
47,152889,261,473,371,467,5,0
47,152907,266,473,371,467,5,0
47,152924,271,473,371,467,5,0
47,152940,276,473,371,467,5,0
47,152957,281,473,371,467,5,0
47,152974,286,473,371,467,5,0
47,152991,291,473,371,467,5,0
47,153008,296,473,371,467,5,0
47,153024,301,473,371,467,5,0
47,153041,306,473,371,467,5,0
47,153058,311,473,371,467,5,0
47,153074,316,473,371,467,5,0
47,153091,321,473,371,467,5,0
47,153108,326,473,371,467,5,0
47,153125,331,473,371,467,5,0
47,153142,336,473,371,467,5,0
47,153159,341,473,371,467,5,0
47,153176,346,473,371,467,5,0
47,153193,351,473,371,467,5,0
47,153210,356,473,371,467,5,0
47,153226,361,473,371,467,5,0
47,153243,366,473,371,467,5,0
47,153260,371,473,371,467,5,0
48,155100,235,130,533,99,5,0
48,155117,240,130,533,99,5,0
48,155134,245,130,533,99,5,0
48,155151,250,130,533,99,5,0
48,155168,255,130,533,99,5,0
48,155185,260,130,533,99,5,0
48,155201,265,130,533,99,5,0
48,155218,270,130,533,99,5,0
48,155235,275,130,533,99,5,0
48,155252,280,130,533,99,5,0
48,155270,285,130,533,99,5,0
48,155286,290,130,533,99,5,0
48,155303,295,130,533,99,5,0
48,155320,300,130,533,99,5,0
48,155337,305,130,533,99,5,0
48,155354,310,130,533,99,5,0
48,155371,315,130,533,99,5,0
48,155389,320,125,533,99,5,-5
48,155405,325,120,533,99,5,-5
48,155422,330,115,533,99,5,-5
48,155439,335,110,533,99,5,-5
48,155456,340,110,533,99,5,0
48,155473,345,110,533,99,5,0
48,155490,350,110,533,99,5,0
48,155507,355,110,533,99,5,0
48,155524,360,110,533,99,5,0
48,155541,365,110,533,99,5,0
48,155558,370,110,533,99,5,0
48,155574,375,110,533,99,5,0
48,155591,380,110,533,99,5,0
48,155608,385,110,533,99,5,0
48,155625,390,110,533,99,5,0
48,155641,395,110,533,99,5,0
48,155658,400,110,533,99,5,0
48,155675,405,110,533,99,5,0
48,155691,410,110,533,99,5,0
48,155708,415,110,533,99,5,0
48,155724,420,110,533,99,5,0
48,155741,425,110,533,99,5,0
48,155758,430,110,533,99,5,0
48,155775,435,110,533,99,5,0
48,155792,440,110,533,99,5,0
48,155810,445,110,533,99,5,0
48,155827,450,110,533,99,5,0
48,155843,455,110,533,99,5,0
48,155860,460,110,533,99,5,0
48,155876,465,110,533,99,5,0
48,155893,470,110,533,99,5,0
48,155910,475,110,533,99,5,0
48,155926,480,110,533,99,5,0
48,155943,485,110,533,99,5,0
48,155960,490,110,533,99,5,0
48,155977,495,110,533,99,5,0
48,155994,500,110,533,99,5,0
48,156011,505,110,533,99,5,0
48,156028,510,110,533,99,5,0
48,156045,515,110,533,99,5,0
48,156062,520,110,533,99,5,0
48,156079,525,110,533,99,5,0
48,156096,530,110,533,99,5,0
49,157884,500,311,147,17,-5,0
49,157901,495,311,147,17,-5,0
49,157918,490,311,147,17,-5,0
49,157934,485,311,147,17,-5,0
49,157951,480,311,147,17,-5,0
49,157967,475,311,147,17,-5,0
49,157984,470,311,147,17,-5,0
49,158001,465,311,147,17,-5,0
49,158018,460,311,147,17,-5,0
49,158035,455,311,147,17,-5,0
49,158052,450,311,147,17,-5,0
49,158069,445,311,147,17,-5,0
49,158086,440,311,147,17,-5,0
49,158103,435,311,147,17,-5,0
49,158120,430,311,147,17,-5,0
49,158136,425,311,147,17,-5,0
49,158153,420,311,147,17,-5,0
49,158170,415,311,147,17,-5,0
49,158188,410,311,147,17,-5,0
49,158205,405,311,147,17,-5,0
49,158222,400,311,147,17,-5,0
49,158239,395,311,147,17,-5,0
49,158256,390,311,147,17,-5,0
49,158273,385,311,147,17,-5,0
49,158290,380,311,147,17,-5,0
49,158306,375,311,147,17,-5,0
49,158323,370,311,147,17,-5,0
49,158340,365,311,147,17,-5,0
49,158357,360,311,147,17,-5,0
49,158374,355,311,147,17,-5,0
49,158391,350,311,147,17,-5,0
49,158408,345,311,147,17,-5,0
49,158425,340,311,147,17,-5,0
49,158442,335,311,147,17,-5,0
49,158459,330,311,147,17,-5,0
49,158477,325,311,147,17,-5,0
49,158493,320,311,147,17,-5,0
49,158510,315,311,147,17,-5,0
49,158527,310,311,147,17,-5,0
49,158543,305,311,147,17,-5,0
49,158560,300,311,147,17,-5,0
49,158577,295,311,147,17,-5,0
49,158594,290,311,147,17,-5,0
49,158611,285,311,147,17,-5,0
49,158628,280,311,147,17,-5,0
49,158645,275,311,147,17,-5,0
49,158661,270,311,147,17,-5,0
49,158678,265,311,147,17,-5,0
49,158695,260,311,147,17,-5,0
49,158711,255,311,147,17,-5,0
49,158728,250,311,147,17,-5,0
49,158745,245,311,147,17,-5,0
49,158762,240,311,147,17,-5,0
49,158779,235,311,147,17,-5,0
49,158796,230,311,147,17,-5,0
49,158813,225,311,147,17,-5,0
49,158830,220,311,147,17,-5,0
49,158846,215,311,147,17,-5,0
49,158862,210,311,147,17,-5,0
49,158879,205,311,147,17,-5,0
49,158895,200,311,147,17,-5,0
49,158911,195,311,147,17,-5,0
49,158927,190,311,147,17,-5,0
49,158943,185,306,147,17,-5,-5
49,158960,180,301,147,17,-5,-5
49,158977,180,296,147,17,0,-5
49,158994,180,291,147,17,0,-5
49,159011,180,286,147,17,0,-5
49,159027,180,281,147,17,0,-5
49,159044,180,276,147,17,0,-5
49,159061,180,271,147,17,0,-5
49,159078,180,266,147,17,0,-5
49,159094,180,261,147,17,0,-5
49,159110,180,256,147,17,0,-5
49,159127,180,251,147,17,0,-5
49,159144,180,246,147,17,0,-5
49,159161,180,241,147,17,0,-5
49,159177,180,236,147,17,0,-5
49,159193,180,231,147,17,0,-5
49,159210,180,226,147,17,0,-5
49,159226,180,221,147,17,0,-5
49,159244,180,216,147,17,0,-5
49,159260,180,211,147,17,0,-5
49,159277,180,206,147,17,0,-5
49,159293,180,201,147,17,0,-5
49,159310,180,196,147,17,0,-5
49,159327,180,191,147,17,0,-5
49,159344,180,186,147,17,0,-5
49,159361,180,181,147,17,0,-5
49,159378,180,176,147,17,0,-5
49,159395,180,171,147,17,0,-5
49,159412,175,166,147,17,-5,-5
49,159429,170,161,147,17,-5,-5
49,159446,165,156,147,17,-5,-5
49,159462,160,151,147,17,-5,-5
49,159479,160,146,147,17,0,-5
49,159496,160,141,147,17,0,-5
49,159512,160,136,147,17,0,-5
49,159529,160,131,147,17,0,-5
49,159546,160,126,147,17,0,-5
49,159563,160,121,147,17,0,-5
49,159580,160,116,147,17,0,-5
49,159597,160,111,147,17,0,-5
49,159614,160,106,147,17,0,-5
49,159631,160,101,147,17,0,-5
49,159648,160,96,147,17,0,-5
49,159665,160,91,147,17,0,-5
49,159681,160,86,147,17,0,-5
49,159697,160,81,147,17,0,-5
49,159714,160,76,147,17,0,-5
49,159731,160,71,147,17,0,-5
49,159748,160,66,147,17,0,-5
49,159766,160,61,147,17,0,-5
49,159783,160,56,147,17,0,-5
49,159799,160,51,147,17,0,-5
49,159816,160,46,147,17,0,-5
49,159833,160,41,147,17,0,-5
50,161874,440,423,47,79,-5,0
50,161891,435,423,47,79,-5,0
50,161908,430,423,47,79,-5,0
50,161925,425,423,47,79,-5,0
50,161941,420,423,47,79,-5,0
50,161958,415,423,47,79,-5,0
50,161975,410,423,47,79,-5,0
50,161992,405,423,47,79,-5,0
50,162008,400,423,47,79,-5,0
50,162024,395,423,47,79,-5,0
50,162040,390,423,47,79,-5,0
50,162057,385,423,47,79,-5,0
50,162074,380,423,47,79,-5,0
50,162091,375,423,47,79,-5,0
50,162108,370,423,47,79,-5,0
50,162125,365,423,47,79,-5,0
50,162142,360,423,47,79,-5,0
50,162159,355,423,47,79,-5,0
50,162176,350,423,47,79,-5,0
50,162193,345,423,47,79,-5,0
50,162210,340,423,47,79,-5,0
50,162227,335,423,47,79,-5,0
50,162244,330,423,47,79,-5,0
50,162261,325,418,47,79,-5,-5
50,162278,320,413,47,79,-5,-5
50,162295,315,408,47,79,-5,-5
50,162312,310,403,47,79,-5,-5
50,162328,305,398,47,79,-5,-5
50,162345,300,393,47,79,-5,-5
50,162361,295,388,47,79,-5,-5
50,162378,290,383,47,79,-5,-5
50,162395,285,378,47,79,-5,-5
50,162412,280,373,47,79,-5,-5
50,162429,275,368,47,79,-5,-5
50,162446,270,363,47,79,-5,-5
50,162463,265,358,47,79,-5,-5
50,162480,260,353,47,79,-5,-5
50,162497,255,348,47,79,-5,-5
50,162513,250,343,47,79,-5,-5
50,162530,245,338,47,79,-5,-5
50,162547,240,333,47,79,-5,-5
50,162564,235,328,47,79,-5,-5
50,162581,230,323,47,79,-5,-5
50,162598,225,318,47,79,-5,-5
50,162615,220,313,47,79,-5,-5
50,162632,215,308,47,79,-5,-5
50,162649,210,303,47,79,-5,-5
50,162666,205,298,47,79,-5,-5
50,162683,200,293,47,79,-5,-5
50,162699,195,288,47,79,-5,-5
50,162716,190,283,47,79,-5,-5
50,162733,185,278,47,79,-5,-5
50,162750,180,273,47,79,-5,-5
50,162767,175,268,47,79,-5,-5
50,162784,170,263,47,79,-5,-5
50,162801,165,258,47,79,-5,-5
50,162819,160,253,47,79,-5,-5
50,162836,155,248,47,79,-5,-5
50,162853,150,243,47,79,-5,-5
50,162869,145,238,47,79,-5,-5
50,162886,140,233,47,79,-5,-5
50,162903,135,233,47,79,-5,0
50,162920,130,233,47,79,-5,0
50,162937,125,233,47,79,-5,0
50,162954,120,233,47,79,-5,0
50,162971,115,233,47,79,-5,0
50,162988,110,233,47,79,-5,0
50,163005,105,233,47,79,-5,0
50,163022,100,233,47,79,-5,0
50,163039,95,233,47,79,-5,0
50,163056,90,233,47,79,-5,0
50,163073,85,233,47,79,-5,0
50,163089,80,233,47,79,-5,0
50,163106,75,233,47,79,-5,0
50,163123,70,233,47,79,-5,0
50,163140,65,233,47,79,-5,0
50,163157,60,233,47,79,-5,0
50,163173,55,233,47,79,-5,0
50,163191,50,228,47,79,-5,-5
50,163208,45,223,47,79,-5,-5
50,163225,40,218,47,79,-5,-5
50,163242,35,213,47,79,-5,-5
50,163259,30,208,47,79,-5,-5
50,163276,25,203,47,79,-5,-5
50,163293,20,198,47,79,-5,-5
50,163310,15,193,47,79,-5,-5
50,163327,10,188,47,79,-5,-5
50,163344,5,183,47,79,-5,-5
50,163363,5,178,47,79,0,-5
50,163618,10,178,47,79,5,0
50,163635,15,178,47,79,5,0
50,163652,20,178,47,79,5,0
50,163669,25,178,47,79,5,0
50,163686,30,178,47,79,5,0
50,163703,35,178,47,79,5,0
50,163836,35,173,47,79,0,-5
50,163853,35,168,47,79,0,-5
50,163869,35,163,47,79,0,-5
50,163885,35,158,47,79,0,-5
50,163902,35,153,47,79,0,-5
50,163918,35,148,47,79,0,-5
50,163935,35,143,47,79,0,-5
50,163952,35,138,47,79,0,-5
50,163969,35,133,47,79,0,-5
50,163986,35,128,47,79,0,-5
50,164003,35,123,47,79,0,-5
50,164020,35,118,47,79,0,-5
50,164037,35,113,47,79,0,-5
50,164055,35,108,47,79,0,-5
50,164071,35,103,47,79,0,-5
50,164155,40,103,47,79,5,0
50,164172,45,103,47,79,5,0
50,164189,50,103,47,79,5,0
50,164206,55,103,47,79,5,0
50,164223,60,103,47,79,5,0
50,164240,65,103,47,79,5,0
51,166065,583,59,458,392,0,5
51,166082,583,64,458,392,0,5
51,166099,583,69,458,392,0,5
51,166116,583,74,458,392,0,5
51,166133,583,79,458,392,0,5
51,166150,583,84,458,392,0,5
51,166167,583,89,458,392,0,5
51,166183,583,94,458,392,0,5
51,166200,583,99,458,392,0,5
51,166217,583,104,458,392,0,5
51,166234,583,109,458,392,0,5
51,166251,583,114,458,392,0,5
51,166269,583,119,458,392,0,5
51,166285,583,124,458,392,0,5
51,166301,583,129,458,392,0,5
51,166318,583,134,458,392,0,5
51,166335,583,139,458,392,0,5
51,166352,583,144,458,392,0,5
51,166369,583,149,458,392,0,5
51,166386,583,154,458,392,0,5
51,166403,583,159,458,392,0,5
51,166420,583,164,458,392,0,5
51,166437,583,169,458,392,0,5
51,166454,583,174,458,392,0,5
51,166470,583,179,458,392,0,5
51,166487,583,184,458,392,0,5
51,166504,583,189,458,392,0,5
51,166520,583,194,458,392,0,5
51,166537,583,199,458,392,0,5
51,166554,583,204,458,392,0,5
51,166571,583,209,458,392,0,5
51,166587,583,214,458,392,0,5
51,166604,583,219,458,392,0,5
51,166621,583,224,458,392,0,5
51,166638,583,229,458,392,0,5
51,166654,583,234,458,392,0,5
51,166671,583,239,458,392,0,5
51,166688,583,244,458,392,0,5
51,166705,583,249,458,392,0,5
51,166722,583,254,458,392,0,5
51,166739,583,259,458,392,0,5
51,166756,583,264,458,392,0,5
51,166773,583,269,458,392,0,5
51,166790,583,274,458,392,0,5
51,166807,583,279,458,392,0,5
51,166824,583,284,458,392,0,5
51,166840,583,289,458,392,0,5
51,166857,583,294,458,392,0,5
51,166873,583,299,458,392,0,5
51,166892,583,304,458,392,0,5
51,166909,583,309,458,392,0,5
51,166926,583,314,458,392,0,5
51,166943,583,319,458,392,0,5
51,166960,583,324,458,392,0,5
51,166976,583,329,458,392,0,5
51,166992,583,334,458,392,0,5
51,167008,583,339,458,392,0,5
51,167025,583,344,458,392,0,5
51,167042,583,349,458,392,0,5
51,167059,583,354,458,392,0,5
51,167075,583,359,458,392,0,5
51,167092,583,364,458,392,0,5
51,167109,583,369,458,392,0,5
51,167127,583,374,458,392,0,5
51,167145,583,379,458,392,0,5
51,167161,583,384,458,392,0,5
51,167178,583,389,458,392,0,5
51,167195,583,394,458,392,0,5
51,167212,583,399,458,392,0,5
51,167229,578,404,458,392,-5,5
51,167246,573,404,458,392,-5,0
51,167263,568,404,458,392,-5,0
51,167280,563,404,458,392,-5,0
51,167296,558,404,458,392,-5,0
51,167313,553,404,458,392,-5,0
51,167330,548,404,458,392,-5,0
51,167347,543,404,458,392,-5,0
51,167364,538,404,458,392,-5,0
51,167381,533,404,458,392,-5,0
51,167398,528,404,458,392,-5,0
51,167415,523,404,458,392,-5,0
51,167431,518,404,458,392,-5,0
51,167449,513,404,458,392,-5,0
51,167466,508,404,458,392,-5,0
51,167483,503,404,458,392,-5,0
51,167500,498,404,458,392,-5,0
51,167517,493,404,458,392,-5,0
51,167534,488,404,458,392,-5,0
51,167551,483,404,458,392,-5,0
51,167736,478,404,458,392,-5,0
52,169350,188,450,144,229,-5,0
52,169367,183,450,144,229,-5,0
52,169384,178,450,144,229,-5,0
52,169401,173,450,144,229,-5,0
52,169418,168,450,144,229,-5,0
52,169435,163,450,144,229,-5,0
52,169452,158,450,144,229,-5,0
52,169469,153,450,144,229,-5,0
52,169570,153,445,144,229,0,-5
52,169587,153,440,144,229,0,-5
52,169604,153,435,144,229,0,-5
52,169621,153,430,144,229,0,-5
52,169638,153,425,144,229,0,-5
52,169656,153,420,144,229,0,-5
52,169673,153,415,144,229,0,-5
52,169690,153,410,144,229,0,-5
52,169706,153,405,144,229,0,-5
52,169723,153,400,144,229,0,-5
52,169740,153,395,144,229,0,-5
52,169757,153,390,144,229,0,-5
52,169774,153,385,144,229,0,-5
52,169791,153,380,144,229,0,-5
52,169808,153,375,144,229,0,-5
52,169825,153,370,144,229,0,-5
52,169842,153,365,144,229,0,-5
52,169859,153,360,144,229,0,-5
52,169876,153,355,144,229,0,-5
52,169893,153,350,144,229,0,-5
52,169910,153,345,144,229,0,-5
52,169927,153,340,144,229,0,-5
52,169944,153,335,144,229,0,-5
52,169961,153,330,144,229,0,-5
52,169978,153,325,144,229,0,-5
52,169995,153,320,144,229,0,-5
52,170012,153,315,144,229,0,-5
52,170030,153,310,144,229,0,-5
52,170046,153,305,144,229,0,-5
52,170063,153,300,144,229,0,-5
52,170080,153,295,144,229,0,-5
52,170097,153,290,144,229,0,-5
52,170114,153,285,144,229,0,-5
52,170131,153,280,144,229,0,-5
52,170148,153,275,144,229,0,-5
52,170164,153,270,144,229,0,-5
52,170181,153,265,144,229,0,-5
52,170198,153,260,144,229,0,-5
52,170215,153,255,144,229,0,-5
52,170232,153,250,144,229,0,-5
53,171845,391,136,266,500,0,5
53,171862,391,141,266,500,0,5
53,171880,391,146,266,500,0,5
53,171897,391,151,266,500,0,5
53,171914,391,156,266,500,0,5
53,171930,391,161,266,500,0,5
53,171947,391,166,266,500,0,5
53,171963,391,171,266,500,0,5
53,171979,391,176,266,500,0,5
53,171995,391,181,266,500,0,5
53,172012,391,186,266,500,0,5
53,172029,391,191,266,500,0,5
53,172045,391,196,266,500,0,5
53,172062,391,201,266,500,0,5
53,172079,391,206,266,500,0,5
53,172096,391,211,266,500,0,5
53,172113,391,216,266,500,0,5
53,172130,391,221,266,500,0,5
53,172147,391,226,266,500,0,5
53,172165,391,231,266,500,0,5
53,172182,391,236,266,500,0,5
53,172199,391,241,266,500,0,5
53,172216,391,246,266,500,0,5
53,172233,391,251,266,500,0,5
53,172249,391,256,266,500,0,5
53,172266,391,261,266,500,0,5
53,172283,391,266,266,500,0,5
53,172300,391,271,266,500,0,5
53,172316,391,276,266,500,0,5
53,172333,391,281,266,500,0,5
53,172349,391,286,266,500,0,5
53,172366,391,291,266,500,0,5
53,172383,391,296,266,500,0,5
53,172400,391,301,266,500,0,5
53,172417,391,306,266,500,0,5
53,172434,391,311,266,500,0,5
53,172451,391,316,266,500,0,5
53,172468,391,321,266,500,0,5
53,172484,391,326,266,500,0,5
53,172501,391,331,266,500,0,5
53,172518,391,336,266,500,0,5
53,172535,391,341,266,500,0,5
53,172552,391,346,266,500,0,5
53,172568,391,351,266,500,0,5
53,172584,391,356,266,500,0,5
53,172601,391,361,266,500,0,5
53,172618,391,366,266,500,0,5
53,172635,391,371,266,500,0,5
53,172652,391,376,266,500,0,5
53,172669,391,381,266,500,0,5
53,172686,391,386,266,500,0,5
53,172702,391,391,266,500,0,5
53,172719,391,396,266,500,0,5
53,172736,391,401,266,500,0,5
53,172753,391,406,266,500,0,5
53,172770,391,411,266,500,0,5
53,172786,391,416,266,500,0,5
53,172803,391,421,266,500,0,5
53,172819,391,426,266,500,0,5
53,172836,391,431,266,500,0,5
53,172853,391,436,266,500,0,5
53,172871,391,441,266,500,0,5
53,172888,391,446,266,500,0,5
53,172904,391,451,266,500,0,5
53,172920,391,456,266,500,0,5
53,172937,391,461,266,500,0,5
53,172954,391,466,266,500,0,5
53,172971,391,471,266,500,0,5
53,172987,391,476,266,500,0,5
53,173004,391,481,266,500,0,5
53,173021,391,486,266,500,0,5
53,173038,391,491,266,500,0,5
53,173055,391,496,266,500,0,5
53,173072,391,501,266,500,0,5
53,173089,391,506,266,500,0,5
53,173106,391,511,266,500,0,5
53,173123,386,511,266,500,-5,0
53,173140,381,511,266,500,-5,0
53,173157,376,511,266,500,-5,0
53,173173,371,511,266,500,-5,0
53,173190,366,511,266,500,-5,0
53,173207,361,511,266,500,-5,0
53,173224,356,511,266,500,-5,0
53,173242,351,511,266,500,-5,0
53,173258,346,511,266,500,-5,0
53,173274,341,511,266,500,-5,0
53,173290,336,511,266,500,-5,0
53,173306,331,511,266,500,-5,0
53,173323,326,511,266,500,-5,0
53,173340,321,511,266,500,-5,0
53,173357,316,511,266,500,-5,0
53,173374,311,511,266,500,-5,0
53,173391,306,511,266,500,-5,0
53,173408,301,511,266,500,-5,0
53,173425,296,511,266,500,-5,0
53,173442,291,511,266,500,-5,0
53,173460,286,511,266,500,-5,0
54,175338,465,504,615,190,0,-5
54,175355,465,499,615,190,0,-5
54,175372,465,494,615,190,0,-5
54,175389,465,489,615,190,0,-5
54,175405,465,484,615,190,0,-5
54,175422,465,479,615,190,0,-5
54,175439,465,474,615,190,0,-5
54,175456,465,469,615,190,0,-5
54,175473,465,464,615,190,0,-5
54,175490,465,459,615,190,0,-5
54,175507,465,454,615,190,0,-5
54,175524,465,449,615,190,0,-5
54,175541,465,444,615,190,0,-5
54,175558,465,439,615,190,0,-5
54,175575,465,434,615,190,0,-5
54,175591,465,429,615,190,0,-5
54,175608,465,424,615,190,0,-5
54,175626,465,419,615,190,0,-5
54,175643,465,414,615,190,0,-5
54,175660,465,409,615,190,0,-5
54,175677,465,404,615,190,0,-5
54,175694,465,399,615,190,0,-5
54,175711,465,394,615,190,0,-5
54,175728,465,389,615,190,0,-5
54,175745,465,384,615,190,0,-5
54,175762,465,379,615,190,0,-5
54,175779,465,374,615,190,0,-5
54,175796,465,369,615,190,0,-5
54,175813,465,364,615,190,0,-5
54,175829,465,359,615,190,0,-5
54,175846,465,354,615,190,0,-5
54,175863,465,349,615,190,0,-5
54,175880,465,344,615,190,0,-5
54,175896,465,339,615,190,0,-5
54,175912,465,334,615,190,0,-5
54,175929,465,329,615,190,0,-5
54,175946,465,324,615,190,0,-5
54,175962,465,319,615,190,0,-5
54,175979,465,314,615,190,0,-5
54,175995,465,309,615,190,0,-5
54,176012,465,304,615,190,0,-5
54,176029,465,299,615,190,0,-5
54,176046,465,294,615,190,0,-5
54,176063,465,289,615,190,0,-5
54,176080,465,284,615,190,0,-5
54,176097,465,279,615,190,0,-5
54,176114,465,274,615,190,0,-5
54,176131,465,269,615,190,0,-5
54,176148,465,264,615,190,0,-5
54,176165,465,259,615,190,0,-5
54,176182,465,254,615,190,0,-5
54,176199,465,249,615,190,0,-5
54,176216,465,244,615,190,0,-5
54,176232,465,239,615,190,0,-5
54,176249,465,234,615,190,0,-5
54,176266,470,229,615,190,5,-5
54,176283,475,229,615,190,5,0
54,176299,480,229,615,190,5,0
54,176316,485,229,615,190,5,0
54,176333,490,229,615,190,5,0
54,176350,495,229,615,190,5,0
54,176367,500,229,615,190,5,0
54,176383,505,229,615,190,5,0
54,176400,510,229,615,190,5,0
54,176417,515,229,615,190,5,0
54,176434,520,229,615,190,5,0
54,176451,525,229,615,190,5,0
54,176468,530,229,615,190,5,0
54,176484,535,229,615,190,5,0
54,176501,540,229,615,190,5,0
54,176518,545,229,615,190,5,0
54,176535,550,229,615,190,5,0
54,176552,555,229,615,190,5,0
54,176568,560,229,615,190,5,0
54,176585,565,229,615,190,5,0
54,176602,570,224,615,190,5,-5
54,176619,575,219,615,190,5,-5
54,176636,580,214,615,190,5,-5
54,176654,585,209,615,190,5,-5
54,176671,590,204,615,190,5,-5
54,176688,595,204,615,190,5,0
54,176705,600,204,615,190,5,0
54,176722,605,204,615,190,5,0
54,176739,610,204,615,190,5,0
54,176755,615,204,615,190,5,0
55,178308,326,295,102,193,-5,0
55,178325,321,295,102,193,-5,0
55,178341,316,295,102,193,-5,0
55,178358,311,295,102,193,-5,0
55,178375,306,295,102,193,-5,0
55,178392,301,295,102,193,-5,0
55,178409,296,295,102,193,-5,0
55,178426,291,295,102,193,-5,0
55,178442,286,295,102,193,-5,0
55,178459,281,295,102,193,-5,0
55,178476,276,295,102,193,-5,0
55,178493,271,295,102,193,-5,0
55,178510,266,295,102,193,-5,0
55,178526,261,295,102,193,-5,0
55,178543,256,295,102,193,-5,0
55,178560,251,295,102,193,-5,0
55,178577,246,295,102,193,-5,0
55,178593,241,295,102,193,-5,0
55,178610,236,295,102,193,-5,0
55,178627,231,295,102,193,-5,0
55,178644,226,295,102,193,-5,0
55,178661,221,295,102,193,-5,0
55,178678,216,295,102,193,-5,0
55,178695,211,295,102,193,-5,0
55,178712,206,295,102,193,-5,0
55,178728,201,295,102,193,-5,0
55,178745,196,295,102,193,-5,0
55,178762,191,295,102,193,-5,0
55,178779,186,295,102,193,-5,0
55,178796,181,295,102,193,-5,0
55,178813,176,295,102,193,-5,0
55,178830,171,295,102,193,-5,0
55,178847,166,295,102,193,-5,0
55,178864,161,295,102,193,-5,0
55,178881,156,295,102,193,-5,0
55,178898,151,295,102,193,-5,0
55,178915,146,295,102,193,-5,0
55,178932,141,295,102,193,-5,0
55,178949,136,295,102,193,-5,0
55,178966,131,295,102,193,-5,0
55,178983,126,295,102,193,-5,0
55,179000,121,290,102,193,-5,-5
55,179017,121,285,102,193,0,-5
55,179034,121,280,102,193,0,-5
55,179051,121,275,102,193,0,-5
55,179067,121,270,102,193,0,-5
55,179084,121,265,102,193,0,-5
55,179101,121,260,102,193,0,-5
55,179118,121,255,102,193,0,-5
55,179135,121,250,102,193,0,-5
55,179152,121,245,102,193,0,-5
55,179169,121,240,102,193,0,-5
55,179186,121,235,102,193,0,-5
55,179203,121,230,102,193,0,-5
55,179220,121,225,102,193,0,-5
55,179237,121,220,102,193,0,-5
55,179254,121,215,102,193,0,-5
56,180790,523,228,186,214,-5,0
56,180807,518,228,186,214,-5,0
56,180824,513,228,186,214,-5,0
56,180841,508,228,186,214,-5,0
56,180858,503,228,186,214,-5,0
56,180875,498,228,186,214,-5,0
56,180892,493,228,186,214,-5,0
56,180909,488,228,186,214,-5,0
56,180926,483,228,186,214,-5,0
56,180944,478,228,186,214,-5,0
56,180961,473,228,186,214,-5,0
56,180978,468,228,186,214,-5,0
56,180995,463,228,186,214,-5,0
56,181012,458,228,186,214,-5,0
56,181029,453,228,186,214,-5,0
56,181046,448,228,186,214,-5,0
56,181062,443,228,186,214,-5,0
56,181080,438,228,186,214,-5,0
56,181096,433,228,186,214,-5,0
56,181113,428,228,186,214,-5,0
56,181130,423,228,186,214,-5,0
56,181147,418,228,186,214,-5,0
56,181164,413,228,186,214,-5,0
56,181181,408,228,186,214,-5,0
56,181198,403,228,186,214,-5,0
56,181215,398,228,186,214,-5,0
56,181232,393,228,186,214,-5,0
56,181248,388,228,186,214,-5,0
56,181264,383,228,186,214,-5,0
56,181280,378,228,186,214,-5,0
56,181297,373,228,186,214,-5,0
56,181314,368,228,186,214,-5,0
56,181331,363,228,186,214,-5,0
56,181348,358,228,186,214,-5,0
56,181365,353,228,186,214,-5,0
56,181382,348,228,186,214,-5,0
56,181399,343,228,186,214,-5,0
56,181416,338,228,186,214,-5,0
56,181433,333,228,186,214,-5,0
56,181451,328,228,186,214,-5,0
56,181468,323,228,186,214,-5,0
56,181485,318,228,186,214,-5,0
56,181502,313,228,186,214,-5,0
56,181520,308,228,186,214,-5,0
56,181536,303,228,186,214,-5,0
56,181552,298,228,186,214,-5,0
56,181569,293,228,186,214,-5,0
56,181586,288,228,186,214,-5,0
56,181603,283,228,186,214,-5,0
56,181620,278,228,186,214,-5,0
56,181637,273,228,186,214,-5,0
56,181653,268,228,186,214,-5,0
56,181670,263,228,186,214,-5,0
56,181687,258,228,186,214,-5,0
56,181704,253,228,186,214,-5,0
56,181720,248,228,186,214,-5,0
56,181737,243,228,186,214,-5,0
56,181754,238,228,186,214,-5,0
56,181771,233,228,186,214,-5,0
56,181788,228,228,186,214,-5,0
56,181805,223,228,186,214,-5,0
56,181822,218,228,186,214,-5,0
56,181839,213,228,186,214,-5,0
56,181855,208,228,186,214,-5,0
57,183834,327,47,572,138,0,5
57,183851,327,52,572,138,0,5
57,183868,327,57,572,138,0,5
57,183885,327,62,572,138,0,5
57,183902,327,67,572,138,0,5
57,183918,327,72,572,138,0,5
57,183935,327,77,572,138,0,5
57,183952,327,82,572,138,0,5
57,183969,327,87,572,138,0,5
57,183986,327,92,572,138,0,5
57,184003,327,97,572,138,0,5
57,184020,327,102,572,138,0,5
57,184037,327,107,572,138,0,5
57,184054,327,112,572,138,0,5
57,184071,327,117,572,138,0,5
57,184088,327,122,572,138,0,5
57,184221,332,122,572,138,5,0
57,184237,337,122,572,138,5,0
57,184254,342,122,572,138,5,0
57,184271,347,122,572,138,5,0
57,184287,352,122,572,138,5,0
57,184304,357,122,572,138,5,0
57,184321,362,122,572,138,5,0
57,184338,367,122,572,138,5,0
57,184354,372,122,572,138,5,0
57,184370,377,122,572,138,5,0
57,184387,382,122,572,138,5,0
57,184404,387,122,572,138,5,0
57,184420,392,122,572,138,5,0
57,184437,397,122,572,138,5,0
57,184454,402,127,572,138,5,5
57,184471,407,132,572,138,5,5
57,184488,412,137,572,138,5,5
57,184505,417,142,572,138,5,5
57,184522,422,142,572,138,5,0
57,184539,427,142,572,138,5,0
57,184555,432,142,572,138,5,0
57,184573,437,142,572,138,5,0
57,184590,442,142,572,138,5,0
57,184607,447,142,572,138,5,0
57,184624,452,142,572,138,5,0
57,184641,457,142,572,138,5,0
57,184658,462,142,572,138,5,0
57,184675,467,142,572,138,5,0
57,184691,472,142,572,138,5,0
57,184708,477,142,572,138,5,0
57,184725,482,142,572,138,5,0
57,184741,487,142,572,138,5,0
57,184758,492,142,572,138,5,0
57,184776,497,142,572,138,5,0
57,184792,502,142,572,138,5,0
57,184809,507,142,572,138,5,0
57,184826,512,142,572,138,5,0
57,184843,517,142,572,138,5,0
57,184860,522,142,572,138,5,0
57,184877,527,142,572,138,5,0
57,184894,532,142,572,138,5,0
57,184911,537,142,572,138,5,0
57,184928,542,142,572,138,5,0
57,184945,547,142,572,138,5,0
57,184962,552,142,572,138,5,0
57,184979,557,142,572,138,5,0
57,184996,562,142,572,138,5,0
57,185013,567,142,572,138,5,0
57,185030,572,142,572,138,5,0
58,187694,285,142,260,288,0,5
58,187712,285,147,260,288,0,5
58,187729,285,152,260,288,0,5
58,187746,285,157,260,288,0,5
58,187763,285,162,260,288,0,5
58,187780,285,167,260,288,0,5
58,187797,285,172,260,288,0,5
58,187815,285,177,260,288,0,5
58,187832,285,182,260,288,0,5
58,187849,285,187,260,288,0,5
58,187866,285,192,260,288,0,5
58,187883,285,197,260,288,0,5
58,187899,285,202,260,288,0,5
58,187915,285,207,260,288,0,5
58,187931,285,212,260,288,0,5
58,187948,285,217,260,288,0,5
58,187965,285,222,260,288,0,5
58,187982,285,227,260,288,0,5
58,187999,285,232,260,288,0,5
58,188016,285,237,260,288,0,5
58,188033,285,242,260,288,0,5
58,188049,285,247,260,288,0,5
58,188066,285,252,260,288,0,5
58,188083,285,257,260,288,0,5
58,188100,285,262,260,288,0,5
58,188116,285,267,260,288,0,5
58,188132,285,272,260,288,0,5
58,188148,285,277,260,288,0,5
58,188165,285,282,260,288,0,5
58,188182,285,287,260,288,0,5
58,188199,280,292,260,288,-5,5
59,189895,570,281,213,517,0,5
59,189912,570,286,213,517,0,5
59,189929,570,291,213,517,0,5
59,189946,570,296,213,517,0,5
59,189962,570,301,213,517,0,5
59,189979,570,306,213,517,0,5
59,189995,570,311,213,517,0,5
59,190011,570,316,213,517,0,5
59,190028,570,321,213,517,0,5
59,190045,570,326,213,517,0,5
59,190062,570,331,213,517,0,5
59,190079,570,336,213,517,0,5
59,190095,570,341,213,517,0,5
59,190112,570,346,213,517,0,5
59,190129,570,351,213,517,0,5
59,190146,570,356,213,517,0,5
59,190163,570,361,213,517,0,5
59,190180,570,366,213,517,0,5
59,190197,570,371,213,517,0,5
59,190214,570,376,213,517,0,5
59,190231,570,381,213,517,0,5
59,190248,570,386,213,517,0,5
59,190264,570,391,213,517,0,5
59,190281,570,396,213,517,0,5
59,190298,570,401,213,517,0,5
59,190315,570,406,213,517,0,5
59,190332,570,411,213,517,0,5
59,190349,570,416,213,517,0,5
59,190366,570,421,213,517,0,5
59,190383,570,426,213,517,0,5
59,190399,570,431,213,517,0,5
59,190416,570,436,213,517,0,5
59,190433,570,441,213,517,0,5
59,190453,570,446,213,517,0,5
59,190470,570,451,213,517,0,5
59,190487,570,456,213,517,0,5
59,190504,570,461,213,517,0,5
59,190521,570,466,213,517,0,5
59,190538,570,471,213,517,0,5
59,190555,570,476,213,517,0,5
59,190572,570,481,213,517,0,5
59,190589,570,486,213,517,0,5
59,190606,570,491,213,517,0,5
59,190623,570,496,213,517,0,5
59,190641,570,501,213,517,0,5
59,190658,570,506,213,517,0,5
59,190675,570,511,213,517,0,5
59,190692,570,516,213,517,0,5
59,190708,570,521,213,517,0,5
59,190724,570,526,213,517,0,5
59,190741,570,531,213,517,0,5
59,190757,565,531,213,517,-5,0
59,190774,560,531,213,517,-5,0
59,190791,555,531,213,517,-5,0
59,190808,550,531,213,517,-5,0
59,190824,545,531,213,517,-5,0
59,190840,540,531,213,517,-5,0
59,190857,535,531,213,517,-5,0
59,190874,530,531,213,517,-5,0
59,190891,525,531,213,517,-5,0
59,190908,520,531,213,517,-5,0
59,190925,515,531,213,517,-5,0
59,190942,510,531,213,517,-5,0
59,190958,505,531,213,517,-5,0
59,190974,500,531,213,517,-5,0
59,190991,495,531,213,517,-5,0
59,191008,490,531,213,517,-5,0
59,191025,485,531,213,517,-5,0
59,191042,480,531,213,517,-5,0
59,191059,475,531,213,517,-5,0
59,191076,470,531,213,517,-5,0
59,191093,465,531,213,517,-5,0
59,191110,460,531,213,517,-5,0
59,191127,455,531,213,517,-5,0
59,191144,450,531,213,517,-5,0
59,191161,445,531,213,517,-5,0
59,191178,440,531,213,517,-5,0
59,191195,435,531,213,517,-5,0
59,191211,430,531,213,517,-5,0
59,191228,425,531,213,517,-5,0
59,191245,420,531,213,517,-5,0
59,191261,415,531,213,517,-5,0
59,191277,410,531,213,517,-5,0
59,191294,405,531,213,517,-5,0
59,191311,400,531,213,517,-5,0
59,191328,395,531,213,517,-5,0
59,191345,390,531,213,517,-5,0
59,191362,385,531,213,517,-5,0
59,191379,380,531,213,517,-5,0
59,191396,375,531,213,517,-5,0
59,191413,370,531,213,517,-5,0
59,191430,365,531,213,517,-5,0
59,191447,360,531,213,517,-5,0
59,191464,355,531,213,517,-5,0
59,191480,350,531,213,517,-5,0
59,191497,345,531,213,517,-5,0
59,191514,340,531,213,517,-5,0
59,191531,335,531,213,517,-5,0
59,191548,330,531,213,517,-5,0
59,191565,325,531,213,517,-5,0
59,191582,320,531,213,517,-5,0
59,191599,315,531,213,517,-5,0
59,191616,310,531,213,517,-5,0
59,191633,305,531,213,517,-5,0
59,191650,300,531,213,517,-5,0
59,191667,295,531,213,517,-5,0
59,191685,290,531,213,517,-5,0
59,191702,285,531,213,517,-5,0
59,191719,280,531,213,517,-5,0
59,191736,275,531,213,517,-5,0
59,191753,270,531,213,517,-5,0
59,191770,265,531,213,517,-5,0
59,191786,260,531,213,517,-5,0
59,191803,255,531,213,517,-5,0
59,191820,250,531,213,517,-5,0
59,191837,245,531,213,517,-5,0
59,191854,240,531,213,517,-5,0
59,191871,235,531,213,517,-5,0
60,193523,426,70,434,152,0,5
60,193539,426,75,434,152,0,5
60,193557,426,80,434,152,0,5
60,193574,426,85,434,152,0,5
60,193591,426,90,434,152,0,5
60,193608,426,95,434,152,0,5
60,193625,426,100,434,152,0,5
60,193642,426,105,434,152,0,5
60,193658,426,110,434,152,0,5
60,193675,426,115,434,152,0,5
60,193692,426,120,434,152,0,5
60,193710,426,125,434,152,0,5
60,193727,426,130,434,152,0,5
60,193744,426,135,434,152,0,5
60,193761,426,140,434,152,0,5
60,193862,431,140,434,152,5,0
60,193879,436,140,434,152,5,0
60,193896,441,140,434,152,5,0
60,193913,446,140,434,152,5,0
60,193930,451,140,434,152,5,0
60,193947,456,140,434,152,5,0
60,194100,456,145,434,152,0,5
60,194116,456,150,434,152,0,5
60,194133,456,155,434,152,0,5
60,194150,456,160,434,152,0,5
60,194167,456,165,434,152,0,5
60,194184,456,170,434,152,0,5
61,196055,452,184,234,231,0,5
61,196072,452,189,234,231,0,5
61,196089,452,194,234,231,0,5
61,196106,452,199,234,231,0,5
61,196123,452,204,234,231,0,5
61,196140,452,209,234,231,0,5
61,196157,452,214,234,231,0,5
61,196174,452,219,234,231,0,5
61,196191,452,224,234,231,0,5
61,196208,452,229,234,231,0,5
61,196225,452,234,234,231,0,5
61,196242,452,239,234,231,0,5
61,196258,452,244,234,231,0,5
61,196275,452,249,234,231,0,5
61,196292,452,254,234,231,0,5
61,196342,447,254,234,231,-5,0
61,196358,442,254,234,231,-5,0
61,196375,437,254,234,231,-5,0
61,196393,432,254,234,231,-5,0
61,196410,427,254,234,231,-5,0
61,196427,422,254,234,231,-5,0
61,196444,417,254,234,231,-5,0
61,196461,412,254,234,231,-5,0
61,196477,407,254,234,231,-5,0
61,196494,402,254,234,231,-5,0
61,196511,397,254,234,231,-5,0
61,196528,392,254,234,231,-5,0
61,196545,387,254,234,231,-5,0
61,196562,382,254,234,231,-5,0
61,196578,377,254,234,231,-5,0
61,196595,372,254,234,231,-5,0
61,196612,367,254,234,231,-5,0
61,196628,362,254,234,231,-5,0
61,196645,357,254,234,231,-5,0
61,196661,352,254,234,231,-5,0
61,196678,347,254,234,231,-5,0
61,196695,342,254,234,231,-5,0
61,196713,337,254,234,231,-5,0
61,196728,332,254,234,231,-5,0
61,196745,327,254,234,231,-5,0
61,196762,322,254,234,231,-5,0
61,196778,317,254,234,231,-5,0
61,196795,312,254,234,231,-5,0
61,196812,307,254,234,231,-5,0
61,196828,302,254,234,231,-5,0
61,196845,297,249,234,231,-5,-5
61,196862,292,244,234,231,-5,-5
61,196879,287,239,234,231,-5,-5
61,196895,282,239,234,231,-5,0
61,196912,277,239,234,231,-5,0
61,196929,272,239,234,231,-5,0
61,196946,267,239,234,231,-5,0
61,196963,262,239,234,231,-5,0
61,196980,257,239,234,231,-5,0
62,198744,204,203,115,520,0,5
62,198760,204,208,115,520,0,5
62,198776,204,213,115,520,0,5
62,198793,204,218,115,520,0,5
62,198810,204,223,115,520,0,5
62,198827,204,228,115,520,0,5
62,198843,204,233,115,520,0,5
62,198860,204,238,115,520,0,5
62,198876,204,243,115,520,0,5
62,198893,204,248,115,520,0,5
62,198910,204,253,115,520,0,5
62,198927,204,258,115,520,0,5
62,198944,204,263,115,520,0,5
62,198961,204,268,115,520,0,5
62,198978,204,273,115,520,0,5
62,198995,204,278,115,520,0,5
62,199012,204,283,115,520,0,5
62,199029,204,288,115,520,0,5
62,199046,204,293,115,520,0,5
62,199063,204,298,115,520,0,5
62,199080,204,303,115,520,0,5
62,199097,204,308,115,520,0,5
62,199114,204,313,115,520,0,5
62,199130,204,318,115,520,0,5
62,199146,204,323,115,520,0,5
62,199162,204,328,115,520,0,5
62,199178,204,333,115,520,0,5
62,199195,204,338,115,520,0,5
62,199212,204,343,115,520,0,5
62,199229,204,348,115,520,0,5
62,199246,204,353,115,520,0,5
62,199263,204,358,115,520,0,5
62,199280,204,363,115,520,0,5
62,199296,204,368,115,520,0,5
62,199313,204,373,115,520,0,5
62,199330,204,378,115,520,0,5
62,199347,204,383,115,520,0,5
62,199364,204,388,115,520,0,5
62,199381,204,393,115,520,0,5
62,199398,204,398,115,520,0,5
62,199415,204,403,115,520,0,5
62,199432,204,408,115,520,0,5
62,199448,204,413,115,520,0,5
62,199465,204,418,115,520,0,5
62,199482,204,423,115,520,0,5
62,199499,204,428,115,520,0,5
62,199516,204,433,115,520,0,5
62,199533,204,438,115,520,0,5
62,199550,204,443,115,520,0,5
62,199567,204,448,115,520,0,5
62,199584,204,453,115,520,0,5
62,199601,204,458,115,520,0,5
62,199617,204,463,115,520,0,5
62,199634,204,468,115,520,0,5
62,199651,204,473,115,520,0,5
62,199668,204,478,115,520,0,5
62,199684,204,483,115,520,0,5
62,199701,204,488,115,520,0,5
62,199718,204,493,115,520,0,5
62,199735,204,498,115,520,0,5
62,199752,204,503,115,520,0,5
62,199769,204,508,115,520,0,5
62,199786,204,513,115,520,0,5
62,199803,204,518,115,520,0,5
62,199819,204,523,115,520,0,5
62,199853,199,523,115,520,-5,0
62,199870,194,523,115,520,-5,0
62,199887,189,523,115,520,-5,0
62,199904,184,523,115,520,-5,0
62,199921,179,523,115,520,-5,0
62,199938,174,523,115,520,-5,0
62,199955,169,523,115,520,-5,0
62,199972,164,523,115,520,-5,0
62,199989,159,523,115,520,-5,0
62,200006,154,523,115,520,-5,0
62,200023,149,523,115,520,-5,0
62,200040,144,523,115,520,-5,0
62,200057,139,523,115,520,-5,0
63,201942,129,342,258,340,0,5
63,201958,129,347,258,340,0,5
63,201975,129,352,258,340,0,5
63,202174,134,352,258,340,5,0
63,202191,139,352,258,340,5,0
63,202207,144,352,258,340,5,0
63,202224,149,352,258,340,5,0
63,202241,154,352,258,340,5,0
63,202258,159,352,258,340,5,0
63,202274,164,352,258,340,5,0
63,202291,169,352,258,340,5,0
63,202308,174,352,258,340,5,0
63,202325,179,352,258,340,5,0
63,202342,184,352,258,340,5,0
63,202359,189,352,258,340,5,0
63,202375,194,352,258,340,5,0
63,202392,199,352,258,340,5,0
63,202409,204,352,258,340,5,0
63,202426,209,352,258,340,5,0
63,202442,214,352,258,340,5,0
63,202459,219,352,258,340,5,0
63,202476,224,352,258,340,5,0
63,202493,229,352,258,340,5,0
63,202510,234,352,258,340,5,0
63,202527,239,352,258,340,5,0
63,202544,244,352,258,340,5,0
63,202561,249,352,258,340,5,0
63,202578,254,352,258,340,5,0
64,204111,642,251,169,187,-5,0
64,204128,637,251,169,187,-5,0
64,204145,632,251,169,187,-5,0
64,204162,627,251,169,187,-5,0
64,204178,622,251,169,187,-5,0
64,204195,617,251,169,187,-5,0
64,204212,612,251,169,187,-5,0
64,204229,607,251,169,187,-5,0
64,204245,602,251,169,187,-5,0
64,204262,597,251,169,187,-5,0
64,204279,592,251,169,187,-5,0
64,204296,587,251,169,187,-5,0
64,204312,582,251,169,187,-5,0
64,204328,577,251,169,187,-5,0
64,204345,572,251,169,187,-5,0
64,204362,567,251,169,187,-5,0
64,204379,562,251,169,187,-5,0
64,204396,557,246,169,187,-5,-5
64,204413,552,241,169,187,-5,-5
64,204430,547,236,169,187,-5,-5
64,204447,542,231,169,187,-5,-5
64,204464,537,226,169,187,-5,-5
64,204481,532,221,169,187,-5,-5
64,204498,527,216,169,187,-5,-5
64,204515,522,211,169,187,-5,-5
64,204532,517,211,169,187,-5,0
64,204549,512,211,169,187,-5,0
64,204566,507,211,169,187,-5,0
64,204583,502,211,169,187,-5,0
64,204600,497,211,169,187,-5,0
64,204617,492,211,169,187,-5,0
64,204634,487,211,169,187,-5,0
64,204652,482,211,169,187,-5,0
64,204669,477,211,169,187,-5,0
64,204686,472,211,169,187,-5,0
64,204703,467,211,169,187,-5,0
64,204720,462,211,169,187,-5,0
64,204737,457,211,169,187,-5,0
64,204754,452,211,169,187,-5,0
64,204770,447,211,169,187,-5,0
64,204787,442,211,169,187,-5,0
64,204803,437,211,169,187,-5,0
64,204820,432,211,169,187,-5,0
64,204839,427,211,169,187,-5,0
64,204856,422,211,169,187,-5,0
64,204873,417,206,169,187,-5,-5
64,204890,412,201,169,187,-5,-5
64,204907,407,201,169,187,-5,0
64,204924,402,201,169,187,-5,0
64,204941,397,201,169,187,-5,0
64,204959,392,201,169,187,-5,0
64,204976,387,201,169,187,-5,0
64,204993,382,201,169,187,-5,0
64,205010,377,201,169,187,-5,0
64,205027,372,201,169,187,-5,0
64,205044,367,201,169,187,-5,0
64,205061,362,201,169,187,-5,0
64,205078,357,201,169,187,-5,0
64,205095,352,201,169,187,-5,0
64,205112,347,201,169,187,-5,0
64,205129,342,201,169,187,-5,0
64,205146,337,201,169,187,-5,0
64,205163,332,201,169,187,-5,0
64,205180,327,201,169,187,-5,0
64,205197,322,201,169,187,-5,0
64,205214,317,201,169,187,-5,0
64,205232,312,201,169,187,-5,0
64,205249,307,201,169,187,-5,0
64,205266,302,201,169,187,-5,0
64,205283,297,201,169,187,-5,0
64,205300,292,201,169,187,-5,0
64,205317,287,201,169,187,-5,0
64,205334,282,201,169,187,-5,0
64,205351,277,201,169,187,-5,0
64,205367,272,201,169,187,-5,0
64,205384,267,201,169,187,-5,0
64,205401,262,201,169,187,-5,0
64,205417,257,201,169,187,-5,0
64,205434,252,201,169,187,-5,0
64,205451,247,201,169,187,-5,0
64,205467,242,201,169,187,-5,0
64,205484,237,201,169,187,-5,0
64,205501,232,201,169,187,-5,0
64,205518,227,201,169,187,-5,0
64,205535,222,201,169,187,-5,0
64,205552,217,201,169,187,-5,0
64,205569,212,201,169,187,-5,0
64,205586,207,201,169,187,-5,0
64,205602,202,201,169,187,-5,0
64,205618,197,201,169,187,-5,0
64,205634,192,201,169,187,-5,0
65,207819,335,130,275,438,0,5
65,207836,335,135,275,438,0,5
65,207853,335,140,275,438,0,5
65,207869,335,145,275,438,0,5
65,207886,335,150,275,438,0,5
65,207904,335,155,275,438,0,5
65,207920,335,160,275,438,0,5
65,207937,335,165,275,438,0,5
65,207953,335,170,275,438,0,5
65,207970,335,175,275,438,0,5
65,207986,335,180,275,438,0,5
65,208003,335,185,275,438,0,5
65,208019,335,190,275,438,0,5
65,208035,335,195,275,438,0,5
65,208052,335,200,275,438,0,5
65,208069,335,205,275,438,0,5
65,208086,335,210,275,438,0,5
65,208103,335,215,275,438,0,5
65,208120,335,220,275,438,0,5
65,208137,335,225,275,438,0,5
65,208154,335,230,275,438,0,5
65,208171,335,235,275,438,0,5
65,208187,335,240,275,438,0,5
65,208204,335,245,275,438,0,5
65,208221,335,250,275,438,0,5
65,208238,335,255,275,438,0,5
65,208254,330,260,275,438,-5,5
65,208271,325,265,275,438,-5,5
65,208288,320,270,275,438,-5,5
65,208305,315,275,275,438,-5,5
65,208322,310,280,275,438,-5,5
65,208338,305,285,275,438,-5,5
65,208355,300,290,275,438,-5,5
65,208373,295,295,275,438,-5,5
65,208390,290,300,275,438,-5,5
65,208407,290,305,275,438,0,5
65,208424,285,310,275,438,-5,5
65,208441,280,315,275,438,-5,5
65,208458,275,320,275,438,-5,5
65,208475,275,325,275,438,0,5
65,208493,275,330,275,438,0,5
65,208510,275,335,275,438,0,5
65,208527,275,340,275,438,0,5
65,208544,275,345,275,438,0,5
65,208560,275,350,275,438,0,5
65,208577,275,355,275,438,0,5
65,208594,275,360,275,438,0,5
65,208611,275,365,275,438,0,5
65,208628,275,370,275,438,0,5
65,208644,275,375,275,438,0,5
65,208661,275,380,275,438,0,5
65,208678,275,385,275,438,0,5
65,208695,275,390,275,438,0,5
65,208712,275,395,275,438,0,5
65,208729,275,400,275,438,0,5
65,208746,275,405,275,438,0,5
65,208763,275,410,275,438,0,5
65,208779,275,415,275,438,0,5
65,208796,275,420,275,438,0,5
65,208813,275,425,275,438,0,5
65,208830,275,430,275,438,0,5
65,208847,275,435,275,438,0,5
65,208864,275,440,275,438,0,5
65,208881,275,445,275,438,0,5
65,208898,275,450,275,438,0,5
66,210801,350,515,685,274,0,-5
66,210818,350,510,685,274,0,-5
66,210835,350,505,685,274,0,-5
66,210852,350,500,685,274,0,-5
66,210868,350,495,685,274,0,-5
66,210885,350,490,685,274,0,-5
66,210902,350,485,685,274,0,-5
66,210919,350,480,685,274,0,-5
66,210936,350,475,685,274,0,-5
66,210953,350,470,685,274,0,-5
66,210970,350,465,685,274,0,-5
66,210986,350,460,685,274,0,-5
66,211002,350,455,685,274,0,-5
66,211018,350,450,685,274,0,-5
66,211035,350,445,685,274,0,-5
66,211052,350,440,685,274,0,-5
66,211069,350,435,685,274,0,-5
66,211085,350,430,685,274,0,-5
66,211102,350,425,685,274,0,-5
66,211119,350,420,685,274,0,-5
66,211136,350,415,685,274,0,-5
66,211153,350,410,685,274,0,-5
66,211170,350,405,685,274,0,-5
66,211187,350,400,685,274,0,-5
66,211203,350,395,685,274,0,-5
66,211220,350,390,685,274,0,-5
66,211237,350,385,685,274,0,-5
66,211254,350,380,685,274,0,-5
66,211270,350,375,685,274,0,-5
66,211287,350,370,685,274,0,-5
66,211304,350,365,685,274,0,-5
66,211321,350,360,685,274,0,-5
66,211338,350,355,685,274,0,-5
66,211355,350,350,685,274,0,-5
66,211372,350,345,685,274,0,-5
66,211389,350,340,685,274,0,-5
66,211406,350,335,685,274,0,-5
66,211423,350,330,685,274,0,-5
66,211440,350,325,685,274,0,-5
66,211457,355,320,685,274,5,-5
66,211474,360,320,685,274,5,0
66,211491,365,320,685,274,5,0
66,211509,370,320,685,274,5,0
66,211526,375,320,685,274,5,0
66,211543,380,320,685,274,5,0
66,211560,385,320,685,274,5,0
66,211577,390,320,685,274,5,0
66,211594,395,320,685,274,5,0
66,211610,400,320,685,274,5,0
66,211626,405,320,685,274,5,0
66,211642,410,320,685,274,5,0
66,211658,415,320,685,274,5,0
66,211675,420,320,685,274,5,0
66,211692,425,320,685,274,5,0
66,211709,430,320,685,274,5,0
66,211726,435,320,685,274,5,0
66,211743,440,320,685,274,5,0
66,211759,445,320,685,274,5,0
66,211776,450,320,685,274,5,0
66,211793,455,320,685,274,5,0
66,211810,460,320,685,274,5,0
66,211827,465,320,685,274,5,0
66,211843,470,315,685,274,5,-5
66,211860,475,310,685,274,5,-5
66,211876,480,305,685,274,5,-5
66,211893,485,300,685,274,5,-5
66,211910,490,300,685,274,5,0
66,211927,495,300,685,274,5,0
66,211943,500,300,685,274,5,0
66,211960,505,300,685,274,5,0
66,211977,510,300,685,274,5,0
66,211994,515,300,685,274,5,0
66,212011,520,300,685,274,5,0
66,212028,525,300,685,274,5,0
66,212044,530,300,685,274,5,0
66,212060,535,300,685,274,5,0
66,212077,540,300,685,274,5,0
66,212094,545,300,685,274,5,0
66,212110,550,300,685,274,5,0
66,212127,555,300,685,274,5,0
66,212143,560,300,685,274,5,0
66,212160,565,300,685,274,5,0
66,212177,570,300,685,274,5,0
66,212194,575,300,685,274,5,0
66,212211,580,300,685,274,5,0
66,212227,585,300,685,274,5,0
66,212244,590,300,685,274,5,0
66,212260,595,300,685,274,5,0
66,212277,600,300,685,274,5,0
66,212294,605,295,685,274,5,-5
66,212311,610,290,685,274,5,-5
66,212328,615,285,685,274,5,-5
66,212345,620,285,685,274,5,0
66,212362,625,285,685,274,5,0
66,212379,630,285,685,274,5,0
66,212395,635,285,685,274,5,0
66,212412,640,285,685,274,5,0
66,212429,645,285,685,274,5,0
66,212446,650,285,685,274,5,0
66,212463,655,285,685,274,5,0
66,212480,660,285,685,274,5,0
66,212497,665,285,685,274,5,0
66,212514,670,285,685,274,5,0
66,212531,675,285,685,274,5,0
66,212547,680,285,685,274,5,0
66,212564,685,285,685,274,5,0
67,214216,22,494,633,99,0,-5
67,214233,22,489,633,99,0,-5
67,214250,22,484,633,99,0,-5
67,214266,22,479,633,99,0,-5
67,214283,22,474,633,99,0,-5
67,214300,22,469,633,99,0,-5
67,214317,22,464,633,99,0,-5
67,214334,22,459,633,99,0,-5
67,214351,22,454,633,99,0,-5
67,214368,22,449,633,99,0,-5
67,214385,22,444,633,99,0,-5
67,214402,22,439,633,99,0,-5
67,214419,22,434,633,99,0,-5
67,214436,22,429,633,99,0,-5
67,214453,22,424,633,99,0,-5
67,214470,22,419,633,99,0,-5
67,214486,22,414,633,99,0,-5
67,214504,22,409,633,99,0,-5
67,214520,22,404,633,99,0,-5
67,214538,22,399,633,99,0,-5
67,214555,22,394,633,99,0,-5
67,214571,22,389,633,99,0,-5
67,214588,22,384,633,99,0,-5
67,214605,22,379,633,99,0,-5
67,214622,22,374,633,99,0,-5
67,214638,22,369,633,99,0,-5
67,214655,22,364,633,99,0,-5
67,214672,22,359,633,99,0,-5
67,214689,22,354,633,99,0,-5
67,214706,22,349,633,99,0,-5
67,214723,22,344,633,99,0,-5
67,214740,22,339,633,99,0,-5
67,214757,22,334,633,99,0,-5
67,214774,22,329,633,99,0,-5
67,214791,22,324,633,99,0,-5
67,214808,22,319,633,99,0,-5
67,214825,22,314,633,99,0,-5
67,214842,22,309,633,99,0,-5
67,214860,22,304,633,99,0,-5
67,214876,22,299,633,99,0,-5
67,214893,22,294,633,99,0,-5
67,214910,22,289,633,99,0,-5
67,214927,22,284,633,99,0,-5
67,214944,22,279,633,99,0,-5
67,214961,22,274,633,99,0,-5
67,214978,22,269,633,99,0,-5
67,214995,22,264,633,99,0,-5
67,215012,22,259,633,99,0,-5
67,215029,22,254,633,99,0,-5
67,215046,22,249,633,99,0,-5
67,215063,22,244,633,99,0,-5
67,215081,22,239,633,99,0,-5
67,215098,22,234,633,99,0,-5
67,215115,22,229,633,99,0,-5
67,215132,22,224,633,99,0,-5
67,215149,22,219,633,99,0,-5
67,215166,22,214,633,99,0,-5
67,215183,22,209,633,99,0,-5
67,215200,22,204,633,99,0,-5
67,215217,22,199,633,99,0,-5
67,215234,22,194,633,99,0,-5
67,215251,22,189,633,99,0,-5
67,215269,22,184,633,99,0,-5
67,215286,22,179,633,99,0,-5
67,215303,22,174,633,99,0,-5
67,215319,22,169,633,99,0,-5
67,215336,22,164,633,99,0,-5
67,215352,22,159,633,99,0,-5
67,215369,22,154,633,99,0,-5
67,215386,22,149,633,99,0,-5
67,215403,22,144,633,99,0,-5
67,215420,22,139,633,99,0,-5
67,215437,22,134,633,99,0,-5
67,215454,22,129,633,99,0,-5
67,215470,27,124,633,99,5,-5
67,215487,32,119,633,99,5,-5
67,215504,37,119,633,99,5,0
67,215521,42,119,633,99,5,0
67,215538,47,119,633,99,5,0
67,215555,52,119,633,99,5,0
67,215572,57,119,633,99,5,0
67,215589,62,119,633,99,5,0
67,215606,67,119,633,99,5,0
67,215623,72,119,633,99,5,0
67,215639,77,119,633,99,5,0
67,215656,82,119,633,99,5,0
67,215673,87,119,633,99,5,0
67,215690,92,119,633,99,5,0
67,215707,97,119,633,99,5,0
67,215724,102,119,633,99,5,0
67,215741,107,119,633,99,5,0
67,215758,112,119,633,99,5,0
67,215775,117,119,633,99,5,0
67,215792,122,119,633,99,5,0
67,215809,127,119,633,99,5,0
67,215826,132,119,633,99,5,0
67,215843,137,119,633,99,5,0
67,215859,142,119,633,99,5,0
67,215875,147,119,633,99,5,0
67,215892,152,119,633,99,5,0
67,215909,157,119,633,99,5,0
67,215926,162,119,633,99,5,0
67,215943,167,119,633,99,5,0
67,215959,172,119,633,99,5,0
67,215976,177,119,633,99,5,0
67,215993,182,119,633,99,5,0
67,216010,187,114,633,99,5,-5
67,216027,192,109,633,99,5,-5
67,216044,197,104,633,99,5,-5
67,216061,202,99,633,99,5,-5
67,216077,207,94,633,99,5,-5
67,216094,212,89,633,99,5,-5
67,216110,217,89,633,99,5,0
67,216127,222,89,633,99,5,0
67,216144,227,89,633,99,5,0
67,216161,232,89,633,99,5,0
67,216178,237,89,633,99,5,0
67,216195,242,89,633,99,5,0
67,216213,247,89,633,99,5,0
67,216230,252,89,633,99,5,0
67,216246,257,89,633,99,5,0
67,216263,262,89,633,99,5,0
67,216280,267,89,633,99,5,0
67,216296,272,89,633,99,5,0
67,216312,277,89,633,99,5,0
67,216330,282,89,633,99,5,0
67,216347,287,89,633,99,5,0
67,216364,292,89,633,99,5,0
67,216381,297,89,633,99,5,0
67,216398,302,89,633,99,5,0
67,216415,307,89,633,99,5,0
67,216431,312,89,633,99,5,0
67,216448,317,89,633,99,5,0
67,216465,322,89,633,99,5,0
67,216482,327,89,633,99,5,0
67,216499,332,94,633,99,5,5
67,216516,337,99,633,99,5,5
67,216533,342,104,633,99,5,5
67,216550,347,109,633,99,5,5
67,216567,352,114,633,99,5,5
67,216584,357,114,633,99,5,0
67,216601,362,114,633,99,5,0
67,216618,367,114,633,99,5,0
67,216634,372,114,633,99,5,0
67,216651,377,114,633,99,5,0
67,216668,382,114,633,99,5,0
67,216685,387,114,633,99,5,0
67,216702,392,114,633,99,5,0
67,216719,397,114,633,99,5,0
67,216736,402,114,633,99,5,0
67,216752,407,114,633,99,5,0
67,216769,412,114,633,99,5,0
67,216786,417,114,633,99,5,0
67,216803,422,114,633,99,5,0
67,216820,427,114,633,99,5,0
67,216837,432,114,633,99,5,0
67,216854,437,114,633,99,5,0
67,216871,442,114,633,99,5,0
67,216888,447,114,633,99,5,0
67,216905,452,114,633,99,5,0
67,216921,457,114,633,99,5,0
67,216937,462,114,633,99,5,0
67,216954,467,114,633,99,5,0
67,216971,472,114,633,99,5,0
67,216988,477,114,633,99,5,0
67,217004,482,114,633,99,5,0
67,217021,487,114,633,99,5,0
67,217038,492,114,633,99,5,0
67,217055,497,114,633,99,5,0
67,217071,502,114,633,99,5,0
67,217087,507,114,633,99,5,0
67,217104,512,114,633,99,5,0
67,217121,517,114,633,99,5,0
67,217138,522,114,633,99,5,0
67,217155,527,114,633,99,5,0
67,217172,532,114,633,99,5,0
67,217189,537,114,633,99,5,0
67,217206,542,114,633,99,5,0
67,217223,547,114,633,99,5,0
67,217239,552,114,633,99,5,0
67,217256,557,114,633,99,5,0
67,217273,562,114,633,99,5,0
67,217290,567,114,633,99,5,0
67,217307,572,114,633,99,5,0
67,217324,577,114,633,99,5,0
67,217341,582,114,633,99,5,0
67,217357,587,114,633,99,5,0
67,217374,592,114,633,99,5,0
67,217391,597,114,633,99,5,0
67,217408,602,114,633,99,5,0
67,217425,607,114,633,99,5,0
67,217442,612,114,633,99,5,0
67,217458,617,114,633,99,5,0
67,217474,622,114,633,99,5,0
67,217491,627,114,633,99,5,0
67,217507,632,114,633,99,5,0
68,219274,138,526,618,167,0,-5
68,219291,138,521,618,167,0,-5
68,219308,138,516,618,167,0,-5
68,219325,138,511,618,167,0,-5
68,219342,138,506,618,167,0,-5
68,219358,138,501,618,167,0,-5
68,219375,138,496,618,167,0,-5
68,219392,138,491,618,167,0,-5
68,219408,138,486,618,167,0,-5
68,219424,138,481,618,167,0,-5
68,219441,138,476,618,167,0,-5
68,219458,138,471,618,167,0,-5
68,219474,138,466,618,167,0,-5
68,219491,138,461,618,167,0,-5
68,219508,138,456,618,167,0,-5
68,219525,138,451,618,167,0,-5
68,219542,138,446,618,167,0,-5
68,219559,138,441,618,167,0,-5
68,219576,138,436,618,167,0,-5
68,219593,138,431,618,167,0,-5
68,219609,138,426,618,167,0,-5
68,219625,138,421,618,167,0,-5
68,219643,138,416,618,167,0,-5
68,219660,138,411,618,167,0,-5
68,219678,138,406,618,167,0,-5
68,219694,138,401,618,167,0,-5
68,219711,138,396,618,167,0,-5
68,219728,138,391,618,167,0,-5
68,219746,138,386,618,167,0,-5
68,219763,138,381,618,167,0,-5
68,219780,138,376,618,167,0,-5
68,219796,138,371,618,167,0,-5
68,219813,138,366,618,167,0,-5
68,219830,138,361,618,167,0,-5
68,219847,138,356,618,167,0,-5
68,219864,138,351,618,167,0,-5
68,219881,138,346,618,167,0,-5
68,219899,138,341,618,167,0,-5
68,219916,138,336,618,167,0,-5
68,219933,138,331,618,167,0,-5
68,219950,138,326,618,167,0,-5
68,219967,138,321,618,167,0,-5
68,219985,138,316,618,167,0,-5
68,220001,138,311,618,167,0,-5
68,220018,138,306,618,167,0,-5
68,220035,138,301,618,167,0,-5
68,220052,138,296,618,167,0,-5
68,220069,138,291,618,167,0,-5
68,220086,138,286,618,167,0,-5
68,220103,138,281,618,167,0,-5
68,220119,138,276,618,167,0,-5
68,220136,138,271,618,167,0,-5
68,220153,138,266,618,167,0,-5
68,220170,138,261,618,167,0,-5
68,220187,138,256,618,167,0,-5
68,220204,138,251,618,167,0,-5
68,220221,138,246,618,167,0,-5
68,220238,138,241,618,167,0,-5
68,220255,138,236,618,167,0,-5
68,220272,138,231,618,167,0,-5
68,220289,138,226,618,167,0,-5
68,220306,138,221,618,167,0,-5
68,220322,138,216,618,167,0,-5
68,220339,138,211,618,167,0,-5
68,220356,138,206,618,167,0,-5
68,220373,138,201,618,167,0,-5
68,220389,138,196,618,167,0,-5
68,220406,138,191,618,167,0,-5
68,220423,138,186,618,167,0,-5
68,220440,138,181,618,167,0,-5
68,220457,138,176,618,167,0,-5
68,220474,138,171,618,167,0,-5
68,220490,143,171,618,167,5,0
68,220507,148,171,618,167,5,0
68,220524,153,171,618,167,5,0
68,220541,158,171,618,167,5,0
68,220558,163,171,618,167,5,0
68,220575,168,171,618,167,5,0
68,220592,173,171,618,167,5,0
68,220609,178,171,618,167,5,0
68,220626,183,171,618,167,5,0
68,220643,188,171,618,167,5,0
68,220660,193,171,618,167,5,0
68,220677,198,171,618,167,5,0
68,220694,203,171,618,167,5,0
68,220711,208,171,618,167,5,0
68,220728,213,171,618,167,5,0
68,220745,218,171,618,167,5,0
68,220761,223,171,618,167,5,0
68,220778,228,171,618,167,5,0
68,220795,233,171,618,167,5,0
68,220812,238,171,618,167,5,0
68,220829,243,171,618,167,5,0
68,220847,248,171,618,167,5,0
68,220864,253,171,618,167,5,0
68,220881,258,171,618,167,5,0
68,220898,263,171,618,167,5,0
68,220915,268,171,618,167,5,0
68,220931,273,171,618,167,5,0
68,220948,278,171,618,167,5,0
68,220965,283,171,618,167,5,0
68,220982,288,171,618,167,5,0
68,220999,293,171,618,167,5,0
68,221016,298,171,618,167,5,0
68,221033,303,171,618,167,5,0
68,221049,308,171,618,167,5,0
68,221168,313,171,618,167,5,0
68,221184,318,171,618,167,5,0
68,221201,323,171,618,167,5,0
68,221217,328,171,618,167,5,0
68,221233,333,171,618,167,5,0
68,221250,338,171,618,167,5,0
68,221267,343,171,618,167,5,0
68,221284,348,171,618,167,5,0
68,221301,353,171,618,167,5,0
68,221318,358,171,618,167,5,0
68,221335,363,171,618,167,5,0
68,221352,368,171,618,167,5,0
68,221368,373,171,618,167,5,0
68,221385,378,171,618,167,5,0
68,221402,383,171,618,167,5,0
68,221419,388,171,618,167,5,0
68,221436,393,171,618,167,5,0
68,221452,398,171,618,167,5,0
68,221469,403,171,618,167,5,0
68,221486,408,171,618,167,5,0
68,221503,413,171,618,167,5,0
68,221520,418,171,618,167,5,0
68,221536,423,171,618,167,5,0
68,221553,428,171,618,167,5,0
68,221569,433,171,618,167,5,0
68,221585,438,171,618,167,5,0
68,221602,443,171,618,167,5,0
68,221619,448,171,618,167,5,0
68,221636,453,171,618,167,5,0
68,221653,458,171,618,167,5,0
68,221670,463,171,618,167,5,0
68,221687,468,171,618,167,5,0
68,221704,473,171,618,167,5,0
68,221721,478,171,618,167,5,0
68,221738,483,171,618,167,5,0
68,221755,488,171,618,167,5,0
68,221772,493,171,618,167,5,0
68,221789,498,171,618,167,5,0
68,221806,503,171,618,167,5,0
68,221823,508,171,618,167,5,0
68,221840,513,171,618,167,5,0
68,221857,518,171,618,167,5,0
68,221874,523,171,618,167,5,0
68,221891,528,171,618,167,5,0
68,221908,533,171,618,167,5,0
68,221925,538,171,618,167,5,0
68,221942,543,171,618,167,5,0
68,221959,548,171,618,167,5,0
68,221976,553,171,618,167,5,0
68,221992,558,171,618,167,5,0
68,222009,563,171,618,167,5,0
68,222026,568,171,618,167,5,0
68,222043,573,171,618,167,5,0
68,222060,578,171,618,167,5,0
68,222077,583,171,618,167,5,0
68,222094,588,171,618,167,5,0
68,222111,593,171,618,167,5,0
68,222128,598,171,618,167,5,0
68,222145,603,171,618,167,5,0
68,222163,608,171,618,167,5,0
68,222179,613,171,618,167,5,0
68,222195,618,171,618,167,5,0
69,223793,164,221,655,414,0,5
69,223810,164,226,655,414,0,5
69,223827,164,231,655,414,0,5
69,223843,164,236,655,414,0,5
69,223859,164,241,655,414,0,5
69,223876,164,246,655,414,0,5
69,223893,164,251,655,414,0,5
69,223910,164,256,655,414,0,5
69,223927,164,261,655,414,0,5
69,223944,164,266,655,414,0,5
69,223961,164,271,655,414,0,5
69,223978,164,276,655,414,0,5
69,223995,164,281,655,414,0,5
69,224012,164,286,655,414,0,5
69,224028,164,291,655,414,0,5
69,224044,164,296,655,414,0,5
69,224060,164,301,655,414,0,5
69,224076,164,306,655,414,0,5
69,224092,164,311,655,414,0,5
69,224109,164,316,655,414,0,5
69,224125,164,321,655,414,0,5
69,224141,164,326,655,414,0,5
69,224158,164,331,655,414,0,5
69,224174,164,336,655,414,0,5
69,224191,164,341,655,414,0,5
69,224208,164,346,655,414,0,5
69,224224,164,351,655,414,0,5
69,224240,164,356,655,414,0,5
69,224257,164,361,655,414,0,5
69,224274,164,366,655,414,0,5
69,224290,164,371,655,414,0,5
69,224307,164,376,655,414,0,5
69,224324,164,381,655,414,0,5
69,224341,164,386,655,414,0,5
69,224357,164,391,655,414,0,5
69,224374,164,396,655,414,0,5
69,224425,169,396,655,414,5,0
69,224442,174,396,655,414,5,0
69,224459,179,396,655,414,5,0
69,224476,184,396,655,414,5,0
69,224494,189,396,655,414,5,0
69,224511,194,396,655,414,5,0
69,224528,199,396,655,414,5,0
69,224545,204,396,655,414,5,0
69,224562,209,396,655,414,5,0
69,224579,214,396,655,414,5,0
69,224596,219,396,655,414,5,0
69,224613,224,396,655,414,5,0
69,224630,229,396,655,414,5,0
69,224647,234,396,655,414,5,0
69,224664,239,396,655,414,5,0
69,224681,244,396,655,414,5,0
69,224698,249,396,655,414,5,0
69,224715,254,396,655,414,5,0
69,224732,259,401,655,414,5,5
69,224749,264,406,655,414,5,5
69,224766,269,411,655,414,5,5
69,224783,274,416,655,414,5,5
69,224799,279,421,655,414,5,5
69,224816,284,421,655,414,5,0
69,224833,289,421,655,414,5,0
69,224850,294,421,655,414,5,0
69,224866,299,421,655,414,5,0
69,224883,304,421,655,414,5,0
69,224900,309,421,655,414,5,0
69,224917,314,421,655,414,5,0
69,224934,319,421,655,414,5,0
69,224951,324,421,655,414,5,0
69,224968,329,421,655,414,5,0
69,224985,334,421,655,414,5,0
69,225002,339,421,655,414,5,0
69,225019,344,421,655,414,5,0
69,225036,349,421,655,414,5,0
69,225053,354,421,655,414,5,0
69,225070,359,421,655,414,5,0
69,225088,364,421,655,414,5,0
69,225105,369,421,655,414,5,0
69,225122,374,421,655,414,5,0
69,225139,379,421,655,414,5,0
69,225156,384,421,655,414,5,0
69,225173,389,421,655,414,5,0
69,225190,394,421,655,414,5,0
69,225207,399,421,655,414,5,0
69,225224,404,421,655,414,5,0
69,225241,409,421,655,414,5,0
69,225258,414,421,655,414,5,0
69,225275,419,421,655,414,5,0
69,225292,424,421,655,414,5,0
69,225309,429,421,655,414,5,0
69,225326,434,421,655,414,5,0
69,225343,439,421,655,414,5,0
69,225360,444,421,655,414,5,0
69,225377,449,421,655,414,5,0
69,225393,454,421,655,414,5,0
69,225410,459,421,655,414,5,0
69,225427,464,421,655,414,5,0
69,225444,469,421,655,414,5,0
69,225461,474,421,655,414,5,0
69,225478,479,421,655,414,5,0
69,225495,484,421,655,414,5,0
69,225512,489,421,655,414,5,0
69,225529,494,421,655,414,5,0
69,225546,499,421,655,414,5,0
69,225563,504,421,655,414,5,0
69,225579,509,421,655,414,5,0
69,225596,514,421,655,414,5,0
69,225613,519,421,655,414,5,0
69,225630,524,421,655,414,5,0
69,225647,529,421,655,414,5,0
69,225664,534,421,655,414,5,0
69,225681,539,421,655,414,5,0
69,225698,544,421,655,414,5,0
69,225715,549,421,655,414,5,0
69,225732,554,421,655,414,5,0
69,225749,559,421,655,414,5,0
69,225766,564,421,655,414,5,0
69,225783,569,421,655,414,5,0
69,225800,574,421,655,414,5,0
69,225817,579,421,655,414,5,0
69,225833,584,421,655,414,5,0
69,225850,589,421,655,414,5,0
69,225866,594,421,655,414,5,0
69,225883,599,421,655,414,5,0
69,225899,604,421,655,414,5,0
69,225916,609,421,655,414,5,0
69,225933,614,421,655,414,5,0
69,225949,619,421,655,414,5,0
69,225966,624,421,655,414,5,0
69,225983,629,421,655,414,5,0
69,226001,634,421,655,414,5,0
69,226017,639,421,655,414,5,0
69,226034,644,421,655,414,5,0
69,226051,649,421,655,414,5,0
69,226068,654,421,655,414,5,0
70,227717,222,513,678,193,0,-5
70,227734,222,508,678,193,0,-5
70,227751,222,503,678,193,0,-5
70,227767,222,498,678,193,0,-5
70,227785,222,493,678,193,0,-5
70,227802,222,488,678,193,0,-5
70,227819,222,483,678,193,0,-5
70,227836,222,478,678,193,0,-5
70,227853,222,473,678,193,0,-5
70,227869,222,468,678,193,0,-5
70,227887,222,463,678,193,0,-5
70,227903,222,458,678,193,0,-5
70,227920,222,453,678,193,0,-5
70,227937,222,448,678,193,0,-5
70,227954,222,443,678,193,0,-5
70,227971,222,438,678,193,0,-5
70,227988,222,433,678,193,0,-5
70,228004,222,428,678,193,0,-5
70,228021,222,423,678,193,0,-5
70,228038,222,418,678,193,0,-5
70,228055,222,413,678,193,0,-5
70,228072,222,408,678,193,0,-5
70,228089,222,403,678,193,0,-5
70,228106,222,398,678,193,0,-5
70,228123,222,393,678,193,0,-5
70,228140,222,388,678,193,0,-5
70,228157,222,383,678,193,0,-5
70,228174,222,378,678,193,0,-5
70,228191,222,373,678,193,0,-5
70,228208,222,368,678,193,0,-5
70,228224,222,363,678,193,0,-5
70,228241,222,358,678,193,0,-5
70,228258,222,353,678,193,0,-5
70,228274,222,348,678,193,0,-5
70,228291,222,343,678,193,0,-5
70,228309,222,338,678,193,0,-5
70,228326,222,333,678,193,0,-5
70,228344,222,328,678,193,0,-5
70,228360,222,323,678,193,0,-5
70,228377,222,318,678,193,0,-5
70,228394,222,313,678,193,0,-5
70,228411,222,308,678,193,0,-5
70,228428,222,303,678,193,0,-5
70,228445,222,298,678,193,0,-5
70,228462,222,293,678,193,0,-5
70,228479,222,288,678,193,0,-5
70,228496,222,283,678,193,0,-5
70,228512,222,278,678,193,0,-5
70,228529,222,273,678,193,0,-5
70,228547,222,268,678,193,0,-5
70,228564,222,263,678,193,0,-5
70,228581,222,258,678,193,0,-5
70,228597,222,253,678,193,0,-5
70,228614,222,248,678,193,0,-5
70,228631,222,243,678,193,0,-5
70,228648,222,238,678,193,0,-5
70,228665,222,233,678,193,0,-5
70,228682,222,228,678,193,0,-5
70,228699,222,223,678,193,0,-5
70,228716,222,218,678,193,0,-5
70,228733,227,218,678,193,5,0
70,228750,232,218,678,193,5,0
70,228767,237,218,678,193,5,0
70,228785,242,218,678,193,5,0
70,228802,247,218,678,193,5,0
70,228819,252,218,678,193,5,0
70,228836,257,218,678,193,5,0
70,228854,262,218,678,193,5,0
70,228870,267,218,678,193,5,0
70,228887,272,218,678,193,5,0
70,228905,277,218,678,193,5,0
70,228921,282,218,678,193,5,0
70,228938,287,218,678,193,5,0
70,228955,292,218,678,193,5,0
70,228973,297,218,678,193,5,0
70,228989,302,218,678,193,5,0
70,229006,307,218,678,193,5,0
70,229023,312,218,678,193,5,0
70,229040,317,218,678,193,5,0
70,229056,322,218,678,193,5,0
70,229073,327,218,678,193,5,0
70,229090,332,218,678,193,5,0
70,229107,337,218,678,193,5,0
70,229124,342,218,678,193,5,0
70,229141,347,218,678,193,5,0
70,229157,352,218,678,193,5,0
70,229174,357,218,678,193,5,0
70,229190,362,218,678,193,5,0
70,229206,367,218,678,193,5,0
70,229223,372,218,678,193,5,0
70,229240,377,218,678,193,5,0
70,229257,382,218,678,193,5,0
70,229274,387,218,678,193,5,0
70,229291,392,218,678,193,5,0
70,229308,397,218,678,193,5,0
70,229324,402,218,678,193,5,0
70,229340,407,218,678,193,5,0
70,229357,412,218,678,193,5,0
70,229374,417,213,678,193,5,-5
70,229391,422,208,678,193,5,-5
70,229408,427,203,678,193,5,-5
70,229424,432,198,678,193,5,-5
70,229441,437,198,678,193,5,0
70,229458,442,198,678,193,5,0
70,229475,447,198,678,193,5,0
70,229492,452,198,678,193,5,0
70,229508,457,198,678,193,5,0
70,229525,462,198,678,193,5,0
70,229541,467,198,678,193,5,0
70,229558,472,198,678,193,5,0
70,229575,477,198,678,193,5,0
70,229592,482,198,678,193,5,0
70,229608,487,198,678,193,5,0
70,229624,492,198,678,193,5,0
70,229641,497,198,678,193,5,0
70,229658,502,198,678,193,5,0
70,229675,507,198,678,193,5,0
70,229691,512,198,678,193,5,0
70,229708,517,198,678,193,5,0
70,229724,522,198,678,193,5,0
70,229741,527,198,678,193,5,0
70,229758,532,198,678,193,5,0
70,229774,537,198,678,193,5,0
70,229791,542,198,678,193,5,0
70,229809,547,198,678,193,5,0
70,229826,552,198,678,193,5,0
70,229843,557,198,678,193,5,0
70,229860,562,198,678,193,5,0
70,229877,567,198,678,193,5,0
70,229894,572,198,678,193,5,0
70,229911,577,198,678,193,5,0
70,229928,582,198,678,193,5,0
70,229945,587,198,678,193,5,0
70,229962,592,198,678,193,5,0
70,229979,597,198,678,193,5,0
70,229996,602,198,678,193,5,0
70,230013,607,198,678,193,5,0
70,230030,612,198,678,193,5,0
70,230047,617,198,678,193,5,0
70,230064,622,198,678,193,5,0
70,230081,627,198,678,193,5,0
70,230098,632,198,678,193,5,0
70,230115,637,198,678,193,5,0
70,230132,642,198,678,193,5,0
70,230149,647,198,678,193,5,0
70,230166,652,198,678,193,5,0
70,230183,657,198,678,193,5,0
70,230200,662,198,678,193,5,0
70,230217,667,198,678,193,5,0
70,230233,672,198,678,193,5,0
70,230250,677,198,678,193,5,0
71,232086,338,52,452,167,0,5
71,232102,338,57,452,167,0,5
71,232119,338,62,452,167,0,5
71,232136,338,67,452,167,0,5
71,232153,338,72,452,167,0,5
71,232170,338,77,452,167,0,5
71,232187,338,82,452,167,0,5
71,232203,338,87,452,167,0,5
71,232220,338,92,452,167,0,5
71,232237,338,97,452,167,0,5
71,232254,338,102,452,167,0,5
71,232271,338,107,452,167,0,5
71,232288,338,112,452,167,0,5
71,232305,338,117,452,167,0,5
71,232322,338,122,452,167,0,5
71,232339,338,127,452,167,0,5
71,232356,338,132,452,167,0,5
71,232372,338,137,452,167,0,5
71,232389,338,142,452,167,0,5
71,232406,338,147,452,167,0,5
71,232423,338,152,452,167,0,5
71,232439,338,157,452,167,0,5
71,232457,338,162,452,167,0,5
71,232473,338,167,452,167,0,5
71,232490,338,172,452,167,0,5
71,232507,338,177,452,167,0,5
71,232524,338,182,452,167,0,5
71,232541,338,187,452,167,0,5
71,232592,343,187,452,167,5,0
71,232609,348,187,452,167,5,0
71,232625,353,187,452,167,5,0
71,232642,358,187,452,167,5,0
71,232659,363,187,452,167,5,0
71,232676,368,187,452,167,5,0
71,232692,373,187,452,167,5,0
71,232709,378,187,452,167,5,0
71,232726,383,187,452,167,5,0
71,232742,388,187,452,167,5,0
71,232759,393,187,452,167,5,0
71,232776,398,187,452,167,5,0
71,232793,403,187,452,167,5,0
71,232810,408,187,452,167,5,0
71,232827,413,187,452,167,5,0
71,232844,418,187,452,167,5,0
71,232861,423,187,452,167,5,0
71,232877,428,187,452,167,5,0
71,232894,433,187,452,167,5,0
71,232911,438,187,452,167,5,0
71,232928,443,187,452,167,5,0
71,232945,448,187,452,167,5,0
71,232963,453,187,452,167,5,0
71,232979,458,187,452,167,5,0
72,234596,637,416,361,47,-5,0
72,234613,632,416,361,47,-5,0
72,234630,627,416,361,47,-5,0
72,234646,622,416,361,47,-5,0
72,234662,617,416,361,47,-5,0
72,234678,612,416,361,47,-5,0
72,234695,607,416,361,47,-5,0
72,234712,602,416,361,47,-5,0
72,234729,597,416,361,47,-5,0
72,234746,592,416,361,47,-5,0
72,234762,587,416,361,47,-5,0
72,234779,582,416,361,47,-5,0
72,234796,577,416,361,47,-5,0
72,234813,572,416,361,47,-5,0
72,234830,567,416,361,47,-5,0
72,234848,562,416,361,47,-5,0
72,234865,557,416,361,47,-5,0
72,234882,552,416,361,47,-5,0
72,234899,547,416,361,47,-5,0
72,234916,542,416,361,47,-5,0
72,234933,537,416,361,47,-5,0
72,234950,532,416,361,47,-5,0
72,234967,527,416,361,47,-5,0
72,234984,522,416,361,47,-5,0
72,235001,517,416,361,47,-5,0
72,235018,512,416,361,47,-5,0
72,235035,507,416,361,47,-5,0
72,235052,502,416,361,47,-5,0
72,235069,497,416,361,47,-5,0
72,235085,492,416,361,47,-5,0
72,235102,487,416,361,47,-5,0
72,235119,482,416,361,47,-5,0
72,235136,477,411,361,47,-5,-5
72,235153,472,406,361,47,-5,-5
72,235170,467,401,361,47,-5,-5
72,235187,462,396,361,47,-5,-5
72,235204,457,391,361,47,-5,-5
72,235221,452,386,361,47,-5,-5
72,235238,447,381,361,47,-5,-5
72,235255,442,376,361,47,-5,-5
72,235272,437,371,361,47,-5,-5
72,235288,432,366,361,47,-5,-5
72,235305,427,361,361,47,-5,-5
72,235322,422,356,361,47,-5,-5
72,235339,417,351,361,47,-5,-5
72,235356,417,346,361,47,0,-5
72,235373,417,341,361,47,0,-5
72,235390,417,336,361,47,0,-5
72,235407,417,331,361,47,0,-5
72,235424,417,326,361,47,0,-5
72,235441,417,321,361,47,0,-5
72,235458,417,316,361,47,0,-5
72,235474,417,311,361,47,0,-5
72,235491,417,306,361,47,0,-5
72,235508,417,301,361,47,0,-5
72,235525,417,296,361,47,0,-5
72,235541,417,291,361,47,0,-5
72,235558,417,286,361,47,0,-5
72,235575,417,281,361,47,0,-5
72,235591,417,276,361,47,0,-5
72,235608,417,271,361,47,0,-5
72,235625,417,266,361,47,0,-5
72,235642,417,261,361,47,0,-5
72,235659,417,256,361,47,0,-5
72,235676,417,251,361,47,0,-5
72,235693,417,246,361,47,0,-5
72,235710,417,241,361,47,0,-5
72,235727,417,236,361,47,0,-5
72,235744,417,231,361,47,0,-5
72,235761,417,226,361,47,0,-5
72,235778,417,221,361,47,0,-5
72,235795,417,216,361,47,0,-5
72,235812,417,211,361,47,0,-5
72,235829,412,206,361,47,-5,-5
72,235845,407,201,361,47,-5,-5
72,235862,402,196,361,47,-5,-5
72,235879,397,191,361,47,-5,-5
72,235896,392,186,361,47,-5,-5
72,235914,387,181,361,47,-5,-5
72,235931,387,176,361,47,0,-5
72,235948,387,171,361,47,0,-5
72,235965,387,166,361,47,0,-5
72,235982,387,161,361,47,0,-5
72,235999,387,156,361,47,0,-5
72,236016,387,151,361,47,0,-5
72,236033,387,146,361,47,0,-5
72,236050,387,141,361,47,0,-5
72,236067,387,136,361,47,0,-5
72,236083,387,131,361,47,0,-5
72,236099,387,126,361,47,0,-5
72,236116,387,121,361,47,0,-5
72,236133,382,116,361,47,-5,-5
72,236149,377,111,361,47,-5,-5
72,236166,372,106,361,47,-5,-5
72,236183,367,101,361,47,-5,-5
72,236200,362,96,361,47,-5,-5
72,236217,357,91,361,47,-5,-5
72,236234,357,86,361,47,0,-5
72,236251,357,81,361,47,0,-5
72,236268,357,76,361,47,0,-5
72,236284,357,71,361,47,0,-5
72,236301,357,66,361,47,0,-5
72,236318,357,61,361,47,0,-5
72,236335,357,56,361,47,0,-5
72,236352,357,51,361,47,0,-5
72,236369,357,46,361,47,0,-5
72,236385,357,41,361,47,0,-5
72,236769,357,46,361,47,0,5
72,236786,357,51,361,47,0,5
72,236803,357,56,361,47,0,5
72,236820,357,61,361,47,0,5
72,236836,357,66,361,47,0,5
73,238693,166,343,68,364,0,5
73,238710,166,348,68,364,0,5
73,238727,166,353,68,364,0,5
73,238744,166,358,68,364,0,5
73,238761,166,363,68,364,0,5
73,238778,166,368,68,364,0,5
73,238794,166,373,68,364,0,5
73,238811,166,378,68,364,0,5
73,238828,166,383,68,364,0,5
73,238930,161,383,68,364,-5,0
73,238947,156,383,68,364,-5,0
73,238964,151,383,68,364,-5,0
73,238981,146,383,68,364,-5,0
73,238998,141,383,68,364,-5,0
73,239015,136,383,68,364,-5,0
73,239032,131,383,68,364,-5,0
73,239049,126,383,68,364,-5,0
73,239066,121,383,68,364,-5,0
73,239083,116,383,68,364,-5,0
73,239099,111,383,68,364,-5,0
73,239115,106,383,68,364,-5,0
73,239132,101,383,68,364,-5,0
73,239149,96,383,68,364,-5,0
73,239166,91,383,68,364,-5,0
74,240783,675,495,231,125,-5,0
74,240800,670,495,231,125,-5,0
74,240817,665,495,231,125,-5,0
74,240833,660,495,231,125,-5,0
74,240850,655,495,231,125,-5,0
74,240867,650,495,231,125,-5,0
74,240884,645,495,231,125,-5,0
74,240901,640,495,231,125,-5,0
74,240918,635,495,231,125,-5,0
74,240936,630,495,231,125,-5,0
74,240953,625,495,231,125,-5,0
74,240969,620,495,231,125,-5,0
74,240986,615,495,231,125,-5,0
74,241003,610,495,231,125,-5,0
74,241020,605,495,231,125,-5,0
74,241038,600,495,231,125,-5,0
74,241055,595,495,231,125,-5,0
74,241072,590,490,231,125,-5,-5
74,241089,585,485,231,125,-5,-5
74,241105,580,480,231,125,-5,-5
74,241121,575,475,231,125,-5,-5
74,241138,570,470,231,125,-5,-5
74,241155,565,465,231,125,-5,-5
74,241172,560,460,231,125,-5,-5
74,241189,555,455,231,125,-5,-5
74,241206,550,450,231,125,-5,-5
74,241223,545,445,231,125,-5,-5
74,241240,540,440,231,125,-5,-5
74,241257,535,435,231,125,-5,-5
74,241274,530,430,231,125,-5,-5
74,241291,525,425,231,125,-5,-5
74,241308,520,420,231,125,-5,-5
74,241325,515,415,231,125,-5,-5
74,241342,510,410,231,125,-5,-5
74,241359,505,405,231,125,-5,-5
74,241376,500,400,231,125,-5,-5
74,241393,495,395,231,125,-5,-5
74,241410,490,390,231,125,-5,-5
74,241427,485,385,231,125,-5,-5
74,241444,480,380,231,125,-5,-5
74,241461,475,375,231,125,-5,-5
74,241478,470,370,231,125,-5,-5
74,241495,465,365,231,125,-5,-5
74,241512,460,360,231,125,-5,-5
74,241529,455,355,231,125,-5,-5
74,241545,450,350,231,125,-5,-5
74,241562,445,345,231,125,-5,-5
74,241579,440,340,231,125,-5,-5
74,241596,435,335,231,125,-5,-5
74,241612,430,335,231,125,-5,0
74,241630,425,335,231,125,-5,0
74,241647,420,335,231,125,-5,0
74,241664,415,335,231,125,-5,0
74,241681,410,335,231,125,-5,0
74,241698,405,335,231,125,-5,0
74,241715,400,335,231,125,-5,0
74,241732,395,335,231,125,-5,0
74,241748,390,335,231,125,-5,0
74,241764,385,335,231,125,-5,0
74,241781,380,335,231,125,-5,0
74,241798,375,335,231,125,-5,0
74,241815,370,335,231,125,-5,0
74,241832,365,335,231,125,-5,0
74,241849,360,335,231,125,-5,0
74,241866,355,335,231,125,-5,0
74,241883,350,330,231,125,-5,-5
74,241899,345,325,231,125,-5,-5
74,241916,340,320,231,125,-5,-5
74,241933,335,315,231,125,-5,-5
74,241950,330,310,231,125,-5,-5
74,241967,325,305,231,125,-5,-5
74,241984,320,300,231,125,-5,-5
74,242001,315,295,231,125,-5,-5
74,242018,310,290,231,125,-5,-5
74,242035,305,285,231,125,-5,-5
74,242052,300,280,231,125,-5,-5
74,242069,295,280,231,125,-5,0
74,242086,290,280,231,125,-5,0
74,242103,285,280,231,125,-5,0
74,242120,280,280,231,125,-5,0
74,242137,275,280,231,125,-5,0
74,242153,270,280,231,125,-5,0
74,242170,265,280,231,125,-5,0
74,242187,260,280,231,125,-5,0
74,242204,255,280,231,125,-5,0
74,242221,250,280,231,125,-5,0
74,242238,245,280,231,125,-5,0
74,242255,240,275,231,125,-5,-5
74,242272,235,270,231,125,-5,-5
74,242289,235,265,231,125,0,-5
74,242306,235,260,231,125,0,-5
74,242323,235,255,231,125,0,-5
74,242339,235,250,231,125,0,-5
74,242356,235,245,231,125,0,-5
74,242372,235,240,231,125,0,-5
74,242389,235,235,231,125,0,-5
74,242405,235,230,231,125,0,-5
74,242421,235,225,231,125,0,-5
74,242438,235,220,231,125,0,-5
74,242455,235,215,231,125,0,-5
74,242472,235,210,231,125,0,-5
74,242488,235,205,231,125,0,-5
74,242505,235,200,231,125,0,-5
74,242522,235,195,231,125,0,-5
74,242539,235,190,231,125,0,-5
74,242556,235,185,231,125,0,-5
74,242573,235,180,231,125,0,-5
74,242589,235,175,231,125,0,-5
74,242606,235,170,231,125,0,-5
74,242624,235,165,231,125,0,-5
74,242640,235,160,231,125,0,-5
74,242657,235,155,231,125,0,-5
74,242674,235,150,231,125,0,-5
74,242692,235,145,231,125,0,-5
75,244189,304,305,34,138,-5,0
75,244206,299,305,34,138,-5,0
75,244223,294,305,34,138,-5,0
75,244240,289,305,34,138,-5,0
75,244256,284,305,34,138,-5,0
75,244272,279,305,34,138,-5,0
75,244288,274,305,34,138,-5,0
75,244305,269,305,34,138,-5,0
75,244322,264,305,34,138,-5,0
75,244339,259,305,34,138,-5,0
75,244356,254,305,34,138,-5,0
75,244373,249,305,34,138,-5,0
75,244390,244,305,34,138,-5,0
75,244407,239,305,34,138,-5,0
75,244424,234,305,34,138,-5,0
75,244441,229,305,34,138,-5,0
75,244458,224,305,34,138,-5,0
75,244475,219,305,34,138,-5,0
75,244492,214,305,34,138,-5,0
75,244509,209,305,34,138,-5,0
75,244526,204,305,34,138,-5,0
75,244543,199,305,34,138,-5,0
75,244561,194,305,34,138,-5,0
75,244578,189,305,34,138,-5,0
75,244595,184,305,34,138,-5,0
75,244612,179,305,34,138,-5,0
75,244629,174,305,34,138,-5,0
75,244645,169,305,34,138,-5,0
75,244661,164,305,34,138,-5,0
75,244677,159,305,34,138,-5,0
75,244694,154,305,34,138,-5,0
75,244711,149,305,34,138,-5,0
75,244728,144,300,34,138,-5,-5
75,244745,139,295,34,138,-5,-5
75,244762,139,290,34,138,0,-5
75,244778,139,285,34,138,0,-5
75,244794,139,280,34,138,0,-5
75,244811,139,275,34,138,0,-5
75,244828,139,270,34,138,0,-5
75,244845,139,265,34,138,0,-5
75,244861,139,260,34,138,0,-5
75,244878,139,255,34,138,0,-5
75,244894,139,250,34,138,0,-5
75,244911,139,245,34,138,0,-5
75,244928,139,240,34,138,0,-5
75,244945,139,235,34,138,0,-5
75,244962,139,230,34,138,0,-5
75,244979,139,225,34,138,0,-5
75,244996,139,220,34,138,0,-5
75,245013,139,215,34,138,0,-5
75,245030,139,210,34,138,0,-5
75,245047,139,205,34,138,0,-5
75,245064,139,200,34,138,0,-5
75,245081,139,195,34,138,0,-5
75,245098,139,190,34,138,0,-5
75,245115,134,185,34,138,-5,-5
75,245132,129,180,34,138,-5,-5
75,245149,124,175,34,138,-5,-5
75,245166,119,170,34,138,-5,-5
75,245183,114,165,34,138,-5,-5
75,245200,109,160,34,138,-5,-5
75,245217,104,155,34,138,-5,-5
75,245235,99,150,34,138,-5,-5
75,245251,94,145,34,138,-5,-5
75,245268,89,140,34,138,-5,-5
75,245285,84,135,34,138,-5,-5
75,245302,79,130,34,138,-5,-5
75,245319,74,125,34,138,-5,-5
75,245336,69,120,34,138,-5,-5
75,245353,64,115,34,138,-5,-5
75,245370,59,115,34,138,-5,0
75,245387,54,115,34,138,-5,0
75,245403,49,115,34,138,-5,0
75,245420,44,115,34,138,-5,0
75,245623,44,120,34,138,0,5
75,245640,44,125,34,138,0,5
75,245657,44,130,34,138,0,5
75,245674,44,135,34,138,0,5
76,247643,592,311,554,123,0,-5
76,247659,592,306,554,123,0,-5
76,247676,592,301,554,123,0,-5
76,247693,592,296,554,123,0,-5
76,247710,592,291,554,123,0,-5
76,247728,592,286,554,123,0,-5
76,247745,592,281,554,123,0,-5
76,247762,592,276,554,123,0,-5
76,247779,592,271,554,123,0,-5
76,247796,592,266,554,123,0,-5
76,247812,592,261,554,123,0,-5
76,247828,592,256,554,123,0,-5
76,247845,592,251,554,123,0,-5
76,247862,592,246,554,123,0,-5
76,247879,592,241,554,123,0,-5
76,247896,587,236,554,123,-5,-5
76,247913,582,231,554,123,-5,-5
76,247930,577,226,554,123,-5,-5
76,247947,572,221,554,123,-5,-5
76,247963,567,216,554,123,-5,-5
76,247980,562,211,554,123,-5,-5
76,247997,562,206,554,123,0,-5
76,248013,562,201,554,123,0,-5
76,248030,562,196,554,123,0,-5
76,248047,562,191,554,123,0,-5
76,248064,562,186,554,123,0,-5
76,248081,562,181,554,123,0,-5
76,248097,562,176,554,123,0,-5
76,248114,562,171,554,123,0,-5
76,248131,562,166,554,123,0,-5
76,248148,562,161,554,123,0,-5
76,248164,562,156,554,123,0,-5
76,248181,562,151,554,123,0,-5
76,248198,562,146,554,123,0,-5
77,249664,481,447,206,37,-5,0
77,249681,476,447,206,37,-5,0
77,249697,471,447,206,37,-5,0
77,249714,466,447,206,37,-5,0
77,249731,461,447,206,37,-5,0
77,249748,456,447,206,37,-5,0
77,249765,451,447,206,37,-5,0
77,249782,446,447,206,37,-5,0
77,249799,441,447,206,37,-5,0
77,249816,436,447,206,37,-5,0
77,249832,431,447,206,37,-5,0
77,249849,426,447,206,37,-5,0
77,249865,421,447,206,37,-5,0
77,249881,416,447,206,37,-5,0
77,249898,411,447,206,37,-5,0
77,249915,406,447,206,37,-5,0
77,249931,401,447,206,37,-5,0
77,249947,396,447,206,37,-5,0
77,249964,391,447,206,37,-5,0
77,249981,386,447,206,37,-5,0
77,249998,381,447,206,37,-5,0
77,250015,376,447,206,37,-5,0
77,250032,371,447,206,37,-5,0
77,250049,366,447,206,37,-5,0
77,250066,361,447,206,37,-5,0
77,250083,356,447,206,37,-5,0
77,250100,351,447,206,37,-5,0
77,250117,346,447,206,37,-5,0
77,250134,341,447,206,37,-5,0
77,250152,336,447,206,37,-5,0
77,250168,331,447,206,37,-5,0
77,250185,326,447,206,37,-5,0
77,250202,321,447,206,37,-5,0
77,250219,316,447,206,37,-5,0
77,250236,311,447,206,37,-5,0
77,250253,306,447,206,37,-5,0
77,250270,301,447,206,37,-5,0
77,250287,296,442,206,37,-5,-5
77,250303,291,437,206,37,-5,-5
77,250320,286,432,206,37,-5,-5
77,250337,281,427,206,37,-5,-5
77,250354,276,422,206,37,-5,-5
77,250371,271,417,206,37,-5,-5
77,250388,266,412,206,37,-5,-5
77,250405,261,407,206,37,-5,-5
77,250421,256,402,206,37,-5,-5
77,250437,251,397,206,37,-5,-5
77,250454,246,392,206,37,-5,-5
77,250471,241,387,206,37,-5,-5
77,250487,236,382,206,37,-5,-5
77,250504,231,377,206,37,-5,-5
77,250521,226,372,206,37,-5,-5
77,250537,221,367,206,37,-5,-5
77,250554,216,362,206,37,-5,-5
77,250571,211,357,206,37,-5,-5
77,250589,206,352,206,37,-5,-5
77,250606,201,347,206,37,-5,-5
77,250623,196,342,206,37,-5,-5
77,250640,196,337,206,37,0,-5
77,250657,196,332,206,37,0,-5
77,250674,196,327,206,37,0,-5
77,250691,196,322,206,37,0,-5
77,250707,196,317,206,37,0,-5
77,250723,196,312,206,37,0,-5
77,250739,196,307,206,37,0,-5
77,250755,196,302,206,37,0,-5
77,250772,196,297,206,37,0,-5
77,250789,196,292,206,37,0,-5
77,250807,196,287,206,37,0,-5
77,250824,196,282,206,37,0,-5
77,250841,196,277,206,37,0,-5
77,250858,196,272,206,37,0,-5
77,250875,196,267,206,37,0,-5
77,250892,196,262,206,37,0,-5
77,250909,196,257,206,37,0,-5
77,250926,196,252,206,37,0,-5
77,250943,196,247,206,37,0,-5
77,250960,196,242,206,37,0,-5
77,250977,196,237,206,37,0,-5
77,250994,196,232,206,37,0,-5
77,251011,196,227,206,37,0,-5
77,251028,196,222,206,37,0,-5
77,251045,196,217,206,37,0,-5
77,251062,196,212,206,37,0,-5
77,251078,196,207,206,37,0,-5
77,251095,201,202,206,37,5,-5
77,251113,206,197,206,37,5,-5
77,251130,206,192,206,37,0,-5
77,251147,206,187,206,37,0,-5
77,251164,206,182,206,37,0,-5
77,251181,206,177,206,37,0,-5
77,251198,206,172,206,37,0,-5
77,251215,206,167,206,37,0,-5
77,251232,206,162,206,37,0,-5
77,251249,206,157,206,37,0,-5
77,251265,206,152,206,37,0,-5
77,251282,206,147,206,37,0,-5
77,251299,206,142,206,37,0,-5
77,251316,206,137,206,37,0,-5
77,251332,206,132,206,37,0,-5
77,251348,206,127,206,37,0,-5
77,251366,206,122,206,37,0,-5
77,251383,206,117,206,37,0,-5
77,251399,206,112,206,37,0,-5
77,251416,206,107,206,37,0,-5
77,251433,206,102,206,37,0,-5
77,251450,206,97,206,37,0,-5
77,251467,206,92,206,37,0,-5
77,251484,206,87,206,37,0,-5
77,251501,206,82,206,37,0,-5
77,251518,206,77,206,37,0,-5
77,251535,206,72,206,37,0,-5
77,251552,206,67,206,37,0,-5
77,251568,206,62,206,37,0,-5
77,251585,206,57,206,37,0,-5
77,251602,206,52,206,37,0,-5
77,251619,206,47,206,37,0,-5
77,251635,206,42,206,37,0,-5
77,251652,206,37,206,37,0,-5
77,251669,206,32,206,37,0,-5
77,251685,206,27,206,37,0,-5
77,251701,206,22,206,37,0,-5
77,251718,206,17,206,37,0,-5
77,251735,206,12,206,37,0,-5
77,251803,211,12,206,37,5,0
77,251820,216,12,206,37,5,0
77,251837,221,12,206,37,5,0
77,251854,226,12,206,37,5,0
77,251871,231,12,206,37,5,0
77,251887,236,12,206,37,5,0
77,251903,241,12,206,37,5,0
77,251920,246,12,206,37,5,0
77,252086,246,17,206,37,0,5
77,252103,246,22,206,37,0,5
77,252119,246,27,206,37,0,5
77,252135,246,32,206,37,0,5
77,252152,246,37,206,37,0,5
77,252169,246,42,206,37,0,5
77,252220,241,42,206,37,-5,0
77,252237,236,42,206,37,-5,0
77,252253,231,42,206,37,-5,0
77,252269,226,42,206,37,-5,0
78,253802,736,399,217,195,-5,0
78,253819,731,399,217,195,-5,0
78,253836,726,399,217,195,-5,0
78,253853,721,399,217,195,-5,0
78,253870,716,399,217,195,-5,0
78,253887,711,399,217,195,-5,0
78,253904,706,399,217,195,-5,0
78,253921,701,399,217,195,-5,0
78,253938,696,399,217,195,-5,0
78,253955,691,399,217,195,-5,0
78,253972,686,399,217,195,-5,0
78,253989,681,399,217,195,-5,0
78,254006,676,399,217,195,-5,0
78,254023,671,399,217,195,-5,0
78,254040,666,399,217,195,-5,0
78,254057,661,399,217,195,-5,0
78,254074,656,399,217,195,-5,0
78,254091,651,399,217,195,-5,0
78,254108,646,399,217,195,-5,0
78,254125,641,394,217,195,-5,-5
78,254142,636,389,217,195,-5,-5
78,254159,631,384,217,195,-5,-5
78,254176,626,379,217,195,-5,-5
78,254192,621,374,217,195,-5,-5
78,254209,616,369,217,195,-5,-5
78,254226,611,364,217,195,-5,-5
78,254243,606,359,217,195,-5,-5
78,254260,601,354,217,195,-5,-5
78,254277,596,349,217,195,-5,-5
78,254294,591,349,217,195,-5,0
78,254311,586,349,217,195,-5,0
78,254329,581,349,217,195,-5,0
78,254346,576,349,217,195,-5,0
78,254362,571,349,217,195,-5,0
78,254380,566,349,217,195,-5,0
78,254397,561,349,217,195,-5,0
78,254414,556,349,217,195,-5,0
78,254431,551,349,217,195,-5,0
78,254448,546,349,217,195,-5,0
78,254465,541,349,217,195,-5,0
78,254482,536,349,217,195,-5,0
78,254499,531,349,217,195,-5,0
78,254516,526,344,217,195,-5,-5
78,254533,521,339,217,195,-5,-5
78,254550,516,334,217,195,-5,-5
78,254567,511,329,217,195,-5,-5
78,254584,506,324,217,195,-5,-5
78,254601,501,319,217,195,-5,-5
78,254619,496,314,217,195,-5,-5
78,254636,491,309,217,195,-5,-5
78,254653,486,304,217,195,-5,-5
78,254669,481,299,217,195,-5,-5
78,254686,476,294,217,195,-5,-5
78,254703,471,289,217,195,-5,-5
78,254720,466,289,217,195,-5,0
78,254737,461,289,217,195,-5,0
78,254754,456,289,217,195,-5,0
78,254770,451,289,217,195,-5,0
78,254786,446,289,217,195,-5,0
78,254803,441,289,217,195,-5,0
78,254820,436,289,217,195,-5,0
78,254837,431,289,217,195,-5,0
78,254854,426,289,217,195,-5,0
78,254871,421,284,217,195,-5,-5
78,254888,416,279,217,195,-5,-5
78,254904,411,274,217,195,-5,-5
78,254920,406,269,217,195,-5,-5
78,254937,401,264,217,195,-5,-5
78,254954,396,259,217,195,-5,-5
78,254971,391,254,217,195,-5,-5
78,254988,386,254,217,195,-5,0
78,255005,381,254,217,195,-5,0
78,255022,376,254,217,195,-5,0
78,255039,371,254,217,195,-5,0
78,255056,366,254,217,195,-5,0
78,255073,361,254,217,195,-5,0
78,255090,356,254,217,195,-5,0
78,255107,351,254,217,195,-5,0
78,255124,346,254,217,195,-5,0
78,255142,341,254,217,195,-5,0
78,255159,336,254,217,195,-5,0
78,255176,331,254,217,195,-5,0
78,255193,326,254,217,195,-5,0
78,255210,321,254,217,195,-5,0
78,255227,316,254,217,195,-5,0
78,255244,311,254,217,195,-5,0
78,255261,306,254,217,195,-5,0
78,255278,301,254,217,195,-5,0
78,255294,296,254,217,195,-5,0
78,255311,291,249,217,195,-5,-5
78,255328,286,244,217,195,-5,-5
78,255345,281,239,217,195,-5,-5
78,255362,276,234,217,195,-5,-5
78,255378,271,229,217,195,-5,-5
78,255394,266,224,217,195,-5,-5
78,255411,261,219,217,195,-5,-5
78,255695,261,214,217,195,0,-5
78,255712,261,209,217,195,0,-5
78,255728,261,204,217,195,0,-5
78,255745,261,199,217,195,0,-5
78,255962,256,199,217,195,-5,0
78,255978,251,199,217,195,-5,0
78,255995,246,199,217,195,-5,0
78,256012,241,199,217,195,-5,0
79,258369,118,232,150,511,0,5
79,258386,118,237,150,511,0,5
79,258403,118,242,150,511,0,5
79,258420,118,247,150,511,0,5
79,258437,118,252,150,511,0,5
79,258454,118,257,150,511,0,5
79,258471,118,262,150,511,0,5
79,258488,118,267,150,511,0,5
79,258505,118,272,150,511,0,5
79,258522,118,277,150,511,0,5
79,258539,118,282,150,511,0,5
79,258556,118,287,150,511,0,5
79,258573,118,292,150,511,0,5
79,258590,118,297,150,511,0,5
79,258607,118,302,150,511,0,5
79,258624,118,307,150,511,0,5
79,258641,118,312,150,511,0,5
79,258657,118,317,150,511,0,5
79,258674,118,322,150,511,0,5
79,258691,118,327,150,511,0,5
79,258708,118,332,150,511,0,5
79,258725,118,337,150,511,0,5
79,258742,118,342,150,511,0,5
79,258759,118,347,150,511,0,5
79,258776,118,352,150,511,0,5
79,258793,118,357,150,511,0,5
79,258810,118,362,150,511,0,5
79,258827,118,367,150,511,0,5
79,258844,118,372,150,511,0,5
79,258861,123,377,150,511,5,5
79,258878,128,382,150,511,5,5
79,258895,133,387,150,511,5,5
79,258912,138,392,150,511,5,5
79,258929,143,397,150,511,5,5
79,258946,148,402,150,511,5,5
79,258963,153,407,150,511,5,5
79,258980,153,412,150,511,0,5
79,258997,153,417,150,511,0,5
79,259014,153,422,150,511,0,5
79,259031,153,427,150,511,0,5
79,259048,153,432,150,511,0,5
79,259065,153,437,150,511,0,5
79,259082,153,442,150,511,0,5
79,259099,153,447,150,511,0,5
79,259116,153,452,150,511,0,5
79,259133,153,457,150,511,0,5
79,259150,153,462,150,511,0,5
79,259167,153,467,150,511,0,5
79,259184,153,472,150,511,0,5
79,259200,153,477,150,511,0,5
79,259217,153,482,150,511,0,5
79,259234,153,487,150,511,0,5
79,259250,153,492,150,511,0,5
79,259266,153,497,150,511,0,5
79,259283,153,502,150,511,0,5
79,259299,153,507,150,511,0,5
80,261170,601,239,705,400,0,5
80,261187,601,244,705,400,0,5
80,261204,601,249,705,400,0,5
80,261221,601,254,705,400,0,5
80,261238,601,259,705,400,0,5
80,261255,601,264,705,400,0,5
80,261272,601,269,705,400,0,5
80,261289,601,274,705,400,0,5
80,261306,601,279,705,400,0,5
80,261323,601,284,705,400,0,5
80,261340,601,289,705,400,0,5
80,261357,601,294,705,400,0,5
80,261374,601,299,705,400,0,5
80,261391,601,304,705,400,0,5
80,261406,601,309,705,400,0,5
80,261423,601,314,705,400,0,5
80,261440,601,319,705,400,0,5
80,261457,601,324,705,400,0,5
80,261475,601,329,705,400,0,5
80,261493,601,334,705,400,0,5
80,261508,601,339,705,400,0,5
80,261525,601,344,705,400,0,5
80,261541,601,349,705,400,0,5
80,261559,601,354,705,400,0,5
80,261576,601,359,705,400,0,5
80,261593,601,364,705,400,0,5
80,261610,601,369,705,400,0,5
80,261627,601,374,705,400,0,5
80,261644,601,379,705,400,0,5
80,261661,601,384,705,400,0,5
80,261678,601,389,705,400,0,5
80,261694,601,394,705,400,0,5
80,261711,606,394,705,400,5,0
80,261728,611,394,705,400,5,0
80,261745,616,394,705,400,5,0
80,261762,621,394,705,400,5,0
80,261779,626,394,705,400,5,0
80,261796,631,394,705,400,5,0
80,261813,636,394,705,400,5,0
80,261829,641,394,705,400,5,0
80,261845,646,394,705,400,5,0
80,261862,651,394,705,400,5,0
80,261879,656,394,705,400,5,0
80,261896,661,394,705,400,5,0
80,261913,666,394,705,400,5,0
80,261930,671,394,705,400,5,0
80,261947,676,394,705,400,5,0
80,261964,681,394,705,400,5,0
80,261981,686,394,705,400,5,0
80,261998,691,394,705,400,5,0
80,262015,696,394,705,400,5,0
80,262032,701,394,705,400,5,0
80,262049,706,394,705,400,5,0
80,262066,711,399,705,400,5,5
81,263751,437,57,474,306,0,5
81,263768,437,62,474,306,0,5
81,263785,437,67,474,306,0,5
81,263802,437,72,474,306,0,5
81,263819,437,77,474,306,0,5
81,263836,437,82,474,306,0,5
81,263852,437,87,474,306,0,5
81,263869,437,92,474,306,0,5
81,263885,437,97,474,306,0,5
81,263902,437,102,474,306,0,5
81,263919,437,107,474,306,0,5
81,263936,437,112,474,306,0,5
81,263953,437,117,474,306,0,5
81,263970,437,122,474,306,0,5
81,263986,437,127,474,306,0,5
81,264003,437,132,474,306,0,5
81,264020,437,137,474,306,0,5
81,264037,437,142,474,306,0,5
81,264054,437,147,474,306,0,5
81,264071,437,152,474,306,0,5
81,264087,437,157,474,306,0,5
81,264104,437,162,474,306,0,5
81,264121,437,167,474,306,0,5
81,264138,437,172,474,306,0,5
81,264155,437,177,474,306,0,5
81,264172,437,182,474,306,0,5
81,264189,437,187,474,306,0,5
81,264206,442,192,474,306,5,5
81,264222,447,197,474,306,5,5
81,264239,452,202,474,306,5,5
81,264255,457,207,474,306,5,5
81,264271,462,212,474,306,5,5
81,264288,467,217,474,306,5,5
81,264305,467,222,474,306,0,5
81,264322,467,227,474,306,0,5
81,264339,467,232,474,306,0,5
81,264356,467,237,474,306,0,5
81,264373,467,242,474,306,0,5
81,264390,467,247,474,306,0,5
81,264407,467,252,474,306,0,5
81,264423,467,257,474,306,0,5
81,264439,467,262,474,306,0,5
81,264456,467,267,474,306,0,5
81,264473,467,272,474,306,0,5
81,264490,467,277,474,306,0,5
81,264508,467,282,474,306,0,5
81,264525,467,287,474,306,0,5
81,264542,472,292,474,306,5,5
81,264558,477,297,474,306,5,5
81,264575,482,302,474,306,5,5
82,266153,539,516,336,475,-5,0
82,266170,534,516,336,475,-5,0
82,266187,529,516,336,475,-5,0
82,266204,524,516,336,475,-5,0
82,266222,519,516,336,475,-5,0
82,266238,514,516,336,475,-5,0
82,266255,509,516,336,475,-5,0
82,266272,504,516,336,475,-5,0
82,266288,499,516,336,475,-5,0
82,266305,494,516,336,475,-5,0
82,266322,489,516,336,475,-5,0
82,266339,484,511,336,475,-5,-5
82,266356,479,506,336,475,-5,-5
82,266374,474,501,336,475,-5,-5
82,266390,469,496,336,475,-5,-5
82,266406,464,491,336,475,-5,-5
82,266423,459,486,336,475,-5,-5
82,266440,454,481,336,475,-5,-5
82,266457,449,476,336,475,-5,-5
82,266474,444,476,336,475,-5,0
82,266491,439,476,336,475,-5,0
82,266509,434,476,336,475,-5,0
82,266526,429,476,336,475,-5,0
82,266543,424,476,336,475,-5,0
82,266560,419,476,336,475,-5,0
82,266577,414,476,336,475,-5,0
82,266594,409,476,336,475,-5,0
82,266611,404,476,336,475,-5,0
82,266627,399,476,336,475,-5,0
82,266644,394,476,336,475,-5,0
82,266660,389,476,336,475,-5,0
82,266677,384,476,336,475,-5,0
82,266694,379,476,336,475,-5,0
82,266710,374,476,336,475,-5,0
82,266727,369,476,336,475,-5,0
82,266744,364,476,336,475,-5,0
82,266762,359,476,336,475,-5,0
83,268479,66,274,8,212,0,-5
83,268495,66,269,8,212,0,-5
83,268512,66,264,8,212,0,-5
83,268528,66,259,8,212,0,-5
83,268545,66,254,8,212,0,-5
83,268562,66,249,8,212,0,-5
83,268578,66,244,8,212,0,-5
83,268595,66,239,8,212,0,-5
83,268612,66,234,8,212,0,-5
83,268629,66,229,8,212,0,-5
83,268647,66,224,8,212,0,-5
83,268664,66,219,8,212,0,-5
83,268681,66,214,8,212,0,-5
83,268698,66,209,8,212,0,-5
83,268732,61,209,8,212,-5,0
83,268749,56,209,8,212,-5,0
83,268765,51,209,8,212,-5,0
83,268782,46,209,8,212,-5,0
83,268799,41,209,8,212,-5,0
83,268816,36,209,8,212,-5,0
83,269153,36,214,8,212,0,5
83,269169,36,219,8,212,0,5
83,269185,36,224,8,212,0,5
83,269202,36,229,8,212,0,5
83,269421,31,229,8,212,-5,0
84,270982,709,344,170,201,-5,0
84,270999,704,344,170,201,-5,0
84,271016,699,344,170,201,-5,0
84,271033,694,344,170,201,-5,0
84,271049,689,344,170,201,-5,0
84,271066,684,344,170,201,-5,0
84,271083,679,344,170,201,-5,0
84,271099,674,344,170,201,-5,0
84,271116,669,344,170,201,-5,0
84,271133,664,344,170,201,-5,0
84,271149,659,344,170,201,-5,0
84,271166,654,344,170,201,-5,0
84,271182,649,344,170,201,-5,0
84,271199,644,344,170,201,-5,0
84,271215,639,344,170,201,-5,0
84,271232,634,344,170,201,-5,0
84,271249,629,344,170,201,-5,0
84,271266,624,344,170,201,-5,0
84,271284,619,344,170,201,-5,0
84,271299,614,344,170,201,-5,0
84,271315,609,344,170,201,-5,0
84,271332,604,339,170,201,-5,-5
84,271349,599,334,170,201,-5,-5
84,271366,594,329,170,201,-5,-5
84,271383,589,324,170,201,-5,-5
84,271399,584,319,170,201,-5,-5
84,271415,579,314,170,201,-5,-5
84,271432,574,309,170,201,-5,-5
84,271449,569,304,170,201,-5,-5
84,271466,564,299,170,201,-5,-5
84,271483,559,294,170,201,-5,-5
84,271500,554,294,170,201,-5,0
84,271516,549,294,170,201,-5,0
84,271533,544,294,170,201,-5,0
84,271550,539,294,170,201,-5,0
84,271566,534,294,170,201,-5,0
84,271583,529,294,170,201,-5,0
84,271600,524,294,170,201,-5,0
84,271617,519,294,170,201,-5,0
84,271634,514,294,170,201,-5,0
84,271651,509,294,170,201,-5,0
84,271668,504,289,170,201,-5,-5
84,271685,499,284,170,201,-5,-5
84,271702,494,279,170,201,-5,-5
84,271719,489,274,170,201,-5,-5
84,271736,484,269,170,201,-5,-5
84,271752,479,264,170,201,-5,-5
84,271769,474,259,170,201,-5,-5
84,271786,469,254,170,201,-5,-5
84,271803,464,254,170,201,-5,0
84,271820,459,254,170,201,-5,0
84,271836,454,254,170,201,-5,0
84,271853,449,254,170,201,-5,0
84,271871,444,254,170,201,-5,0
84,271888,439,254,170,201,-5,0
84,271906,434,254,170,201,-5,0
84,271923,429,254,170,201,-5,0
84,271940,424,254,170,201,-5,0
84,271957,419,254,170,201,-5,0
84,271974,414,249,170,201,-5,-5
84,271991,409,244,170,201,-5,-5
84,272008,404,239,170,201,-5,-5
84,272025,399,234,170,201,-5,-5
84,272042,394,229,170,201,-5,-5
84,272060,389,224,170,201,-5,-5
84,272078,384,219,170,201,-5,-5
84,272095,379,219,170,201,-5,0
84,272112,374,219,170,201,-5,0
84,272129,369,219,170,201,-5,0
84,272146,364,219,170,201,-5,0
84,272163,359,219,170,201,-5,0
84,272180,354,219,170,201,-5,0
84,272197,349,219,170,201,-5,0
84,272214,344,219,170,201,-5,0
84,272231,339,219,170,201,-5,0
84,272248,334,219,170,201,-5,0
84,272265,329,219,170,201,-5,0
84,272282,324,219,170,201,-5,0
84,272298,319,219,170,201,-5,0
84,272315,314,219,170,201,-5,0
84,272332,309,219,170,201,-5,0
84,272349,304,219,170,201,-5,0
84,272366,299,219,170,201,-5,0
84,272383,294,219,170,201,-5,0
84,272399,289,219,170,201,-5,0
84,272415,284,219,170,201,-5,0
84,272432,279,219,170,201,-5,0
84,272449,274,219,170,201,-5,0
84,272466,269,219,170,201,-5,0
84,272483,264,219,170,201,-5,0
84,272499,259,219,170,201,-5,0
84,272516,254,219,170,201,-5,0
84,272533,249,219,170,201,-5,0
84,272549,244,219,170,201,-5,0
84,272566,239,219,170,201,-5,0
84,272582,234,219,170,201,-5,0
84,272598,229,219,170,201,-5,0
84,272614,224,219,170,201,-5,0
84,272631,219,219,170,201,-5,0
84,272648,214,219,170,201,-5,0
84,273170,209,219,170,201,-5,0
84,273187,204,219,170,201,-5,0
84,273203,199,219,170,201,-5,0
84,273220,194,219,170,201,-5,0
85,274784,358,165,238,436,0,5
85,274800,358,170,238,436,0,5
85,274817,358,175,238,436,0,5
85,274834,358,180,238,436,0,5
85,274851,358,185,238,436,0,5
85,274868,358,190,238,436,0,5
85,274885,358,195,238,436,0,5
85,274902,358,200,238,436,0,5
85,274919,358,205,238,436,0,5
85,274936,358,210,238,436,0,5
85,274953,358,215,238,436,0,5
85,274970,358,220,238,436,0,5
85,274987,358,225,238,436,0,5
85,275003,358,230,238,436,0,5
85,275019,358,235,238,436,0,5
85,275036,358,240,238,436,0,5
85,275053,358,245,238,436,0,5
85,275070,358,250,238,436,0,5
85,275087,358,255,238,436,0,5
85,275104,358,260,238,436,0,5
85,275121,358,265,238,436,0,5
85,275138,358,270,238,436,0,5
85,275155,358,275,238,436,0,5
85,275172,358,280,238,436,0,5
85,275189,358,285,238,436,0,5
85,275206,353,290,238,436,-5,5
85,275223,348,295,238,436,-5,5
85,275240,343,300,238,436,-5,5
85,275257,338,305,238,436,-5,5
85,275274,333,310,238,436,-5,5
85,275291,328,315,238,436,-5,5
85,275308,323,320,238,436,-5,5
85,275325,318,325,238,436,-5,5
85,275342,313,330,238,436,-5,5
85,275359,308,335,238,436,-5,5
85,275376,303,340,238,436,-5,5
85,275392,298,345,238,436,-5,5
85,275408,293,350,238,436,-5,5
85,275424,288,355,238,436,-5,5
85,275441,283,360,238,436,-5,5
85,275458,278,365,238,436,-5,5
85,275474,273,370,238,436,-5,5
85,275491,268,375,238,436,-5,5
85,275508,263,380,238,436,-5,5
85,275525,258,385,238,436,-5,5
85,275541,253,390,238,436,-5,5
85,275557,248,395,238,436,-5,5
85,275574,243,400,238,436,-5,5
85,275591,238,405,238,436,-5,5
85,275608,233,410,238,436,-5,5
85,275625,228,415,238,436,-5,5
85,275641,223,415,238,436,-5,0
85,275658,218,415,238,436,-5,0
85,275673,213,415,238,436,-5,0
85,275926,218,415,238,436,5,0
85,275943,223,415,238,436,5,0
85,275959,228,415,238,436,5,0
85,275975,233,415,238,436,5,0
85,275991,238,415,238,436,5,0
85,276008,243,415,238,436,5,0
85,276024,248,415,238,436,5,0
85,276174,248,420,238,436,0,5
85,276191,248,425,238,436,0,5
85,276207,248,430,238,436,0,5
85,276224,248,435,238,436,0,5
86,277982,70,32,22,88,0,5
86,277999,70,37,22,88,0,5
86,278016,70,42,22,88,0,5
86,278033,70,47,22,88,0,5
86,278050,70,52,22,88,0,5
86,278067,70,57,22,88,0,5
86,278083,70,62,22,88,0,5
86,278100,70,67,22,88,0,5
86,278117,70,72,22,88,0,5
86,278134,70,77,22,88,0,5
86,278151,70,82,22,88,0,5
86,278168,70,87,22,88,0,5
86,278184,70,92,22,88,0,5
86,278201,70,97,22,88,0,5
86,278235,65,97,22,88,-5,0
86,278252,60,97,22,88,-5,0
86,278269,55,97,22,88,-5,0
86,278286,50,97,22,88,-5,0
86,278303,45,97,22,88,-5,0
87,280023,403,337,388,193,-5,0
87,280040,398,337,388,193,-5,0
87,280057,393,337,388,193,-5,0
87,280328,393,332,388,193,0,-5
87,280345,393,327,388,193,0,-5
87,280362,393,322,388,193,0,-5
87,280379,393,317,388,193,0,-5
87,280396,393,312,388,193,0,-5
87,280413,393,307,388,193,0,-5
87,280431,393,302,388,193,0,-5
87,280448,393,297,388,193,0,-5
87,280464,393,292,388,193,0,-5
87,280481,393,287,388,193,0,-5
87,280498,393,282,388,193,0,-5
87,280515,393,277,388,193,0,-5
87,280532,393,272,388,193,0,-5
87,280549,393,267,388,193,0,-5
87,280566,393,262,388,193,0,-5
87,280583,393,257,388,193,0,-5
87,280600,393,252,388,193,0,-5
87,280617,393,247,388,193,0,-5
87,280634,393,242,388,193,0,-5
87,280650,393,237,388,193,0,-5
87,280667,393,232,388,193,0,-5
87,280684,393,227,388,193,0,-5
87,280700,393,222,388,193,0,-5
87,280717,393,217,388,193,0,-5
88,282265,607,362,363,206,-5,0
88,282281,602,362,363,206,-5,0
88,282298,597,362,363,206,-5,0
88,282315,592,362,363,206,-5,0
88,282333,587,362,363,206,-5,0
88,282350,582,362,363,206,-5,0
88,282367,577,362,363,206,-5,0
88,282384,572,362,363,206,-5,0
88,282401,567,362,363,206,-5,0
88,282418,562,362,363,206,-5,0
88,282435,557,362,363,206,-5,0
88,282452,552,362,363,206,-5,0
88,282470,547,362,363,206,-5,0
88,282487,542,362,363,206,-5,0
88,282504,537,362,363,206,-5,0
88,282520,532,362,363,206,-5,0
88,282536,527,362,363,206,-5,0
88,282553,522,357,363,206,-5,-5
88,282570,517,352,363,206,-5,-5
88,282586,512,347,363,206,-5,-5
88,282603,507,342,363,206,-5,-5
88,282619,502,337,363,206,-5,-5
88,282636,497,332,363,206,-5,-5
88,282653,492,327,363,206,-5,-5
88,282670,487,322,363,206,-5,-5
88,282687,482,317,363,206,-5,-5
88,282704,477,312,363,206,-5,-5
88,282720,472,307,363,206,-5,-5
88,282737,467,302,363,206,-5,-5
88,282753,462,297,363,206,-5,-5
88,282770,457,292,363,206,-5,-5
88,282787,452,287,363,206,-5,-5
88,282804,447,282,363,206,-5,-5
88,282821,442,277,363,206,-5,-5
88,282837,437,272,363,206,-5,-5
88,282854,432,267,363,206,-5,-5
88,282871,427,262,363,206,-5,-5
88,282888,422,257,363,206,-5,-5
88,282904,417,252,363,206,-5,-5
88,282920,412,247,363,206,-5,-5
88,282937,407,242,363,206,-5,-5
88,282954,402,237,363,206,-5,-5
88,282971,397,232,363,206,-5,-5
88,282988,397,227,363,206,0,-5
88,283005,397,222,363,206,0,-5
88,283021,397,217,363,206,0,-5
88,283037,397,212,363,206,0,-5
88,283356,392,212,363,206,-5,0
88,283373,387,212,363,206,-5,0
89,286516,575,24,421,168,0,5
89,286533,575,29,421,168,0,5
89,286549,575,34,421,168,0,5
89,286565,575,39,421,168,0,5
89,286582,575,44,421,168,0,5
89,286599,575,49,421,168,0,5
89,286616,575,54,421,168,0,5
89,286633,575,59,421,168,0,5
89,286650,575,64,421,168,0,5
89,286667,575,69,421,168,0,5
89,286684,575,74,421,168,0,5
89,286701,575,79,421,168,0,5
89,286718,575,84,421,168,0,5
89,286735,575,89,421,168,0,5
89,286752,575,94,421,168,0,5
89,286769,575,99,421,168,0,5
89,286785,575,104,421,168,0,5
89,286802,575,109,421,168,0,5
89,286819,575,114,421,168,0,5
89,286835,575,119,421,168,0,5
89,286852,575,124,421,168,0,5
89,286869,575,129,421,168,0,5
89,286886,575,134,421,168,0,5
89,286903,575,139,421,168,0,5
89,286920,575,144,421,168,0,5
89,286937,575,149,421,168,0,5
89,286953,575,154,421,168,0,5
89,286970,575,159,421,168,0,5
89,286987,575,164,421,168,0,5
89,287004,575,169,421,168,0,5
89,287020,575,174,421,168,0,5
89,287037,570,179,421,168,-5,5
89,287054,565,184,421,168,-5,5
89,287071,560,184,421,168,-5,0
89,287088,555,184,421,168,-5,0
89,287105,550,184,421,168,-5,0
89,287122,545,184,421,168,-5,0
89,287139,540,184,421,168,-5,0
89,287156,535,184,421,168,-5,0
89,287173,530,184,421,168,-5,0
89,287190,525,184,421,168,-5,0
89,287208,520,184,421,168,-5,0
89,287225,515,184,421,168,-5,0
89,287242,510,184,421,168,-5,0
89,287259,505,184,421,168,-5,0
89,287276,500,184,421,168,-5,0
89,287293,495,184,421,168,-5,0
89,287310,490,184,421,168,-5,0
89,287326,485,184,421,168,-5,0
89,287343,480,184,421,168,-5,0
89,287360,475,184,421,168,-5,0
89,287377,470,184,421,168,-5,0
89,287394,465,184,421,168,-5,0
89,287411,460,184,421,168,-5,0
89,287428,455,184,421,168,-5,0
89,287444,450,184,421,168,-5,0
89,287461,445,184,421,168,-5,0
90,289362,34,358,388,125,5,0
90,289379,39,358,388,125,5,0
90,289396,44,358,388,125,5,0
90,289413,49,358,388,125,5,0
90,289430,54,358,388,125,5,0
90,289447,59,358,388,125,5,0
90,289464,64,358,388,125,5,0
90,289481,69,358,388,125,5,0
90,289498,74,358,388,125,5,0
90,289515,79,358,388,125,5,0
90,289531,84,358,388,125,5,0
90,289549,89,358,388,125,5,0
90,289566,94,358,388,125,5,0
90,289583,99,358,388,125,5,0
90,289600,104,358,388,125,5,0
90,289617,109,353,388,125,5,-5
90,289634,114,348,388,125,5,-5
90,289651,119,343,388,125,5,-5
90,289668,124,338,388,125,5,-5
90,289684,129,333,388,125,5,-5
90,289701,134,328,388,125,5,-5
90,289719,139,323,388,125,5,-5
90,289736,144,318,388,125,5,-5
90,289754,149,313,388,125,5,-5
90,289771,154,308,388,125,5,-5
90,289788,159,303,388,125,5,-5
90,289806,164,298,388,125,5,-5
90,289823,169,293,388,125,5,-5
90,289840,174,288,388,125,5,-5
90,289857,179,283,388,125,5,-5
90,289874,184,278,388,125,5,-5
90,289891,189,273,388,125,5,-5
90,289908,194,268,388,125,5,-5
90,289924,199,263,388,125,5,-5
90,289940,204,258,388,125,5,-5
90,289957,209,253,388,125,5,-5
90,289974,214,248,388,125,5,-5
90,289991,219,243,388,125,5,-5
90,290008,224,238,388,125,5,-5
90,290025,229,233,388,125,5,-5
90,290042,234,228,388,125,5,-5
90,290059,239,223,388,125,5,-5
90,290076,244,218,388,125,5,-5
90,290093,249,213,388,125,5,-5
90,290110,254,208,388,125,5,-5
90,290127,259,203,388,125,5,-5
90,290144,264,198,388,125,5,-5
90,290161,269,193,388,125,5,-5
90,290178,274,188,388,125,5,-5
90,290195,279,183,388,125,5,-5
90,290212,284,178,388,125,5,-5
90,290229,289,173,388,125,5,-5
90,290246,294,168,388,125,5,-5
90,290263,299,163,388,125,5,-5
90,290280,304,158,388,125,5,-5
90,290297,309,153,388,125,5,-5
90,290314,314,148,388,125,5,-5
90,290331,319,143,388,125,5,-5
90,290348,324,143,388,125,5,0
90,290365,329,143,388,125,5,0
90,290382,334,143,388,125,5,0
90,290399,339,143,388,125,5,0
90,290415,344,143,388,125,5,0
90,290432,349,143,388,125,5,0
90,290450,354,143,388,125,5,0
90,290466,359,143,388,125,5,0
90,290483,364,143,388,125,5,0
90,290500,369,143,388,125,5,0
90,290517,374,143,388,125,5,0
90,290534,379,143,388,125,5,0
90,290551,384,143,388,125,5,0
91,292136,694,464,508,461,-5,0
91,292153,689,464,508,461,-5,0
91,292170,684,464,508,461,-5,0
91,292187,679,464,508,461,-5,0
91,292204,674,464,508,461,-5,0
91,292221,669,464,508,461,-5,0
91,292238,664,464,508,461,-5,0
91,292255,659,464,508,461,-5,0
91,292272,654,464,508,461,-5,0
91,292289,649,464,508,461,-5,0
91,292306,644,464,508,461,-5,0
91,292323,639,464,508,461,-5,0
91,292340,634,464,508,461,-5,0
91,292357,629,464,508,461,-5,0
91,292374,624,464,508,461,-5,0
91,292391,619,464,508,461,-5,0
91,292408,614,464,508,461,-5,0
91,292425,609,464,508,461,-5,0
91,292442,604,464,508,461,-5,0
91,292459,599,464,508,461,-5,0
91,292475,594,464,508,461,-5,0
91,292492,589,464,508,461,-5,0
91,292509,584,464,508,461,-5,0
91,292526,579,464,508,461,-5,0
91,292543,574,464,508,461,-5,0
91,292559,569,464,508,461,-5,0
91,292576,564,464,508,461,-5,0
91,292593,559,464,508,461,-5,0
91,292610,554,464,508,461,-5,0
91,292627,549,464,508,461,-5,0
91,292643,544,464,508,461,-5,0
91,292660,539,464,508,461,-5,0
91,292677,534,464,508,461,-5,0
91,292694,529,464,508,461,-5,0
92,295268,11,101,508,9,5,0
92,295285,16,101,508,9,5,0
92,295302,21,101,508,9,5,0
92,295319,26,101,508,9,5,0
92,295336,31,101,508,9,5,0
92,295353,36,101,508,9,5,0
92,295370,41,101,508,9,5,0
92,295387,46,101,508,9,5,0
92,295404,51,101,508,9,5,0
92,295420,56,101,508,9,5,0
92,295438,61,101,508,9,5,0
92,295454,66,101,508,9,5,0
92,295471,71,101,508,9,5,0
92,295488,76,101,508,9,5,0
92,295505,81,101,508,9,5,0
92,295521,86,101,508,9,5,0
92,295538,91,101,508,9,5,0
92,295556,96,101,508,9,5,0
92,295573,101,96,508,9,5,-5
92,295591,106,91,508,9,5,-5
92,295607,111,86,508,9,5,-5
92,295624,116,81,508,9,5,-5
92,295641,121,76,508,9,5,-5
92,295658,126,71,508,9,5,-5
92,295675,131,66,508,9,5,-5
92,295692,136,61,508,9,5,-5
92,295709,141,56,508,9,5,-5
92,295726,146,51,508,9,5,-5
92,295743,151,46,508,9,5,-5
92,295760,156,41,508,9,5,-5
92,295776,161,36,508,9,5,-5
92,295793,166,31,508,9,5,-5
92,295809,171,31,508,9,5,0
92,295826,176,31,508,9,5,0
92,295844,181,31,508,9,5,0
92,295861,186,31,508,9,5,0
92,295878,191,31,508,9,5,0
92,295895,196,31,508,9,5,0
92,295912,201,31,508,9,5,0
92,295928,206,31,508,9,5,0
92,295944,211,31,508,9,5,0
92,295962,216,31,508,9,5,0
92,295979,221,31,508,9,5,0
92,295996,226,26,508,9,5,-5
92,296013,231,21,508,9,5,-5
92,296030,236,16,508,9,5,-5
92,296047,241,11,508,9,5,-5
92,296064,246,6,508,9,5,-5
92,296081,251,6,508,9,5,0
92,296098,256,6,508,9,5,0
92,296115,261,6,508,9,5,0
92,296131,266,6,508,9,5,0
92,296148,271,6,508,9,5,0
92,296164,276,6,508,9,5,0
92,296181,281,6,508,9,5,0
92,296198,286,6,508,9,5,0
92,296215,291,6,508,9,5,0
92,296232,296,6,508,9,5,0
92,296249,301,6,508,9,5,0
92,296266,306,6,508,9,5,0
92,296282,311,6,508,9,5,0
92,296299,316,6,508,9,5,0
92,296316,321,6,508,9,5,0
92,296333,326,6,508,9,5,0
92,296350,331,6,508,9,5,0
92,296366,336,6,508,9,5,0
92,296382,341,6,508,9,5,0
92,296399,346,6,508,9,5,0
92,296416,351,6,508,9,5,0
92,296433,356,6,508,9,5,0
92,296449,361,6,508,9,5,0
92,296466,366,6,508,9,5,0
92,296483,371,6,508,9,5,0
92,296499,376,6,508,9,5,0
92,296516,381,6,508,9,5,0
92,296533,386,6,508,9,5,0
92,296550,391,6,508,9,5,0
92,296567,396,6,508,9,5,0
92,296585,401,6,508,9,5,0
92,296603,406,6,508,9,5,0
92,296620,411,6,508,9,5,0
92,296637,416,6,508,9,5,0
92,296654,421,6,508,9,5,0
92,296670,426,6,508,9,5,0
92,296687,431,6,508,9,5,0
92,296704,436,6,508,9,5,0
92,296721,441,6,508,9,5,0
92,296737,446,6,508,9,5,0
92,296753,451,6,508,9,5,0
92,296770,456,6,508,9,5,0
92,296786,461,6,508,9,5,0
92,296803,466,6,508,9,5,0
92,296820,471,6,508,9,5,0
92,296837,476,6,508,9,5,0
92,296853,481,6,508,9,5,0
92,296870,486,6,508,9,5,0
92,296887,491,6,508,9,5,0
92,296904,496,6,508,9,5,0
92,296955,496,11,508,9,0,5
92,296972,496,16,508,9,0,5
92,296989,496,21,508,9,0,5
92,297005,496,26,508,9,0,5
92,297022,496,31,508,9,0,5
92,297039,496,36,508,9,0,5
92,297409,496,31,508,9,0,-5
92,297426,496,26,508,9,0,-5
92,297443,496,21,508,9,0,-5
92,297460,496,16,508,9,0,-5
92,297646,501,16,508,9,5,0
92,297664,506,16,508,9,5,0
93,299250,547,13,292,186,0,5
93,299267,547,18,292,186,0,5
93,299284,547,23,292,186,0,5
93,299301,547,28,292,186,0,5
93,299318,547,33,292,186,0,5
93,299335,547,38,292,186,0,5
93,299352,547,43,292,186,0,5
93,299368,547,48,292,186,0,5
93,299385,547,53,292,186,0,5
93,299402,547,58,292,186,0,5
93,299419,547,63,292,186,0,5
93,299436,547,68,292,186,0,5
93,299453,547,73,292,186,0,5
93,299470,547,78,292,186,0,5
93,299487,547,83,292,186,0,5
93,299503,547,88,292,186,0,5
93,299520,547,93,292,186,0,5
93,299537,547,98,292,186,0,5
93,299554,547,103,292,186,0,5
93,299571,547,108,292,186,0,5
93,299588,547,113,292,186,0,5
93,299605,547,118,292,186,0,5
93,299622,547,123,292,186,0,5
93,299639,547,128,292,186,0,5
93,299656,547,133,292,186,0,5
93,299673,547,138,292,186,0,5
93,299690,547,143,292,186,0,5
93,299707,547,148,292,186,0,5
93,299724,547,153,292,186,0,5
93,299741,547,158,292,186,0,5
93,299758,547,163,292,186,0,5
93,299775,547,168,292,186,0,5
93,299792,542,173,292,186,-5,5
93,299809,537,178,292,186,-5,5
93,299826,532,183,292,186,-5,5
93,299843,527,188,292,186,-5,5
93,299859,522,193,292,186,-5,5
93,299876,517,198,292,186,-5,5
93,299893,512,203,292,186,-5,5
93,299911,507,208,292,186,-5,5
93,299928,502,213,292,186,-5,5
93,299944,497,218,292,186,-5,5
93,299961,492,223,292,186,-5,5
93,299978,487,228,292,186,-5,5
93,299995,482,233,292,186,-5,5
93,300012,477,233,292,186,-5,0
93,300029,472,233,292,186,-5,0
93,300046,467,233,292,186,-5,0
93,300063,462,233,292,186,-5,0
93,300080,457,233,292,186,-5,0
93,300097,452,233,292,186,-5,0
93,300114,447,233,292,186,-5,0
93,300131,442,233,292,186,-5,0
93,300148,437,233,292,186,-5,0
93,300165,432,233,292,186,-5,0
93,300182,427,233,292,186,-5,0
93,300199,422,233,292,186,-5,0
93,300216,417,233,292,186,-5,0
93,300233,412,233,292,186,-5,0
93,300250,407,233,292,186,-5,0
93,300267,402,233,292,186,-5,0
93,300284,397,233,292,186,-5,0
93,300301,392,233,292,186,-5,0
93,300318,387,233,292,186,-5,0
93,300335,382,233,292,186,-5,0
93,300352,377,233,292,186,-5,0
93,300368,372,233,292,186,-5,0
93,300386,367,233,292,186,-5,0
93,300403,362,228,292,186,-5,-5
93,300420,357,223,292,186,-5,-5
93,300437,352,218,292,186,-5,-5
93,300455,347,213,292,186,-5,-5
93,300472,342,208,292,186,-5,-5
93,300489,337,203,292,186,-5,-5
93,300506,332,198,292,186,-5,-5
93,300523,327,198,292,186,-5,0
93,300540,322,198,292,186,-5,0
93,300557,317,198,292,186,-5,0
93,300574,312,198,292,186,-5,0
94,302174,438,510,442,169,0,-5
94,302191,438,505,442,169,0,-5
94,302209,438,500,442,169,0,-5
94,302226,438,495,442,169,0,-5
94,302243,438,490,442,169,0,-5
94,302260,438,485,442,169,0,-5
94,302277,438,480,442,169,0,-5
94,302294,438,475,442,169,0,-5
94,302311,438,470,442,169,0,-5
94,302328,438,465,442,169,0,-5
94,302346,438,460,442,169,0,-5
94,302362,438,455,442,169,0,-5
94,302380,438,450,442,169,0,-5
94,302397,438,445,442,169,0,-5
94,302413,438,440,442,169,0,-5
94,302430,438,435,442,169,0,-5
94,302447,438,430,442,169,0,-5
94,302464,438,425,442,169,0,-5
94,302481,443,420,442,169,5,-5
94,302498,448,415,442,169,5,-5
94,302514,453,410,442,169,5,-5
94,302531,458,405,442,169,5,-5
94,302548,458,400,442,169,0,-5
94,302565,458,395,442,169,0,-5
94,302581,458,390,442,169,0,-5
94,302597,458,385,442,169,0,-5
94,302614,458,380,442,169,0,-5
94,302630,458,375,442,169,0,-5
94,302646,458,370,442,169,0,-5
94,302662,458,365,442,169,0,-5
94,302678,458,360,442,169,0,-5
94,302695,458,355,442,169,0,-5
94,302712,458,350,442,169,0,-5
94,302728,458,345,442,169,0,-5
94,302745,458,340,442,169,0,-5
94,302762,458,335,442,169,0,-5
94,302779,458,330,442,169,0,-5
94,302796,458,325,442,169,0,-5
94,302813,458,320,442,169,0,-5
94,302830,458,315,442,169,0,-5
94,302846,458,310,442,169,0,-5
94,302864,458,305,442,169,0,-5
94,302880,458,300,442,169,0,-5
94,302897,458,295,442,169,0,-5
94,302914,458,290,442,169,0,-5
94,302931,458,285,442,169,0,-5
94,302948,458,280,442,169,0,-5
94,302966,458,275,442,169,0,-5
94,302983,458,270,442,169,0,-5
94,303000,458,265,442,169,0,-5
94,303017,458,260,442,169,0,-5
94,303034,458,255,442,169,0,-5
94,303052,458,250,442,169,0,-5
94,303069,458,245,442,169,0,-5
94,303086,458,240,442,169,0,-5
94,303103,458,235,442,169,0,-5
94,303120,458,230,442,169,0,-5
94,303137,458,225,442,169,0,-5
94,303153,458,220,442,169,0,-5
94,303170,458,215,442,169,0,-5
94,303187,458,210,442,169,0,-5
94,303204,458,205,442,169,0,-5
94,303221,458,200,442,169,0,-5
94,303237,458,195,442,169,0,-5
94,303254,458,190,442,169,0,-5
95,305140,39,155,194,289,0,5
95,305157,39,160,194,289,0,5
95,305174,39,165,194,289,0,5
95,305191,39,170,194,289,0,5
95,305208,39,175,194,289,0,5
95,305225,39,180,194,289,0,5
95,305242,39,185,194,289,0,5
95,305259,39,190,194,289,0,5
95,305276,39,195,194,289,0,5
95,305293,39,200,194,289,0,5
95,305310,39,205,194,289,0,5
95,305327,39,210,194,289,0,5
95,305344,39,215,194,289,0,5
95,305360,39,220,194,289,0,5
95,305377,39,225,194,289,0,5
95,305394,39,230,194,289,0,5
95,305411,39,235,194,289,0,5
95,305428,39,240,194,289,0,5
95,305445,39,245,194,289,0,5
95,305462,39,250,194,289,0,5
95,305478,39,255,194,289,0,5
95,305495,39,260,194,289,0,5
95,305512,39,265,194,289,0,5
95,305528,39,270,194,289,0,5
95,305545,39,275,194,289,0,5
95,305561,39,280,194,289,0,5
95,305577,39,285,194,289,0,5
95,305594,39,290,194,289,0,5
95,305610,39,295,194,289,0,5
95,305627,44,300,194,289,5,5
95,305644,49,300,194,289,5,0
95,305661,54,300,194,289,5,0
95,305678,59,300,194,289,5,0
95,305694,64,300,194,289,5,0
95,305711,69,300,194,289,5,0
95,305728,74,300,194,289,5,0
95,305745,79,300,194,289,5,0
95,305762,84,300,194,289,5,0
95,305779,89,300,194,289,5,0
95,305796,94,300,194,289,5,0
95,305812,99,300,194,289,5,0
95,305829,104,300,194,289,5,0
95,305846,109,300,194,289,5,0
95,305863,114,300,194,289,5,0
95,305879,119,300,194,289,5,0
95,305895,124,300,194,289,5,0
95,305912,129,300,194,289,5,0
95,305929,134,300,194,289,5,0
95,305946,139,300,194,289,5,0
95,305962,144,300,194,289,5,0
95,305978,149,300,194,289,5,0
95,305995,154,300,194,289,5,0
95,306012,159,300,194,289,5,0
95,306028,164,300,194,289,5,0
95,306045,169,300,194,289,5,0
95,306062,174,300,194,289,5,0
95,306079,179,300,194,289,5,0
95,306096,184,300,194,289,5,0
95,306113,189,300,194,289,5,0
95,306130,194,300,194,289,5,0
96,307811,54,304,149,2,5,0
96,307827,59,304,149,2,5,0
96,307844,64,304,149,2,5,0
96,307861,69,304,149,2,5,0
96,307877,74,304,149,2,5,0
96,307894,79,304,149,2,5,0
96,307910,84,304,149,2,5,0
96,307927,89,304,149,2,5,0
96,307944,94,304,149,2,5,0
96,307961,99,304,149,2,5,0
96,307978,104,304,149,2,5,0
96,307995,109,304,149,2,5,0
96,308012,114,304,149,2,5,0
96,308029,119,304,149,2,5,0
96,308046,124,304,149,2,5,0
96,308063,129,304,149,2,5,0
96,308080,134,304,149,2,5,0
96,308097,139,304,149,2,5,0
96,308114,144,299,149,2,5,-5
96,308131,149,294,149,2,5,-5
96,308148,154,289,149,2,5,-5
96,308165,159,284,149,2,5,-5
96,308182,159,279,149,2,0,-5
96,308199,159,274,149,2,0,-5
96,308216,159,269,149,2,0,-5
96,308233,159,264,149,2,0,-5
96,308249,159,259,149,2,0,-5
96,308266,159,254,149,2,0,-5
96,308283,164,249,149,2,5,-5
96,308299,169,244,149,2,5,-5
96,308316,174,239,149,2,5,-5
96,308333,179,234,149,2,5,-5
96,308350,184,229,149,2,5,-5
96,308367,189,229,149,2,5,0
96,308384,194,229,149,2,5,0
96,308401,199,229,149,2,5,0
96,308418,204,229,149,2,5,0
96,308435,209,229,149,2,5,0
96,308452,214,229,149,2,5,0
96,308469,219,229,149,2,5,0
96,308486,224,229,149,2,5,0
96,308503,229,229,149,2,5,0
96,308604,224,229,149,2,-5,0
96,308621,219,229,149,2,-5,0
96,308638,214,229,149,2,-5,0
96,308655,209,229,149,2,-5,0
96,308671,204,229,149,2,-5,0
96,308688,199,229,149,2,-5,0
96,308705,194,229,149,2,-5,0
96,308722,189,229,149,2,-5,0
96,308739,184,229,149,2,-5,0
96,308757,179,229,149,2,-5,0
96,308774,174,229,149,2,-5,0
96,308791,169,229,149,2,-5,0
96,308808,164,229,149,2,-5,0
96,308824,159,229,149,2,-5,0
96,308841,154,229,149,2,-5,0
96,308858,149,224,149,2,-5,-5
96,308874,149,219,149,2,0,-5
96,308891,149,214,149,2,0,-5
96,308908,149,209,149,2,0,-5
96,308924,149,204,149,2,0,-5
96,308940,149,199,149,2,0,-5
96,308957,149,194,149,2,0,-5
96,308973,149,189,149,2,0,-5
96,308991,149,184,149,2,0,-5
96,309007,149,179,149,2,0,-5
96,309024,149,174,149,2,0,-5
96,309041,149,169,149,2,0,-5
96,309057,149,164,149,2,0,-5
96,309074,149,159,149,2,0,-5
96,309091,149,154,149,2,0,-5
96,309108,149,149,149,2,0,-5
96,309125,149,144,149,2,0,-5
96,309142,149,139,149,2,0,-5
96,309159,149,134,149,2,0,-5
96,309177,149,129,149,2,0,-5
96,309192,149,124,149,2,0,-5
96,309209,149,119,149,2,0,-5
96,309226,149,114,149,2,0,-5
96,309243,149,109,149,2,0,-5
96,309259,149,104,149,2,0,-5
96,309275,149,99,149,2,0,-5
96,309291,149,94,149,2,0,-5
96,309308,149,89,149,2,0,-5
96,309325,149,84,149,2,0,-5
96,309341,149,79,149,2,0,-5
96,309358,149,74,149,2,0,-5
96,309376,149,69,149,2,0,-5
96,309393,149,64,149,2,0,-5
96,309410,149,59,149,2,0,-5
96,309427,149,54,149,2,0,-5
96,309444,154,49,149,2,5,-5
96,309460,159,44,149,2,5,-5
96,309477,164,39,149,2,5,-5
96,309494,169,34,149,2,5,-5
96,309510,174,29,149,2,5,-5
96,309527,179,24,149,2,5,-5
96,309544,179,19,149,2,0,-5
96,309560,179,14,149,2,0,-5
96,309577,179,9,149,2,0,-5
96,309594,179,4,149,2,0,-5
97,311410,243,184,724,453,0,5
97,311427,243,189,724,453,0,5
97,311444,243,194,724,453,0,5
97,311461,243,199,724,453,0,5
97,311478,243,204,724,453,0,5
97,311496,243,209,724,453,0,5
97,311512,243,214,724,453,0,5
97,311529,243,219,724,453,0,5
97,311546,243,224,724,453,0,5
97,311563,243,229,724,453,0,5
97,311580,243,234,724,453,0,5
97,311596,243,239,724,453,0,5
97,311613,243,244,724,453,0,5
97,311631,243,249,724,453,0,5
97,311647,243,254,724,453,0,5
97,311664,243,259,724,453,0,5
97,311681,243,264,724,453,0,5
97,311698,243,269,724,453,0,5
97,311715,243,274,724,453,0,5
97,311731,243,279,724,453,0,5
97,311747,243,284,724,453,0,5
97,311764,243,289,724,453,0,5
97,311781,243,294,724,453,0,5
97,311798,243,299,724,453,0,5
97,311814,243,304,724,453,0,5
97,311831,243,309,724,453,0,5
97,311848,243,314,724,453,0,5
97,311866,243,319,724,453,0,5
97,311883,243,324,724,453,0,5
97,311900,243,329,724,453,0,5
97,311917,243,334,724,453,0,5
97,311934,243,339,724,453,0,5
97,311951,243,344,724,453,0,5
97,311968,243,349,724,453,0,5
97,311984,243,354,724,453,0,5
97,312001,243,359,724,453,0,5
97,312018,243,364,724,453,0,5
97,312035,243,369,724,453,0,5
97,312052,243,374,724,453,0,5
97,312069,243,379,724,453,0,5
97,312086,243,384,724,453,0,5
97,312103,243,389,724,453,0,5
97,312120,243,394,724,453,0,5
97,312136,243,399,724,453,0,5
97,312153,243,404,724,453,0,5
97,312170,243,409,724,453,0,5
97,312186,243,414,724,453,0,5
97,312203,248,414,724,453,5,0
97,312221,253,414,724,453,5,0
97,312238,258,414,724,453,5,0
97,312255,263,414,724,453,5,0
97,312273,268,414,724,453,5,0
97,312290,273,414,724,453,5,0
97,312307,278,414,724,453,5,0
97,312324,283,414,724,453,5,0
97,312341,288,414,724,453,5,0
97,312358,293,414,724,453,5,0
97,312375,298,414,724,453,5,0
97,312392,303,414,724,453,5,0
97,312408,308,414,724,453,5,0
97,312424,313,414,724,453,5,0
97,312441,318,414,724,453,5,0
97,312458,323,414,724,453,5,0
97,312475,328,414,724,453,5,0
97,312491,333,414,724,453,5,0
97,312509,338,414,724,453,5,0
97,312525,343,414,724,453,5,0
97,312542,348,414,724,453,5,0
97,312559,353,414,724,453,5,0
97,312576,358,414,724,453,5,0
97,312593,363,419,724,453,5,5
97,312610,368,424,724,453,5,5
97,312627,373,429,724,453,5,5
97,312644,378,429,724,453,5,0
97,312660,383,429,724,453,5,0
97,312677,388,429,724,453,5,0
97,312694,393,429,724,453,5,0
97,312711,398,429,724,453,5,0
97,312729,403,429,724,453,5,0
97,312744,408,429,724,453,5,0
97,312761,413,429,724,453,5,0
97,312778,418,429,724,453,5,0
97,312795,423,429,724,453,5,0
97,312811,428,429,724,453,5,0
97,312828,433,429,724,453,5,0
97,312844,438,429,724,453,5,0
97,312861,443,429,724,453,5,0
97,312878,448,429,724,453,5,0
97,312894,453,429,724,453,5,0
97,312910,458,434,724,453,5,5
97,312926,463,439,724,453,5,5
97,312942,468,444,724,453,5,5
97,312959,473,449,724,453,5,5
97,312976,478,454,724,453,5,5
97,312993,483,459,724,453,5,5
97,313010,488,459,724,453,5,0
97,313027,493,459,724,453,5,0
97,313044,498,459,724,453,5,0
97,313060,503,459,724,453,5,0
97,313077,508,459,724,453,5,0
97,313094,513,459,724,453,5,0
97,313111,518,459,724,453,5,0
97,313128,523,459,724,453,5,0
97,313145,528,459,724,453,5,0
97,313161,533,459,724,453,5,0
97,313178,538,459,724,453,5,0
97,313195,543,459,724,453,5,0
97,313211,548,459,724,453,5,0
97,313228,553,459,724,453,5,0
97,313245,558,459,724,453,5,0
97,313262,563,459,724,453,5,0
97,313278,568,459,724,453,5,0
97,313295,573,459,724,453,5,0
97,313312,578,459,724,453,5,0
97,313329,583,459,724,453,5,0
97,313346,588,459,724,453,5,0
97,313363,593,459,724,453,5,0
97,313380,598,459,724,453,5,0
97,313397,603,459,724,453,5,0
97,313414,608,459,724,453,5,0
97,313431,613,459,724,453,5,0
97,313448,618,459,724,453,5,0
97,313465,623,459,724,453,5,0
97,313483,628,459,724,453,5,0
97,313499,633,459,724,453,5,0
97,313516,638,459,724,453,5,0
97,313533,643,459,724,453,5,0
97,313549,648,459,724,453,5,0
97,313566,653,459,724,453,5,0
97,313584,658,459,724,453,5,0
97,313601,663,459,724,453,5,0
97,313618,668,459,724,453,5,0
97,313635,673,459,724,453,5,0
97,313652,678,459,724,453,5,0
97,313669,683,459,724,453,5,0
97,313686,688,459,724,453,5,0
97,313703,693,459,724,453,5,0
97,313720,698,459,724,453,5,0
97,313737,703,459,724,453,5,0
97,313754,708,459,724,453,5,0
97,313771,713,459,724,453,5,0
97,313787,718,459,724,453,5,0
97,313804,723,459,724,453,5,0
98,315340,413,468,8,8,0,-5
98,315357,413,463,8,8,0,-5
98,315374,413,458,8,8,0,-5
98,315391,413,453,8,8,0,-5
98,315407,413,448,8,8,0,-5
98,315424,413,443,8,8,0,-5
98,315441,413,438,8,8,0,-5
98,315458,413,433,8,8,0,-5
98,315476,413,428,8,8,0,-5
98,315493,413,423,8,8,0,-5
98,315510,413,418,8,8,0,-5
98,315527,413,413,8,8,0,-5
98,315544,413,408,8,8,0,-5
98,315561,413,403,8,8,0,-5
98,315578,413,398,8,8,0,-5
98,315595,413,393,8,8,0,-5
98,315612,408,388,8,8,-5,-5
98,315629,403,383,8,8,-5,-5
98,315646,398,378,8,8,-5,-5
98,315663,393,373,8,8,-5,-5
98,315680,388,368,8,8,-5,-5
98,315697,383,363,8,8,-5,-5
98,315714,378,358,8,8,-5,-5
98,315731,373,353,8,8,-5,-5
98,315748,368,348,8,8,-5,-5
98,315764,363,343,8,8,-5,-5
98,315780,358,338,8,8,-5,-5
98,315796,353,333,8,8,-5,-5
98,315812,348,328,8,8,-5,-5
98,315829,343,323,8,8,-5,-5
98,315846,338,318,8,8,-5,-5
98,315863,333,313,8,8,-5,-5
98,315880,328,308,8,8,-5,-5
98,315898,323,303,8,8,-5,-5
98,315915,318,298,8,8,-5,-5
98,315931,313,293,8,8,-5,-5
98,315948,308,288,8,8,-5,-5
98,315965,303,283,8,8,-5,-5
98,315981,298,278,8,8,-5,-5
98,315998,293,273,8,8,-5,-5
98,316015,288,268,8,8,-5,-5
98,316032,283,263,8,8,-5,-5
98,316049,278,258,8,8,-5,-5
98,316066,273,253,8,8,-5,-5
98,316083,268,248,8,8,-5,-5
98,316099,263,243,8,8,-5,-5
98,316116,258,238,8,8,-5,-5
98,316133,253,233,8,8,-5,-5
98,316150,248,228,8,8,-5,-5
98,316167,243,223,8,8,-5,-5
98,316184,238,218,8,8,-5,-5
98,316201,233,213,8,8,-5,-5
98,316218,228,208,8,8,-5,-5
98,316235,223,203,8,8,-5,-5
98,316252,218,198,8,8,-5,-5
98,316269,213,193,8,8,-5,-5
98,316286,208,188,8,8,-5,-5
98,316303,203,183,8,8,-5,-5
98,316320,198,178,8,8,-5,-5
98,316337,193,173,8,8,-5,-5
98,316353,188,168,8,8,-5,-5
98,316371,183,163,8,8,-5,-5
98,316388,178,158,8,8,-5,-5
98,316405,173,153,8,8,-5,-5
98,316422,168,148,8,8,-5,-5
98,316438,163,143,8,8,-5,-5
98,316454,158,138,8,8,-5,-5
98,316471,153,133,8,8,-5,-5
98,316489,148,128,8,8,-5,-5
98,316506,143,123,8,8,-5,-5
98,316523,138,118,8,8,-5,-5
98,316540,133,113,8,8,-5,-5
98,316557,128,108,8,8,-5,-5
98,316573,123,103,8,8,-5,-5
98,316590,118,98,8,8,-5,-5
98,316606,113,93,8,8,-5,-5
98,316622,108,88,8,8,-5,-5
98,316639,103,83,8,8,-5,-5
98,316656,98,78,8,8,-5,-5
98,316674,93,73,8,8,-5,-5
98,316690,88,68,8,8,-5,-5
98,316707,83,63,8,8,-5,-5
98,316724,78,58,8,8,-5,-5
98,316741,73,53,8,8,-5,-5
98,316758,68,48,8,8,-5,-5
98,316775,63,43,8,8,-5,-5
98,316792,58,38,8,8,-5,-5
98,316809,53,33,8,8,-5,-5
98,316826,48,28,8,8,-5,-5
98,316843,43,23,8,8,-5,-5
98,316860,38,23,8,8,-5,0
98,317128,33,23,8,8,-5,0
98,317145,28,23,8,8,-5,0
99,318664,638,314,427,22,-5,0
99,318681,633,314,427,22,-5,0
99,318697,628,314,427,22,-5,0
99,318714,623,314,427,22,-5,0
99,318731,618,314,427,22,-5,0
99,318748,613,314,427,22,-5,0
99,318765,608,314,427,22,-5,0
99,318781,603,314,427,22,-5,0
99,318798,598,314,427,22,-5,0
99,318815,593,314,427,22,-5,0
99,318832,588,314,427,22,-5,0
99,318849,583,314,427,22,-5,0
99,318867,578,314,427,22,-5,0
99,318884,573,314,427,22,-5,0
99,318901,568,314,427,22,-5,0
99,318918,563,314,427,22,-5,0
99,318934,558,314,427,22,-5,0
99,318951,553,314,427,22,-5,0
99,318968,548,314,427,22,-5,0
99,318984,543,314,427,22,-5,0
99,319001,538,314,427,22,-5,0
99,319018,533,314,427,22,-5,0
99,319035,528,314,427,22,-5,0
99,319052,523,314,427,22,-5,0
99,319069,518,314,427,22,-5,0
99,319085,513,314,427,22,-5,0
99,319102,508,314,427,22,-5,0
99,319119,503,314,427,22,-5,0
99,319136,498,314,427,22,-5,0
99,319152,493,314,427,22,-5,0
99,319169,488,314,427,22,-5,0
99,319186,483,314,427,22,-5,0
99,319204,478,314,427,22,-5,0
99,319221,473,314,427,22,-5,0
99,319238,468,314,427,22,-5,0
99,319255,463,314,427,22,-5,0
99,319273,458,309,427,22,-5,-5
99,319290,458,304,427,22,0,-5
99,319307,458,299,427,22,0,-5
99,319323,458,294,427,22,0,-5
99,319340,458,289,427,22,0,-5
99,319357,458,284,427,22,0,-5
99,319374,458,279,427,22,0,-5
99,319390,458,274,427,22,0,-5
99,319406,458,269,427,22,0,-5
99,319423,458,264,427,22,0,-5
99,319440,458,259,427,22,0,-5
99,319457,458,254,427,22,0,-5
99,319474,458,249,427,22,0,-5
99,319490,458,244,427,22,0,-5
99,319507,458,239,427,22,0,-5
99,319524,458,234,427,22,0,-5
99,319541,458,229,427,22,0,-5
99,319557,458,224,427,22,0,-5
99,319574,458,219,427,22,0,-5
99,319591,458,214,427,22,0,-5
99,319608,458,209,427,22,0,-5
99,319625,458,204,427,22,0,-5
99,319642,458,199,427,22,0,-5
99,319659,453,194,427,22,-5,-5
99,319675,448,189,427,22,-5,-5
99,319691,443,184,427,22,-5,-5
99,319707,438,179,427,22,-5,-5
99,319724,433,174,427,22,-5,-5
99,319741,433,169,427,22,0,-5
99,319758,433,164,427,22,0,-5
99,319774,433,159,427,22,0,-5
99,319791,433,154,427,22,0,-5
99,319807,433,149,427,22,0,-5
99,319824,433,144,427,22,0,-5
99,319841,433,139,427,22,0,-5
99,319858,433,134,427,22,0,-5
99,319874,433,129,427,22,0,-5
99,319890,433,124,427,22,0,-5
99,319906,433,119,427,22,0,-5
99,319923,433,114,427,22,0,-5
99,319939,433,109,427,22,0,-5
99,319956,433,104,427,22,0,-5
99,319973,433,99,427,22,0,-5
99,319990,433,94,427,22,0,-5
99,320007,433,89,427,22,0,-5
99,320024,433,84,427,22,0,-5
99,320041,433,79,427,22,0,-5
99,320058,433,74,427,22,0,-5
99,320075,433,69,427,22,0,-5
99,320092,433,64,427,22,0,-5
99,320109,433,59,427,22,0,-5
99,320126,433,54,427,22,0,-5
99,320143,433,49,427,22,0,-5
99,320160,433,44,427,22,0,-5
100,321672,386,226,427,135,0,-5
100,321689,386,221,427,135,0,-5
100,321706,386,216,427,135,0,-5
100,321723,386,211,427,135,0,-5
100,321740,386,206,427,135,0,-5
100,321757,386,201,427,135,0,-5
100,321773,386,196,427,135,0,-5
100,321790,386,191,427,135,0,-5
100,321807,386,186,427,135,0,-5
100,321824,386,181,427,135,0,-5
100,321841,386,176,427,135,0,-5
100,321858,386,171,427,135,0,-5
100,321875,386,166,427,135,0,-5
100,321892,386,161,427,135,0,-5
100,321910,386,156,427,135,0,-5
100,321927,386,151,427,135,0,-5
100,321943,386,146,427,135,0,-5
100,321960,386,141,427,135,0,-5
100,321978,386,136,427,135,0,-5
100,321994,386,131,427,135,0,-5
100,322010,391,126,427,135,5,-5
100,322027,396,126,427,135,5,0
100,322044,401,126,427,135,5,0
100,322061,406,126,427,135,5,0
100,322078,411,126,427,135,5,0
100,322095,416,126,427,135,5,0
100,322112,421,126,427,135,5,0
100,322128,426,126,427,135,5,0
100,322145,431,126,427,135,5,0
100,322161,436,126,427,135,5,0
100,322178,441,126,427,135,5,0
100,322195,446,126,427,135,5,0
100,322212,451,126,427,135,5,0
100,322229,456,126,427,135,5,0
100,322246,461,126,427,135,5,0
100,322263,466,126,427,135,5,0
100,322280,466,131,427,135,0,5
100,322297,466,136,427,135,0,5
100,322314,466,141,427,135,0,5
100,322330,466,146,427,135,0,5
100,322346,466,151,427,135,0,5
100,322363,466,156,427,135,0,5
100,322497,461,156,427,135,-5,0
100,322514,456,156,427,135,-5,0
100,322531,451,156,427,135,-5,0
100,322548,446,156,427,135,-5,0
100,322565,441,156,427,135,-5,0
100,322582,436,156,427,135,-5,0
100,322599,431,156,427,135,-5,0
100,322615,426,156,427,135,-5,0
100,322950,426,151,427,135,0,-5
100,322967,426,146,427,135,0,-5
100,322984,426,141,427,135,0,-5
100,323001,426,136,427,135,0,-5
100,323018,426,131,427,135,0,-5
100,323745,426,136,427,135,0,5
100,323762,426,141,427,135,0,5
100,323779,426,146,427,135,0,5
100,323796,426,151,427,135,0,5
100,323813,426,156,427,135,0,5
101,325750,454,13,97,464,0,5
101,325767,454,18,97,464,0,5
101,325784,454,23,97,464,0,5
101,325801,454,28,97,464,0,5
101,325818,454,33,97,464,0,5
101,325835,454,38,97,464,0,5
101,325852,454,43,97,464,0,5
101,325869,454,48,97,464,0,5
101,325886,454,53,97,464,0,5
101,325903,454,58,97,464,0,5
101,325920,454,63,97,464,0,5
101,325937,454,68,97,464,0,5
101,325954,454,73,97,464,0,5
101,325971,454,78,97,464,0,5
101,325988,454,83,97,464,0,5
101,326005,454,88,97,464,0,5
101,326022,449,93,97,464,-5,5
101,326039,444,98,97,464,-5,5
101,326056,439,103,97,464,-5,5
101,326073,434,108,97,464,-5,5
101,326089,429,113,97,464,-5,5
101,326106,424,118,97,464,-5,5
101,326123,419,123,97,464,-5,5
101,326139,414,128,97,464,-5,5
101,326155,409,133,97,464,-5,5
101,326172,404,138,97,464,-5,5
101,326189,399,143,97,464,-5,5
101,326206,394,148,97,464,-5,5
101,326223,389,153,97,464,-5,5
101,326240,384,158,97,464,-5,5
101,326257,379,163,97,464,-5,5
101,326273,374,168,97,464,-5,5
101,326290,369,173,97,464,-5,5
101,326306,364,178,97,464,-5,5
101,326322,359,183,97,464,-5,5
101,326339,354,188,97,464,-5,5
101,326356,349,193,97,464,-5,5
101,326373,344,198,97,464,-5,5
101,326390,339,203,97,464,-5,5
101,326407,334,208,97,464,-5,5
101,326424,329,213,97,464,-5,5
101,326441,324,218,97,464,-5,5
101,326458,319,223,97,464,-5,5
101,326475,314,228,97,464,-5,5
101,326491,309,233,97,464,-5,5
101,326509,304,238,97,464,-5,5
101,326525,299,243,97,464,-5,5
101,326541,294,248,97,464,-5,5
101,326557,289,253,97,464,-5,5
101,326574,284,258,97,464,-5,5
101,326591,279,263,97,464,-5,5
101,326607,274,268,97,464,-5,5
101,326624,269,273,97,464,-5,5
101,326641,264,278,97,464,-5,5
101,326658,259,283,97,464,-5,5
101,326675,254,288,97,464,-5,5
101,326692,249,293,97,464,-5,5
101,326709,244,298,97,464,-5,5
101,326725,239,303,97,464,-5,5
101,326742,234,308,97,464,-5,5
101,326759,229,313,97,464,-5,5
101,326776,224,318,97,464,-5,5
101,326792,219,323,97,464,-5,5
101,326809,214,328,97,464,-5,5
101,326826,209,333,97,464,-5,5
101,326843,204,338,97,464,-5,5
101,326860,199,343,97,464,-5,5
101,326877,194,348,97,464,-5,5
101,326894,189,353,97,464,-5,5
101,326911,184,358,97,464,-5,5
101,326927,179,363,97,464,-5,5
101,326944,174,368,97,464,-5,5
101,326961,169,373,97,464,-5,5
101,326978,164,378,97,464,-5,5
101,326995,159,383,97,464,-5,5
101,327011,154,388,97,464,-5,5
101,327028,149,393,97,464,-5,5
101,327045,144,398,97,464,-5,5
101,327062,139,403,97,464,-5,5
101,327079,134,408,97,464,-5,5
101,327095,129,413,97,464,-5,5
101,327112,124,418,97,464,-5,5
101,327128,119,423,97,464,-5,5
101,327145,114,428,97,464,-5,5
101,327162,109,433,97,464,-5,5
101,327180,109,438,97,464,0,5
101,327197,109,443,97,464,0,5
101,327215,109,448,97,464,0,5
101,327537,109,453,97,464,0,5
101,327554,109,458,97,464,0,5
101,327571,109,463,97,464,0,5
102,329102,77,309,433,82,5,0
102,329119,82,309,433,82,5,0
102,329136,87,309,433,82,5,0
102,329153,92,309,433,82,5,0
102,329170,97,309,433,82,5,0
102,329187,102,309,433,82,5,0
102,329204,107,309,433,82,5,0
102,329221,112,309,433,82,5,0
102,329238,117,309,433,82,5,0
102,329254,122,309,433,82,5,0
102,329271,127,309,433,82,5,0
102,329288,132,309,433,82,5,0
102,329305,137,309,433,82,5,0
102,329322,142,309,433,82,5,0
102,329339,147,309,433,82,5,0
102,329356,152,309,433,82,5,0
102,329373,157,309,433,82,5,0
102,329390,162,309,433,82,5,0
102,329407,167,309,433,82,5,0
102,329424,172,309,433,82,5,0
102,329441,177,309,433,82,5,0
102,329457,182,309,433,82,5,0
102,329474,187,304,433,82,5,-5
102,329491,192,299,433,82,5,-5
102,329507,197,294,433,82,5,-5
102,329525,202,289,433,82,5,-5
102,329542,207,284,433,82,5,-5
102,329559,212,279,433,82,5,-5
102,329576,217,274,433,82,5,-5
102,329593,222,269,433,82,5,-5
102,329610,227,264,433,82,5,-5
102,329628,232,259,433,82,5,-5
102,329645,237,254,433,82,5,-5
102,329662,242,249,433,82,5,-5
102,329679,247,244,433,82,5,-5
102,329695,252,239,433,82,5,-5
102,329712,257,234,433,82,5,-5
102,329728,262,229,433,82,5,-5
102,329744,267,224,433,82,5,-5
102,329761,272,219,433,82,5,-5
102,329778,277,214,433,82,5,-5
102,329795,282,209,433,82,5,-5
102,329812,287,204,433,82,5,-5
102,329829,292,199,433,82,5,-5
102,329845,297,194,433,82,5,-5
102,329862,302,189,433,82,5,-5
102,329879,307,184,433,82,5,-5
102,329896,312,179,433,82,5,-5
102,329913,317,174,433,82,5,-5
102,329930,322,169,433,82,5,-5
102,329947,327,164,433,82,5,-5
102,329964,332,159,433,82,5,-5
102,329981,337,154,433,82,5,-5
102,329998,342,149,433,82,5,-5
102,330015,347,144,433,82,5,-5
102,330032,352,139,433,82,5,-5
102,330049,357,134,433,82,5,-5
102,330066,362,129,433,82,5,-5
102,330083,367,124,433,82,5,-5
102,330100,372,119,433,82,5,-5
102,330117,377,114,433,82,5,-5
102,330134,382,109,433,82,5,-5
102,330151,387,104,433,82,5,-5
102,330168,392,104,433,82,5,0
102,330185,397,104,433,82,5,0
102,330202,402,104,433,82,5,0
102,330219,407,104,433,82,5,0
102,330236,412,104,433,82,5,0
102,330253,417,104,433,82,5,0
102,330270,422,104,433,82,5,0
102,330287,427,104,433,82,5,0
102,330304,432,104,433,82,5,0
102,330321,437,104,433,82,5,0
102,330337,442,104,433,82,5,0
102,330354,447,104,433,82,5,0
102,330371,452,104,433,82,5,0
102,330388,457,104,433,82,5,0
102,330405,462,104,433,82,5,0
102,330591,462,99,433,82,0,-5
102,330608,462,94,433,82,0,-5
102,330625,462,89,433,82,0,-5
102,330791,457,89,433,82,-5,0
103,332307,20,547,622,118,5,0
103,332324,25,547,622,118,5,0
103,332341,30,547,622,118,5,0
103,332357,35,547,622,118,5,0
103,332373,40,547,622,118,5,0
103,332390,45,547,622,118,5,0
103,332407,50,547,622,118,5,0
103,332424,55,547,622,118,5,0
103,332441,60,547,622,118,5,0
103,332457,65,547,622,118,5,0
103,332474,70,547,622,118,5,0
103,332490,75,547,622,118,5,0
103,332507,80,547,622,118,5,0
103,332523,85,547,622,118,5,0
103,332540,90,547,622,118,5,0
103,332557,95,547,622,118,5,0
103,332574,100,542,622,118,5,-5
103,332591,105,537,622,118,5,-5
103,332608,110,532,622,118,5,-5
103,332625,115,527,622,118,5,-5
103,332641,120,522,622,118,5,-5
103,332657,125,517,622,118,5,-5
103,332674,130,512,622,118,5,-5
103,332691,135,507,622,118,5,-5
103,332708,140,502,622,118,5,-5
103,332725,145,497,622,118,5,-5
103,332742,150,492,622,118,5,-5
103,332759,155,487,622,118,5,-5
103,332776,160,482,622,118,5,-5
103,332793,165,477,622,118,5,-5
103,332809,170,472,622,118,5,-5
103,332825,175,467,622,118,5,-5
103,332843,180,462,622,118,5,-5
103,332861,185,457,622,118,5,-5
103,332878,190,452,622,118,5,-5
103,332895,195,447,622,118,5,-5
103,332912,200,442,622,118,5,-5
103,332928,205,437,622,118,5,-5
103,332945,210,432,622,118,5,-5
103,332962,215,427,622,118,5,-5
103,332978,220,422,622,118,5,-5
103,332995,225,417,622,118,5,-5
103,333012,230,412,622,118,5,-5
103,333029,235,407,622,118,5,-5
103,333045,240,402,622,118,5,-5
103,333062,245,397,622,118,5,-5
103,333079,250,392,622,118,5,-5
103,333096,255,387,622,118,5,-5
103,333113,260,382,622,118,5,-5
103,333130,265,377,622,118,5,-5
103,333147,270,372,622,118,5,-5
103,333164,275,367,622,118,5,-5
103,333182,280,362,622,118,5,-5
103,333199,285,357,622,118,5,-5
103,333216,290,352,622,118,5,-5
103,333232,295,347,622,118,5,-5
103,333249,300,342,622,118,5,-5
103,333266,305,337,622,118,5,-5
103,333282,310,332,622,118,5,-5
103,333298,315,327,622,118,5,-5
103,333316,320,322,622,118,5,-5
103,333333,325,317,622,118,5,-5
103,333350,330,312,622,118,5,-5
103,333366,335,307,622,118,5,-5
103,333383,340,302,622,118,5,-5
103,333400,345,297,622,118,5,-5
103,333417,350,292,622,118,5,-5
103,333434,355,287,622,118,5,-5
103,333451,360,282,622,118,5,-5
103,333467,365,277,622,118,5,-5
103,333483,370,272,622,118,5,-5
103,333500,375,267,622,118,5,-5
103,333517,380,262,622,118,5,-5
103,333533,385,257,622,118,5,-5
103,333550,390,252,622,118,5,-5
103,333567,395,247,622,118,5,-5
103,333584,400,242,622,118,5,-5
103,333601,405,237,622,118,5,-5
103,333618,410,232,622,118,5,-5
103,333634,415,227,622,118,5,-5
103,333651,420,222,622,118,5,-5
103,333668,425,217,622,118,5,-5
103,333685,430,212,622,118,5,-5
103,333702,435,207,622,118,5,-5
103,333719,440,202,622,118,5,-5
103,333736,445,197,622,118,5,-5
103,333753,450,192,622,118,5,-5
103,333770,455,187,622,118,5,-5
103,333786,460,182,622,118,5,-5
103,333803,465,177,622,118,5,-5
103,333820,470,172,622,118,5,-5
103,333837,475,167,622,118,5,-5
103,333853,480,162,622,118,5,-5
103,333870,485,157,622,118,5,-5
103,333886,490,152,622,118,5,-5
103,333903,495,147,622,118,5,-5
103,333920,500,147,622,118,5,0
103,333937,505,147,622,118,5,0
103,333954,510,147,622,118,5,0
103,333970,515,147,622,118,5,0
103,333987,520,147,622,118,5,0
103,334003,525,147,622,118,5,0
103,334020,530,147,622,118,5,0
103,334036,535,147,622,118,5,0
103,334053,540,147,622,118,5,0
103,334070,545,147,622,118,5,0
103,334086,550,147,622,118,5,0
103,334102,555,147,622,118,5,0
103,334119,560,147,622,118,5,0
103,334135,565,147,622,118,5,0
103,334152,570,147,622,118,5,0
103,334169,575,142,622,118,5,-5
103,334186,580,137,622,118,5,-5
103,334203,585,132,622,118,5,-5
103,334220,590,127,622,118,5,-5
103,334237,595,122,622,118,5,-5
103,334253,600,122,622,118,5,0
103,334269,605,122,622,118,5,0
103,334286,610,122,622,118,5,0
103,334303,615,122,622,118,5,0
103,334319,620,122,622,118,5,0
103,334759,620,127,622,118,0,5
103,334776,620,132,622,118,0,5
104,336643,162,297,50,90,-5,0
104,336660,157,297,50,90,-5,0
104,336677,152,297,50,90,-5,0
104,336694,147,297,50,90,-5,0
104,336711,142,297,50,90,-5,0
104,336727,137,297,50,90,-5,0
104,336743,132,297,50,90,-5,0
104,336760,127,297,50,90,-5,0
104,336777,122,297,50,90,-5,0
104,336794,117,297,50,90,-5,0
104,336810,112,297,50,90,-5,0
104,336826,107,297,50,90,-5,0
104,336844,102,297,50,90,-5,0
104,336859,97,297,50,90,-5,0
104,336875,92,297,50,90,-5,0
104,336892,87,297,50,90,-5,0
104,336908,82,297,50,90,-5,0
104,336925,82,292,50,90,0,-5
104,336941,82,287,50,90,0,-5
104,336959,82,282,50,90,0,-5
104,336976,82,277,50,90,0,-5
104,336992,82,272,50,90,0,-5
104,337008,82,267,50,90,0,-5
104,337025,82,262,50,90,0,-5
104,337042,82,257,50,90,0,-5
104,337059,82,252,50,90,0,-5
104,337076,82,247,50,90,0,-5
104,337093,82,242,50,90,0,-5
104,337110,82,237,50,90,0,-5
104,337127,82,232,50,90,0,-5
104,337144,82,227,50,90,0,-5
104,337161,77,222,50,90,-5,-5
104,337178,72,217,50,90,-5,-5
104,337195,67,212,50,90,-5,-5
104,337212,62,207,50,90,-5,-5
104,337228,57,202,50,90,-5,-5
104,337244,52,197,50,90,-5,-5
104,337261,47,192,50,90,-5,-5
104,337278,47,187,50,90,0,-5
104,337295,47,182,50,90,0,-5
104,337312,47,177,50,90,0,-5
104,337329,47,172,50,90,0,-5
104,337346,47,167,50,90,0,-5
104,337363,47,162,50,90,0,-5
104,337381,47,157,50,90,0,-5
104,337398,47,152,50,90,0,-5
104,337414,47,147,50,90,0,-5
104,337431,47,142,50,90,0,-5
104,337448,47,137,50,90,0,-5
104,337465,47,132,50,90,0,-5
104,337481,47,127,50,90,0,-5
104,337497,47,122,50,90,0,-5
104,337514,47,117,50,90,0,-5
104,337531,47,112,50,90,0,-5
104,337547,47,107,50,90,0,-5
104,337564,47,102,50,90,0,-5
105,339204,86,173,610,347,5,0
105,339221,91,173,610,347,5,0
105,339238,96,173,610,347,5,0
105,339255,101,173,610,347,5,0
105,339272,106,173,610,347,5,0
105,339290,111,173,610,347,5,0
105,339306,116,173,610,347,5,0
105,339322,121,173,610,347,5,0
105,339340,126,173,610,347,5,0
105,339356,131,173,610,347,5,0
105,339373,136,173,610,347,5,0
105,339390,141,173,610,347,5,0
105,339406,146,173,610,347,5,0
105,339422,151,173,610,347,5,0
105,339439,156,173,610,347,5,0
105,339456,161,173,610,347,5,0
105,339473,166,178,610,347,5,5
105,339493,171,183,610,347,5,5
105,339510,176,188,610,347,5,5
105,339527,181,193,610,347,5,5
105,339544,186,198,610,347,5,5
105,339561,191,203,610,347,5,5
105,339578,196,208,610,347,5,5
105,339595,201,213,610,347,5,5
105,339612,206,218,610,347,5,5
105,339628,211,223,610,347,5,5
105,339644,216,228,610,347,5,5
105,339661,221,233,610,347,5,5
105,339679,226,238,610,347,5,5
105,339696,231,243,610,347,5,5
105,339713,236,248,610,347,5,5
105,339730,241,253,610,347,5,5
105,339747,246,258,610,347,5,5
105,339765,251,263,610,347,5,5
105,339781,256,268,610,347,5,5
105,339798,261,273,610,347,5,5
105,339815,266,278,610,347,5,5
105,339832,271,283,610,347,5,5
105,339849,276,288,610,347,5,5
105,339866,281,293,610,347,5,5
105,339882,286,298,610,347,5,5
105,339900,291,303,610,347,5,5
105,339918,296,308,610,347,5,5
105,339934,301,313,610,347,5,5
105,339951,306,318,610,347,5,5
105,339968,311,323,610,347,5,5
105,339985,316,328,610,347,5,5
105,340002,321,333,610,347,5,5
105,340019,326,338,610,347,5,5
105,340036,331,338,610,347,5,0
105,340053,336,338,610,347,5,0
105,340070,341,338,610,347,5,0
105,340087,346,338,610,347,5,0
105,340104,351,338,610,347,5,0
105,340121,356,338,610,347,5,0
105,340138,361,338,610,347,5,0
105,340156,366,338,610,347,5,0
105,340173,371,338,610,347,5,0
105,340190,376,338,610,347,5,0
105,340207,381,338,610,347,5,0
105,340224,386,338,610,347,5,0
105,340241,391,338,610,347,5,0
105,340258,396,338,610,347,5,0
105,340275,401,338,610,347,5,0
105,340292,406,343,610,347,5,5
105,340309,411,348,610,347,5,5
105,340326,416,353,610,347,5,5
105,340343,421,358,610,347,5,5
105,340359,426,358,610,347,5,0
105,340376,431,358,610,347,5,0
105,340393,436,358,610,347,5,0
105,340410,441,358,610,347,5,0
105,340427,446,358,610,347,5,0
105,340444,451,358,610,347,5,0
105,340461,456,358,610,347,5,0
105,340478,461,358,610,347,5,0
105,340495,466,358,610,347,5,0
105,340512,471,358,610,347,5,0
105,340528,476,358,610,347,5,0
105,340545,481,358,610,347,5,0
105,340562,486,358,610,347,5,0
105,340579,491,358,610,347,5,0
105,340596,496,358,610,347,5,0
105,340613,501,358,610,347,5,0
105,340630,506,358,610,347,5,0
105,340646,511,358,610,347,5,0
105,340662,516,358,610,347,5,0
105,340678,521,358,610,347,5,0
105,340695,526,358,610,347,5,0
105,340712,531,358,610,347,5,0
105,340729,536,358,610,347,5,0
105,340745,541,358,610,347,5,0
105,340762,546,358,610,347,5,0
105,340778,551,358,610,347,5,0
105,340794,556,358,610,347,5,0
105,340811,561,358,610,347,5,0
105,340828,566,358,610,347,5,0
105,340845,571,358,610,347,5,0
105,340862,576,358,610,347,5,0
105,340879,581,358,610,347,5,0
105,340895,586,358,610,347,5,0
105,340913,591,358,610,347,5,0
105,340929,596,358,610,347,5,0
105,340946,601,358,610,347,5,0
105,340963,606,358,610,347,5,0
106,342546,477,79,442,109,0,5
106,342563,477,84,442,109,0,5
106,342580,477,89,442,109,0,5
106,342597,477,94,442,109,0,5
106,342614,477,99,442,109,0,5
106,342631,477,104,442,109,0,5
106,342798,472,104,442,109,-5,0
106,342815,467,104,442,109,-5,0
106,342831,462,104,442,109,-5,0
106,342848,457,104,442,109,-5,0
106,342865,452,104,442,109,-5,0
106,342882,447,104,442,109,-5,0
106,342898,442,104,442,109,-5,0
106,343101,442,109,442,109,0,5
106,343118,442,114,442,109,0,5
106,343135,442,119,442,109,0,5
106,343152,442,124,442,109,0,5
106,343169,442,129,442,109,0,5
106,343354,447,129,442,109,5,0
106,343371,452,129,442,109,5,0
106,343388,457,129,442,109,5,0
106,343405,462,129,442,109,5,0
106,343625,462,124,442,109,0,-5
106,343642,462,119,442,109,0,-5
106,343659,462,114,442,109,0,-5
106,343676,462,109,442,109,0,-5
106,344035,457,109,442,109,-5,0
106,344051,452,109,442,109,-5,0
107,345735,31,191,402,284,5,0
107,345752,36,191,402,284,5,0
107,345769,41,191,402,284,5,0
107,345786,46,191,402,284,5,0
107,345802,51,191,402,284,5,0
107,345819,56,191,402,284,5,0
107,345836,61,191,402,284,5,0
107,345853,66,191,402,284,5,0
107,345869,71,191,402,284,5,0
107,345885,76,191,402,284,5,0
107,345902,81,191,402,284,5,0
107,345919,86,191,402,284,5,0
107,345936,91,196,402,284,5,5
107,345953,96,201,402,284,5,5
107,345971,101,206,402,284,5,5
107,345988,106,211,402,284,5,5
107,346005,111,216,402,284,5,5
107,346022,116,221,402,284,5,5
107,346038,121,226,402,284,5,5
107,346055,126,231,402,284,5,5
107,346072,131,236,402,284,5,5
107,346089,136,241,402,284,5,5
107,346106,141,246,402,284,5,5
107,346123,146,251,402,284,5,5
107,346140,151,256,402,284,5,5
107,346156,156,261,402,284,5,5
107,346173,161,266,402,284,5,5
107,346190,166,271,402,284,5,5
107,346207,171,276,402,284,5,5
107,346224,176,281,402,284,5,5
107,346241,181,286,402,284,5,5
107,346258,186,291,402,284,5,5
107,346275,191,291,402,284,5,0
107,346292,196,291,402,284,5,0
107,346309,201,291,402,284,5,0
107,346325,206,291,402,284,5,0
107,346343,211,291,402,284,5,0
107,346359,216,291,402,284,5,0
107,346376,221,291,402,284,5,0
107,346393,226,291,402,284,5,0
107,346410,231,291,402,284,5,0
107,346427,236,291,402,284,5,0
107,346444,241,291,402,284,5,0
107,346461,246,291,402,284,5,0
107,346478,251,291,402,284,5,0
107,346495,256,291,402,284,5,0
107,346512,261,291,402,284,5,0
107,346529,266,291,402,284,5,0
107,346546,271,291,402,284,5,0
107,346563,276,291,402,284,5,0
107,346580,281,291,402,284,5,0
107,346596,286,291,402,284,5,0
107,346613,291,291,402,284,5,0
107,346630,296,291,402,284,5,0
107,346646,301,291,402,284,5,0
107,346662,306,291,402,284,5,0
107,346678,311,291,402,284,5,0
107,346695,316,291,402,284,5,0
107,346712,321,291,402,284,5,0
107,346729,326,291,402,284,5,0
107,346745,331,291,402,284,5,0
107,346762,336,291,402,284,5,0
107,346779,341,291,402,284,5,0
107,346795,346,291,402,284,5,0
107,346812,351,291,402,284,5,0
107,346829,356,291,402,284,5,0
107,346846,361,291,402,284,5,0
107,346863,366,291,402,284,5,0
107,346880,371,291,402,284,5,0
107,346896,376,291,402,284,5,0
107,346912,381,291,402,284,5,0
107,346928,386,291,402,284,5,0
107,346945,391,291,402,284,5,0
107,346961,396,291,402,284,5,0
107,347279,401,291,402,284,5,0
108,348810,649,355,94,371,-5,0
108,348827,644,355,94,371,-5,0
108,348844,639,355,94,371,-5,0
108,348860,634,355,94,371,-5,0
108,348877,629,355,94,371,-5,0
108,348893,624,355,94,371,-5,0
108,348910,619,355,94,371,-5,0
108,348928,614,355,94,371,-5,0
108,348945,609,355,94,371,-5,0
108,348962,604,355,94,371,-5,0
108,348979,599,355,94,371,-5,0
108,348996,594,355,94,371,-5,0
108,349012,589,355,94,371,-5,0
108,349029,584,355,94,371,-5,0
108,349045,579,355,94,371,-5,0
108,349062,574,360,94,371,-5,5
108,349078,569,365,94,371,-5,5
108,349095,564,370,94,371,-5,5
108,349111,559,375,94,371,-5,5
108,349128,554,380,94,371,-5,5
108,349145,549,385,94,371,-5,5
108,349162,544,390,94,371,-5,5
108,349178,539,390,94,371,-5,0
108,349195,534,390,94,371,-5,0
108,349212,529,390,94,371,-5,0
108,349229,524,390,94,371,-5,0
108,349246,519,390,94,371,-5,0
108,349263,514,390,94,371,-5,0
108,349280,509,390,94,371,-5,0
108,349297,504,390,94,371,-5,0
108,349314,499,390,94,371,-5,0
108,349330,494,390,94,371,-5,0
108,349346,489,390,94,371,-5,0
108,349363,484,390,94,371,-5,0
108,349380,479,390,94,371,-5,0
108,349398,474,390,94,371,-5,0
108,349413,469,390,94,371,-5,0
108,349430,464,390,94,371,-5,0
108,349447,459,390,94,371,-5,0
108,349464,454,390,94,371,-5,0
108,349480,449,390,94,371,-5,0
108,349497,444,390,94,371,-5,0
108,349514,439,390,94,371,-5,0
108,349530,434,390,94,371,-5,0
108,349546,429,390,94,371,-5,0
108,349562,424,390,94,371,-5,0
108,349578,419,390,94,371,-5,0
108,349595,414,390,94,371,-5,0
108,349612,409,390,94,371,-5,0
108,349629,404,390,94,371,-5,0
108,349646,399,390,94,371,-5,0
108,349663,394,390,94,371,-5,0
108,349680,389,390,94,371,-5,0
108,349697,384,390,94,371,-5,0
108,349714,379,390,94,371,-5,0
108,349730,374,390,94,371,-5,0
108,349746,369,390,94,371,-5,0
108,349763,364,390,94,371,-5,0
108,349780,359,390,94,371,-5,0
108,349797,354,390,94,371,-5,0
108,349813,349,390,94,371,-5,0
108,349830,344,390,94,371,-5,0
108,349847,339,390,94,371,-5,0
108,349863,334,390,94,371,-5,0
108,349880,329,390,94,371,-5,0
108,349897,324,390,94,371,-5,0
108,349914,319,390,94,371,-5,0
108,349931,314,390,94,371,-5,0
108,349948,309,390,94,371,-5,0
108,349964,304,390,94,371,-5,0
108,349981,299,390,94,371,-5,0
108,349998,294,390,94,371,-5,0
108,350015,289,390,94,371,-5,0
108,350032,284,390,94,371,-5,0
108,350049,279,390,94,371,-5,0
108,350067,274,390,94,371,-5,0
108,350083,269,390,94,371,-5,0
108,350100,264,390,94,371,-5,0
108,350116,259,390,94,371,-5,0
108,350133,254,390,94,371,-5,0
108,350150,249,390,94,371,-5,0
108,350167,244,390,94,371,-5,0
108,350184,239,390,94,371,-5,0
108,350201,234,390,94,371,-5,0
108,350218,229,390,94,371,-5,0
108,350235,224,390,94,371,-5,0
108,350252,219,390,94,371,-5,0
108,350269,214,390,94,371,-5,0
108,350286,209,390,94,371,-5,0
108,350303,204,390,94,371,-5,0
108,350320,199,390,94,371,-5,0
108,350337,194,390,94,371,-5,0
108,350354,189,390,94,371,-5,0
108,350370,184,390,94,371,-5,0
108,350387,179,390,94,371,-5,0
108,350403,174,390,94,371,-5,0
108,350420,169,390,94,371,-5,0
108,350437,164,390,94,371,-5,0
108,350454,159,390,94,371,-5,0
108,350471,154,390,94,371,-5,0
108,350488,149,390,94,371,-5,0
108,350505,144,390,94,371,-5,0
108,350522,139,390,94,371,-5,0
108,350538,134,390,94,371,-5,0
108,350554,129,390,94,371,-5,0
108,350571,124,390,94,371,-5,0
108,350588,119,390,94,371,-5,0
108,350605,114,390,94,371,-5,0
1,1189,245,458,149,110,0,-5
1,1206,245,453,149,110,0,-5
1,1223,245,448,149,110,0,-5
1,1240,245,443,149,110,0,-5
1,1257,245,438,149,110,0,-5
1,1274,245,433,149,110,0,-5
1,1291,245,428,149,110,0,-5
1,1308,245,423,149,110,0,-5
1,1325,245,418,149,110,0,-5
1,1343,245,413,149,110,0,-5
1,1360,245,408,149,110,0,-5
1,1377,245,403,149,110,0,-5
1,1394,245,398,149,110,0,-5
1,1411,245,393,149,110,0,-5
1,1428,245,388,149,110,0,-5
1,1445,245,383,149,110,0,-5
1,1462,245,378,149,110,0,-5
1,1479,240,373,149,110,-5,-5
1,1496,235,368,149,110,-5,-5
1,1513,230,363,149,110,-5,-5
1,1530,225,358,149,110,-5,-5
1,1547,220,353,149,110,-5,-5
1,1564,215,348,149,110,-5,-5
1,1582,210,343,149,110,-5,-5
1,1599,205,338,149,110,-5,-5
1,1616,200,333,149,110,-5,-5
1,1633,195,328,149,110,-5,-5
1,1649,190,323,149,110,-5,-5
1,1666,185,318,149,110,-5,-5
1,1683,180,313,149,110,-5,-5
1,1700,180,308,149,110,0,-5
1,1717,180,303,149,110,0,-5
1,1734,180,298,149,110,0,-5
1,1751,180,293,149,110,0,-5
1,1768,180,288,149,110,0,-5
1,1785,180,283,149,110,0,-5
1,1802,180,278,149,110,0,-5
1,1819,180,273,149,110,0,-5
1,1836,180,268,149,110,0,-5
1,1853,180,263,149,110,0,-5
1,1870,180,258,149,110,0,-5
1,1887,180,253,149,110,0,-5
1,1904,180,248,149,110,0,-5
1,1921,180,243,149,110,0,-5
1,1938,180,238,149,110,0,-5
1,1955,180,233,149,110,0,-5
1,1972,180,228,149,110,0,-5
1,1989,180,223,149,110,0,-5
1,2006,175,218,149,110,-5,-5
1,2023,170,213,149,110,-5,-5
1,2040,165,208,149,110,-5,-5
1,2056,160,203,149,110,-5,-5
1,2072,155,198,149,110,-5,-5
1,2088,150,193,149,110,-5,-5
1,2357,150,188,149,110,0,-5
1,2374,150,183,149,110,0,-5
1,2391,150,178,149,110,0,-5
1,2408,150,173,149,110,0,-5
1,2425,150,168,149,110,0,-5
1,2442,150,163,149,110,0,-5
1,2459,150,158,149,110,0,-5
1,2476,150,153,149,110,0,-5
1,2493,150,148,149,110,0,-5
1,2510,150,143,149,110,0,-5
1,2526,150,138,149,110,0,-5
1,2543,150,133,149,110,0,-5
2,4439,540,184,55,520,0,5
2,4456,540,189,55,520,0,5
2,4473,540,194,55,520,0,5
2,4490,540,199,55,520,0,5
2,4506,540,204,55,520,0,5
2,4523,540,209,55,520,0,5
2,4540,540,214,55,520,0,5
2,4558,540,219,55,520,0,5
2,4575,540,224,55,520,0,5
2,4592,540,229,55,520,0,5
2,4609,540,234,55,520,0,5
2,4626,540,239,55,520,0,5
2,4643,540,244,55,520,0,5
2,4659,540,249,55,520,0,5
2,4676,540,254,55,520,0,5
2,4693,540,259,55,520,0,5
2,4710,535,264,55,520,-5,5
2,4727,530,269,55,520,-5,5
2,4744,525,274,55,520,-5,5
2,4761,520,279,55,520,-5,5
2,4778,515,284,55,520,-5,5
2,4795,510,289,55,520,-5,5
2,4812,505,294,55,520,-5,5
2,4829,500,299,55,520,-5,5
2,4846,495,304,55,520,-5,5
2,4863,490,309,55,520,-5,5
2,4880,485,314,55,520,-5,5
2,4897,480,319,55,520,-5,5
2,4915,475,324,55,520,-5,5
2,4931,470,329,55,520,-5,5
2,4948,465,334,55,520,-5,5
2,4965,460,339,55,520,-5,5
2,4982,455,344,55,520,-5,5
2,4999,450,349,55,520,-5,5
2,5016,445,354,55,520,-5,5
2,5033,440,359,55,520,-5,5
2,5050,435,364,55,520,-5,5
2,5067,430,369,55,520,-5,5
2,5084,425,374,55,520,-5,5
2,5101,420,379,55,520,-5,5
2,5118,415,384,55,520,-5,5
2,5135,410,389,55,520,-5,5
2,5152,405,394,55,520,-5,5
2,5169,400,399,55,520,-5,5
2,5186,395,404,55,520,-5,5
2,5203,390,409,55,520,-5,5
2,5220,385,414,55,520,-5,5
2,5237,380,419,55,520,-5,5
2,5254,375,424,55,520,-5,5
2,5271,370,429,55,520,-5,5
2,5288,365,434,55,520,-5,5
2,5305,360,439,55,520,-5,5
2,5322,355,444,55,520,-5,5
2,5339,350,449,55,520,-5,5
2,5356,345,454,55,520,-5,5
2,5373,340,459,55,520,-5,5
2,5390,335,464,55,520,-5,5
2,5407,330,464,55,520,-5,0
2,5424,325,464,55,520,-5,0
2,5441,320,464,55,520,-5,0
2,5458,315,464,55,520,-5,0
2,5475,310,464,55,520,-5,0
2,5491,305,464,55,520,-5,0
2,5507,300,464,55,520,-5,0
2,5523,295,464,55,520,-5,0
2,5540,290,464,55,520,-5,0
2,5557,285,464,55,520,-5,0
2,5574,280,464,55,520,-5,0
2,5590,275,464,55,520,-5,0
2,5606,270,464,55,520,-5,0
2,5623,265,464,55,520,-5,0
2,5640,260,464,55,520,-5,0
2,5656,255,464,55,520,-5,0
2,5673,250,464,55,520,-5,0
2,5690,245,464,55,520,-5,0
2,5707,240,469,55,520,-5,5
2,5723,235,474,55,520,-5,5
2,5740,230,479,55,520,-5,5
2,5756,225,484,55,520,-5,5
2,5773,220,489,55,520,-5,5
2,5790,215,494,55,520,-5,5
2,5807,210,499,55,520,-5,5
2,5824,205,504,55,520,-5,5
2,5841,200,504,55,520,-5,0
2,5858,195,504,55,520,-5,0
2,5876,190,504,55,520,-5,0
2,5892,185,504,55,520,-5,0
2,5908,180,504,55,520,-5,0
2,5924,175,504,55,520,-5,0
2,6110,170,504,55,520,-5,0
2,6127,165,504,55,520,-5,0
2,6144,160,504,55,520,-5,0
2,6161,155,504,55,520,-5,0
2,6178,150,504,55,520,-5,0
2,6330,150,509,55,520,0,5
2,6347,150,514,55,520,0,5
2,6364,150,519,55,520,0,5
2,6381,150,524,55,520,0,5
2,6398,150,529,55,520,0,5
2,6415,150,534,55,520,0,5
2,6433,150,539,55,520,0,5
2,6619,145,539,55,520,-5,0
2,6636,140,539,55,520,-5,0
2,6653,135,539,55,520,-5,0
2,6670,130,539,55,520,-5,0
2,6687,125,539,55,520,-5,0
2,6704,120,539,55,520,-5,0
2,6720,115,539,55,520,-5,0
2,6737,110,539,55,520,-5,0
2,6754,105,539,55,520,-5,0
2,6940,100,539,55,520,-5,0
2,6957,95,539,55,520,-5,0
2,6974,90,539,55,520,-5,0
2,6991,85,539,55,520,-5,0
2,7008,80,539,55,520,-5,0
2,7025,75,539,55,520,-5,0
3,8781,54,295,637,272,5,0
3,8798,59,295,637,272,5,0
3,8816,64,295,637,272,5,0
3,8831,69,295,637,272,5,0
3,8848,74,295,637,272,5,0
3,8865,79,295,637,272,5,0
3,8882,84,295,637,272,5,0
3,8899,89,295,637,272,5,0
3,8915,94,295,637,272,5,0
3,8931,99,295,637,272,5,0
3,8948,104,295,637,272,5,0
3,8964,109,295,637,272,5,0
3,8980,114,295,637,272,5,0
3,8996,119,295,637,272,5,0
3,9013,124,295,637,272,5,0
3,9030,129,295,637,272,5,0
3,9048,134,295,637,272,5,0
3,9064,139,295,637,272,5,0
3,9081,144,295,637,272,5,0
3,9098,149,295,637,272,5,0
3,9115,154,295,637,272,5,0
3,9133,159,295,637,272,5,0
3,9149,164,290,637,272,5,-5
3,9165,169,285,637,272,5,-5
3,9182,174,280,637,272,5,-5
3,9198,179,275,637,272,5,-5
3,9215,184,270,637,272,5,-5
3,9232,189,270,637,272,5,0
3,9249,194,270,637,272,5,0
3,9265,199,270,637,272,5,0
3,9282,204,270,637,272,5,0
3,9299,209,270,637,272,5,0
3,9316,214,270,637,272,5,0
3,9332,219,270,637,272,5,0
3,9349,224,270,637,272,5,0
3,9366,229,270,637,272,5,0
3,9383,234,270,637,272,5,0
3,9400,239,270,637,272,5,0
3,9417,244,270,637,272,5,0
3,9434,249,270,637,272,5,0
3,9451,254,270,637,272,5,0
3,9468,259,270,637,272,5,0
3,9485,264,270,637,272,5,0
3,9502,269,270,637,272,5,0
3,9519,274,270,637,272,5,0
3,9536,279,270,637,272,5,0
3,9553,284,270,637,272,5,0
3,9570,289,270,637,272,5,0
3,9586,294,270,637,272,5,0
3,9603,299,270,637,272,5,0
3,9620,304,270,637,272,5,0
3,9637,309,270,637,272,5,0
3,9654,314,270,637,272,5,0
3,9671,319,270,637,272,5,0
3,9688,324,270,637,272,5,0
3,9705,329,270,637,272,5,0
3,9722,334,270,637,272,5,0
3,9739,339,270,637,272,5,0
3,9756,344,270,637,272,5,0
3,9772,349,270,637,272,5,0
3,9789,354,270,637,272,5,0
3,9805,359,270,637,272,5,0
3,9822,364,270,637,272,5,0
3,9839,369,270,637,272,5,0
3,9856,374,270,637,272,5,0
3,9873,379,270,637,272,5,0
3,9890,384,270,637,272,5,0
3,9907,389,270,637,272,5,0
3,9924,394,270,637,272,5,0
3,9941,399,270,637,272,5,0
3,9958,404,270,637,272,5,0
3,9975,409,270,637,272,5,0
3,9992,414,270,637,272,5,0
3,10009,419,270,637,272,5,0
3,10026,424,270,637,272,5,0
3,10043,429,270,637,272,5,0
3,10060,434,270,637,272,5,0
3,10077,439,270,637,272,5,0
3,10094,444,270,637,272,5,0
3,10111,449,270,637,272,5,0
3,10128,454,270,637,272,5,0
3,10145,459,270,637,272,5,0
3,10161,464,270,637,272,5,0
3,10178,469,270,637,272,5,0
3,10195,474,270,637,272,5,0
3,10212,479,270,637,272,5,0
3,10229,484,270,637,272,5,0
3,10246,489,270,637,272,5,0
3,10263,494,270,637,272,5,0
3,10280,499,270,637,272,5,0
3,10297,504,270,637,272,5,0
3,10314,509,270,637,272,5,0
3,10331,514,270,637,272,5,0
3,10348,519,270,637,272,5,0
3,10365,524,270,637,272,5,0
3,10382,529,270,637,272,5,0
3,10399,534,270,637,272,5,0
3,10416,539,270,637,272,5,0
3,10433,544,270,637,272,5,0
3,10450,549,270,637,272,5,0
3,10467,554,270,637,272,5,0
3,10485,559,270,637,272,5,0
3,10502,564,270,637,272,5,0
3,10519,569,270,637,272,5,0
3,10536,574,275,637,272,5,5
3,10553,579,280,637,272,5,5
3,10569,584,280,637,272,5,0
3,10586,589,280,637,272,5,0
3,10603,594,280,637,272,5,0
3,10620,599,280,637,272,5,0
3,10637,604,280,637,272,5,0
3,10654,609,280,637,272,5,0
3,10671,614,280,637,272,5,0
3,10688,619,280,637,272,5,0
3,10705,624,280,637,272,5,0
3,10722,629,280,637,272,5,0
3,10738,634,280,637,272,5,0
4,12455,311,297,266,209,-5,0
4,12472,306,297,266,209,-5,0
4,12489,301,297,266,209,-5,0
4,12506,296,297,266,209,-5,0
4,12523,291,297,266,209,-5,0
4,12540,286,297,266,209,-5,0
4,12557,281,297,266,209,-5,0
4,12709,281,292,266,209,0,-5
4,12726,281,287,266,209,0,-5
4,12743,281,282,266,209,0,-5
4,12760,281,277,266,209,0,-5
4,12777,281,272,266,209,0,-5
4,12794,281,267,266,209,0,-5
4,12811,281,262,266,209,0,-5
4,12827,281,257,266,209,0,-5
4,12844,281,252,266,209,0,-5
4,12861,281,247,266,209,0,-5
4,12878,281,242,266,209,0,-5
4,12895,281,237,266,209,0,-5
4,12912,281,232,266,209,0,-5
5,14715,538,129,357,235,0,5
5,14731,538,134,357,235,0,5
5,14748,538,139,357,235,0,5
5,14765,538,144,357,235,0,5
5,14781,538,149,357,235,0,5
5,14798,538,154,357,235,0,5
5,14815,538,159,357,235,0,5
5,14832,538,164,357,235,0,5
5,14849,538,169,357,235,0,5
5,14866,538,174,357,235,0,5
5,14883,538,179,357,235,0,5
5,14900,538,184,357,235,0,5
5,14916,538,189,357,235,0,5
5,14932,538,194,357,235,0,5
5,14948,538,199,357,235,0,5
5,14965,538,204,357,235,0,5
5,14982,538,209,357,235,0,5
5,14999,538,214,357,235,0,5
5,15016,538,219,357,235,0,5
5,15033,538,224,357,235,0,5
5,15050,538,229,357,235,0,5
5,15068,533,234,357,235,-5,5
5,15085,528,239,357,235,-5,5
5,15102,523,244,357,235,-5,5
5,15119,518,249,357,235,-5,5
5,15136,513,254,357,235,-5,5
5,15153,508,259,357,235,-5,5
5,15170,503,259,357,235,-5,0
5,15187,498,259,357,235,-5,0
5,15204,493,259,357,235,-5,0
5,15221,488,259,357,235,-5,0
5,15238,483,259,357,235,-5,0
5,15255,478,259,357,235,-5,0
5,15272,473,259,357,235,-5,0
5,15289,468,259,357,235,-5,0
5,15306,463,259,357,235,-5,0
5,15323,458,259,357,235,-5,0
5,15340,453,259,357,235,-5,0
5,15357,448,259,357,235,-5,0
5,15374,443,259,357,235,-5,0
5,15391,438,259,357,235,-5,0
5,15408,433,259,357,235,-5,0
5,15426,428,259,357,235,-5,0
5,15442,423,259,357,235,-5,0
5,15459,418,259,357,235,-5,0
5,15476,413,259,357,235,-5,0
5,15493,408,259,357,235,-5,0
5,15510,403,259,357,235,-5,0
5,15527,398,259,357,235,-5,0
5,15544,393,259,357,235,-5,0
5,15561,388,259,357,235,-5,0
5,15577,383,259,357,235,-5,0
5,15594,378,259,357,235,-5,0
5,15645,378,254,357,235,0,-5
5,15662,378,249,357,235,0,-5
5,15679,378,244,357,235,0,-5
5,15695,378,239,357,235,0,-5
5,15712,378,234,357,235,0,-5
5,15729,378,229,357,235,0,-5
5,15746,378,224,357,235,0,-5
5,16084,378,229,357,235,0,5
5,16101,378,234,357,235,0,5
5,16118,378,239,357,235,0,5
6,17953,553,265,140,161,-5,0
6,17970,548,265,140,161,-5,0
6,17987,543,265,140,161,-5,0
6,18004,538,265,140,161,-5,0
6,18021,533,265,140,161,-5,0
6,18037,528,265,140,161,-5,0
6,18054,523,265,140,161,-5,0
6,18071,518,265,140,161,-5,0
6,18088,513,265,140,161,-5,0
6,18105,508,265,140,161,-5,0
6,18122,503,265,140,161,-5,0
6,18138,498,265,140,161,-5,0
6,18155,493,265,140,161,-5,0
6,18171,488,265,140,161,-5,0
6,18188,483,265,140,161,-5,0
6,18205,478,265,140,161,-5,0
6,18221,473,265,140,161,-5,0
6,18237,468,265,140,161,-5,0
6,18253,463,265,140,161,-5,0
6,18270,458,265,140,161,-5,0
6,18286,453,265,140,161,-5,0
6,18303,448,265,140,161,-5,0
6,18320,443,265,140,161,-5,0
6,18337,438,265,140,161,-5,0
6,18354,433,265,140,161,-5,0
6,18371,428,265,140,161,-5,0
6,18389,423,265,140,161,-5,0
6,18405,418,265,140,161,-5,0
6,18421,413,265,140,161,-5,0
6,18437,408,265,140,161,-5,0
6,18454,403,265,140,161,-5,0
6,18471,398,265,140,161,-5,0
6,18488,393,265,140,161,-5,0
6,18504,388,265,140,161,-5,0
6,18520,383,265,140,161,-5,0
6,18536,378,265,140,161,-5,0
6,18553,373,265,140,161,-5,0
6,18570,368,265,140,161,-5,0
6,18587,363,265,140,161,-5,0
6,18604,358,260,140,161,-5,-5
6,18621,353,255,140,161,-5,-5
6,18638,348,250,140,161,-5,-5
6,18655,343,245,140,161,-5,-5
6,18672,338,240,140,161,-5,-5
6,18689,333,235,140,161,-5,-5
6,18706,328,230,140,161,-5,-5
6,18723,323,225,140,161,-5,-5
6,18740,318,220,140,161,-5,-5
6,18756,313,215,140,161,-5,-5
6,18773,308,210,140,161,-5,-5
6,18789,303,205,140,161,-5,-5
6,18805,298,200,140,161,-5,-5
6,18822,293,195,140,161,-5,-5
6,18839,288,190,140,161,-5,-5
6,18856,283,185,140,161,-5,-5
6,18873,278,180,140,161,-5,-5
6,18890,273,180,140,161,-5,0
6,18907,268,180,140,161,-5,0
6,18924,263,180,140,161,-5,0
6,18941,258,180,140,161,-5,0
6,18958,253,180,140,161,-5,0
6,18975,248,180,140,161,-5,0
6,18992,243,180,140,161,-5,0
6,19009,238,180,140,161,-5,0
6,19026,233,180,140,161,-5,0
6,19043,228,180,140,161,-5,0
6,19060,223,180,140,161,-5,0
6,19077,218,180,140,161,-5,0
6,19094,213,180,140,161,-5,0
6,19111,208,180,140,161,-5,0
6,19128,203,180,140,161,-5,0
6,19145,198,180,140,161,-5,0
6,19162,193,180,140,161,-5,0
6,19179,188,180,140,161,-5,0
6,19196,183,180,140,161,-5,0
6,19213,178,180,140,161,-5,0
6,19230,173,180,140,161,-5,0
6,19246,168,180,140,161,-5,0
6,19263,163,180,140,161,-5,0
7,20952,74,330,147,56,5,0
7,20968,79,330,147,56,5,0
7,20985,84,330,147,56,5,0
7,21002,89,330,147,56,5,0
7,21019,94,330,147,56,5,0
7,21036,99,330,147,56,5,0
7,21053,104,330,147,56,5,0
7,21069,109,330,147,56,5,0
7,21086,114,330,147,56,5,0
7,21103,119,330,147,56,5,0
7,21121,124,330,147,56,5,0
7,21137,129,330,147,56,5,0
7,21154,134,330,147,56,5,0
7,21170,139,330,147,56,5,0
7,21187,144,325,147,56,5,-5
7,21204,149,320,147,56,5,-5
7,21221,154,315,147,56,5,-5
7,21238,154,310,147,56,0,-5
7,21255,154,305,147,56,0,-5
7,21272,154,300,147,56,0,-5
7,21289,154,295,147,56,0,-5
7,21306,154,290,147,56,0,-5
7,21323,154,285,147,56,0,-5
7,21340,154,280,147,56,0,-5
7,21356,154,275,147,56,0,-5
7,21372,154,270,147,56,0,-5
7,21388,154,265,147,56,0,-5
7,21404,154,260,147,56,0,-5
7,21421,154,255,147,56,0,-5
7,21438,154,250,147,56,0,-5
7,21455,154,245,147,56,0,-5
7,21471,154,240,147,56,0,-5
7,21488,154,235,147,56,0,-5
7,21505,154,230,147,56,0,-5
7,21522,154,225,147,56,0,-5
7,21539,154,220,147,56,0,-5
7,21556,154,215,147,56,0,-5
7,21573,154,210,147,56,0,-5
7,21590,154,205,147,56,0,-5
7,21607,154,200,147,56,0,-5
7,21624,154,195,147,56,0,-5
7,21641,154,190,147,56,0,-5
7,21658,154,185,147,56,0,-5
7,21675,154,180,147,56,0,-5
7,21692,154,175,147,56,0,-5
7,21708,154,170,147,56,0,-5
7,21725,154,165,147,56,0,-5
7,21742,154,160,147,56,0,-5
7,21758,154,155,147,56,0,-5
7,21775,154,150,147,56,0,-5
7,21792,154,145,147,56,0,-5
7,21809,154,140,147,56,0,-5
7,21826,154,135,147,56,0,-5
7,21843,154,130,147,56,0,-5
7,21860,154,125,147,56,0,-5
7,21877,154,120,147,56,0,-5
7,21894,154,115,147,56,0,-5
7,21911,154,110,147,56,0,-5
7,21928,154,105,147,56,0,-5
7,21945,154,100,147,56,0,-5
7,21962,154,95,147,56,0,-5
7,22183,154,90,147,56,0,-5
7,22200,154,85,147,56,0,-5
7,22217,154,80,147,56,0,-5
8,24273,355,428,672,497,0,5
8,24290,355,433,672,497,0,5
8,24307,355,438,672,497,0,5
8,24323,355,443,672,497,0,5
8,24341,355,448,672,497,0,5
8,24357,355,453,672,497,0,5
8,24374,355,458,672,497,0,5
8,24391,355,463,672,497,0,5
8,24408,355,468,672,497,0,5
8,24425,355,473,672,497,0,5
8,24442,355,478,672,497,0,5
8,24459,355,483,672,497,0,5
8,24476,355,488,672,497,0,5
8,24560,360,488,672,497,5,0
8,24577,365,488,672,497,5,0
8,24594,370,488,672,497,5,0
8,24611,375,488,672,497,5,0
8,24628,380,488,672,497,5,0
8,24645,385,488,672,497,5,0
8,24662,390,488,672,497,5,0
8,24678,395,488,672,497,5,0
8,24695,400,488,672,497,5,0
8,24712,405,488,672,497,5,0
8,24729,410,488,672,497,5,0
8,24746,415,488,672,497,5,0
8,24763,420,488,672,497,5,0
8,24780,425,488,672,497,5,0
8,24797,430,488,672,497,5,0
8,24814,435,488,672,497,5,0
8,24831,440,488,672,497,5,0
8,24849,445,488,672,497,5,0
8,24866,450,488,672,497,5,0
8,24883,455,488,672,497,5,0
8,24900,460,493,672,497,5,5
8,24917,465,498,672,497,5,5
8,24934,470,503,672,497,5,5
8,24951,475,503,672,497,5,0
8,24968,480,503,672,497,5,0
8,24985,485,503,672,497,5,0
8,25002,490,503,672,497,5,0
8,25019,495,503,672,497,5,0
8,25036,500,503,672,497,5,0
8,25053,505,503,672,497,5,0
8,25070,510,503,672,497,5,0
8,25087,515,503,672,497,5,0
8,25104,520,503,672,497,5,0
8,25121,525,503,672,497,5,0
8,25138,530,503,672,497,5,0
8,25155,535,503,672,497,5,0
8,25172,540,503,672,497,5,0
8,25189,545,503,672,497,5,0
8,25206,550,503,672,497,5,0
8,25223,555,503,672,497,5,0
8,25240,560,503,672,497,5,0
8,25257,565,503,672,497,5,0
8,25274,570,503,672,497,5,0
8,25291,575,503,672,497,5,0
8,25307,580,503,672,497,5,0
8,25324,585,503,672,497,5,0
8,25341,590,503,672,497,5,0
8,25358,595,503,672,497,5,0
8,25375,600,503,672,497,5,0
8,25392,605,503,672,497,5,0
8,25409,610,503,672,497,5,0
8,25426,615,503,672,497,5,0
8,25442,620,503,672,497,5,0
8,25459,625,503,672,497,5,0
8,25476,630,503,672,497,5,0
8,25493,635,503,672,497,5,0
8,25510,640,503,672,497,5,0
8,25528,645,503,672,497,5,0
8,25545,650,503,672,497,5,0
8,25562,655,503,672,497,5,0
8,25579,660,503,672,497,5,0
8,25595,665,503,672,497,5,0
8,25612,670,503,672,497,5,0
9,27751,568,465,209,508,0,5
9,27768,568,470,209,508,0,5
9,27785,568,475,209,508,0,5
9,27802,568,480,209,508,0,5
9,27819,568,485,209,508,0,5
9,27837,568,490,209,508,0,5
9,27853,568,495,209,508,0,5
9,27870,568,500,209,508,0,5
9,27886,568,505,209,508,0,5
9,27903,568,510,209,508,0,5
9,27920,568,515,209,508,0,5
9,27937,568,520,209,508,0,5
9,27953,568,525,209,508,0,5
9,28037,563,525,209,508,-5,0
9,28054,558,525,209,508,-5,0
9,28071,553,525,209,508,-5,0
9,28087,548,525,209,508,-5,0
9,28103,543,525,209,508,-5,0
9,28119,538,525,209,508,-5,0
9,28136,533,525,209,508,-5,0
9,28153,528,525,209,508,-5,0
9,28171,523,525,209,508,-5,0
9,28187,518,525,209,508,-5,0
9,28204,513,525,209,508,-5,0
9,28220,508,525,209,508,-5,0
9,28237,503,525,209,508,-5,0
9,28254,498,525,209,508,-5,0
9,28271,493,525,209,508,-5,0
9,28288,488,525,209,508,-5,0
9,28305,483,525,209,508,-5,0
9,28323,478,525,209,508,-5,0
9,28342,473,525,209,508,-5,0
9,28359,468,525,209,508,-5,0
9,28376,463,525,209,508,-5,0
9,28392,458,525,209,508,-5,0
9,28409,453,525,209,508,-5,0
9,28426,448,525,209,508,-5,0
9,28443,443,525,209,508,-5,0
9,28459,438,525,209,508,-5,0
9,28476,433,525,209,508,-5,0
9,28493,428,525,209,508,-5,0
9,28510,423,525,209,508,-5,0
9,28527,418,525,209,508,-5,0
9,28544,413,525,209,508,-5,0
9,28561,408,525,209,508,-5,0
9,28578,403,525,209,508,-5,0
9,28594,398,525,209,508,-5,0
9,28611,393,525,209,508,-5,0
9,28627,388,525,209,508,-5,0
9,28643,383,525,209,508,-5,0
9,28660,378,525,209,508,-5,0
9,28677,373,525,209,508,-5,0
9,28693,368,525,209,508,-5,0
9,28709,363,525,209,508,-5,0
9,28726,358,525,209,508,-5,0
9,28743,353,525,209,508,-5,0
9,28760,348,525,209,508,-5,0
9,28776,343,525,209,508,-5,0
9,28793,338,525,209,508,-5,0
9,28810,333,525,209,508,-5,0
9,28828,328,525,209,508,-5,0
9,28844,323,525,209,508,-5,0
9,28861,318,525,209,508,-5,0
9,28877,313,525,209,508,-5,0
9,28894,308,525,209,508,-5,0
9,28911,303,525,209,508,-5,0
9,28928,298,525,209,508,-5,0
9,28945,293,525,209,508,-5,0
9,28962,288,525,209,508,-5,0
9,28979,283,525,209,508,-5,0
9,28995,278,525,209,508,-5,0
9,29012,273,525,209,508,-5,0
9,29029,268,525,209,508,-5,0
9,29046,263,525,209,508,-5,0
9,29063,258,525,209,508,-5,0
9,29080,253,525,209,508,-5,0
9,29097,248,525,209,508,-5,0
9,29114,243,525,209,508,-5,0
9,29131,238,525,209,508,-5,0
9,29148,233,525,209,508,-5,0
10,30663,498,372,140,196,-5,0
10,30679,493,372,140,196,-5,0
10,30695,488,372,140,196,-5,0
10,30711,483,372,140,196,-5,0
10,30727,478,372,140,196,-5,0
10,30743,473,372,140,196,-5,0
10,30760,468,372,140,196,-5,0
10,30777,463,372,140,196,-5,0
10,30794,458,372,140,196,-5,0
10,30811,453,372,140,196,-5,0
10,30828,448,372,140,196,-5,0
10,30845,443,372,140,196,-5,0
10,30861,438,372,140,196,-5,0
10,30878,433,372,140,196,-5,0
10,30895,428,372,140,196,-5,0
10,30912,423,372,140,196,-5,0
10,30929,418,372,140,196,-5,0
10,30946,413,372,140,196,-5,0
10,30963,408,372,140,196,-5,0
10,30980,403,372,140,196,-5,0
10,30997,398,372,140,196,-5,0
10,31014,393,372,140,196,-5,0
10,31031,388,372,140,196,-5,0
10,31048,383,372,140,196,-5,0
10,31065,378,367,140,196,-5,-5
10,31081,373,362,140,196,-5,-5
10,31098,368,357,140,196,-5,-5
10,31115,363,352,140,196,-5,-5
10,31132,358,347,140,196,-5,-5
10,31149,353,342,140,196,-5,-5
10,31166,348,337,140,196,-5,-5
10,31183,343,332,140,196,-5,-5
10,31199,338,327,140,196,-5,-5
10,31216,333,322,140,196,-5,-5
10,31233,328,317,140,196,-5,-5
10,31250,323,312,140,196,-5,-5
10,31266,318,307,140,196,-5,-5
10,31283,313,302,140,196,-5,-5
10,31300,308,297,140,196,-5,-5
10,31317,303,292,140,196,-5,-5
10,31334,298,287,140,196,-5,-5
10,31351,293,282,140,196,-5,-5
10,31368,288,277,140,196,-5,-5
10,31385,283,272,140,196,-5,-5
10,31401,278,267,140,196,-5,-5
10,31418,273,262,140,196,-5,-5
10,31434,268,257,140,196,-5,-5
10,31450,263,252,140,196,-5,-5
10,31467,258,247,140,196,-5,-5
10,31484,253,242,140,196,-5,-5
10,31501,248,237,140,196,-5,-5
10,31518,243,232,140,196,-5,-5
10,31534,238,232,140,196,-5,0
10,31551,233,232,140,196,-5,0
10,31568,228,232,140,196,-5,0
10,31585,223,232,140,196,-5,0
10,31602,218,232,140,196,-5,0
10,31618,213,232,140,196,-5,0
10,31634,208,232,140,196,-5,0
10,31651,203,232,140,196,-5,0
10,31668,198,232,140,196,-5,0
10,31684,193,232,140,196,-5,0
10,31700,188,232,140,196,-5,0
10,31717,183,232,140,196,-5,0
10,31734,178,232,140,196,-5,0
10,31751,173,232,140,196,-5,0
10,31768,168,232,140,196,-5,0
10,31785,163,232,140,196,-5,0
10,31802,158,232,140,196,-5,0
10,31819,153,232,140,196,-5,0
10,31835,148,232,140,196,-5,0
10,31852,143,227,140,196,-5,-5
10,31869,143,222,140,196,0,-5
10,31885,143,217,140,196,0,-5
11,33467,375,529,388,134,0,-5
11,33484,375,524,388,134,0,-5
11,33501,375,519,388,134,0,-5
11,33518,375,514,388,134,0,-5
11,33534,375,509,388,134,0,-5
11,33551,375,504,388,134,0,-5
11,33568,375,499,388,134,0,-5
11,33585,375,494,388,134,0,-5
11,33601,375,489,388,134,0,-5
11,33618,375,484,388,134,0,-5
11,33635,375,479,388,134,0,-5
11,33652,375,474,388,134,0,-5
11,33668,375,469,388,134,0,-5
11,33684,375,464,388,134,0,-5
11,33701,375,459,388,134,0,-5
11,33719,375,454,388,134,0,-5
11,33735,375,449,388,134,0,-5
11,33751,375,444,388,134,0,-5
11,33768,375,439,388,134,0,-5
11,33784,375,434,388,134,0,-5
11,33800,375,429,388,134,0,-5
11,33816,375,424,388,134,0,-5
11,33834,375,419,388,134,0,-5
11,33851,375,414,388,134,0,-5
11,33868,375,409,388,134,0,-5
11,33885,375,404,388,134,0,-5
11,33902,375,399,388,134,0,-5
11,33919,375,394,388,134,0,-5
11,33936,375,389,388,134,0,-5
11,33953,375,384,388,134,0,-5
11,33970,375,379,388,134,0,-5
11,33988,375,374,388,134,0,-5
11,34004,375,369,388,134,0,-5
11,34020,375,364,388,134,0,-5
11,34037,375,359,388,134,0,-5
11,34054,375,354,388,134,0,-5
11,34155,375,349,388,134,0,-5
11,34172,375,344,388,134,0,-5
11,34189,380,339,388,134,5,-5
11,34206,385,334,388,134,5,-5
11,34223,390,329,388,134,5,-5
11,34240,395,324,388,134,5,-5
11,34257,400,319,388,134,5,-5
11,34273,405,314,388,134,5,-5
11,34290,410,309,388,134,5,-5
11,34306,410,304,388,134,0,-5
11,34323,410,299,388,134,0,-5
11,34340,410,294,388,134,0,-5
11,34357,410,289,388,134,0,-5
11,34373,410,284,388,134,0,-5
11,34390,410,279,388,134,0,-5
11,34407,410,274,388,134,0,-5
11,34424,410,269,388,134,0,-5
11,34441,410,264,388,134,0,-5
11,34458,410,259,388,134,0,-5
11,34475,410,254,388,134,0,-5
11,34492,410,249,388,134,0,-5
11,34508,410,244,388,134,0,-5
11,34525,410,239,388,134,0,-5
11,34541,410,234,388,134,0,-5
11,34557,410,229,388,134,0,-5
11,34574,410,224,388,134,0,-5
11,34591,410,219,388,134,0,-5
11,34608,410,214,388,134,0,-5
11,34625,410,209,388,134,0,-5
11,34642,410,204,388,134,0,-5
11,34659,410,199,388,134,0,-5
11,34676,410,194,388,134,0,-5
11,34693,410,189,388,134,0,-5
11,34710,410,184,388,134,0,-5
11,34727,410,179,388,134,0,-5
11,34744,410,174,388,134,0,-5
11,34761,410,169,388,134,0,-5
11,34778,410,164,388,134,0,-5
11,34794,410,159,388,134,0,-5
11,34811,410,154,388,134,0,-5
11,34828,410,149,388,134,0,-5
12,36726,140,27,180,302,0,5
12,36743,140,32,180,302,0,5
12,36760,140,37,180,302,0,5
12,36777,140,42,180,302,0,5
12,36793,140,47,180,302,0,5
12,36810,140,52,180,302,0,5
12,36827,140,57,180,302,0,5
12,36844,140,62,180,302,0,5
12,36861,140,67,180,302,0,5
12,36878,140,72,180,302,0,5
12,36895,140,77,180,302,0,5
12,36912,140,82,180,302,0,5
12,36929,140,87,180,302,0,5
12,36946,140,92,180,302,0,5
12,36963,140,97,180,302,0,5
12,36980,140,102,180,302,0,5
12,36997,140,107,180,302,0,5
12,37015,140,112,180,302,0,5
12,37031,140,117,180,302,0,5
12,37048,140,122,180,302,0,5
12,37064,140,127,180,302,0,5
12,37081,140,132,180,302,0,5
12,37097,140,137,180,302,0,5
12,37114,140,142,180,302,0,5
12,37131,140,147,180,302,0,5
12,37148,140,152,180,302,0,5
12,37165,140,157,180,302,0,5
12,37182,140,162,180,302,0,5
12,37199,140,167,180,302,0,5
12,37216,140,172,180,302,0,5
12,37233,140,177,180,302,0,5
12,37250,140,182,180,302,0,5
12,37267,140,187,180,302,0,5
12,37284,145,192,180,302,5,5
12,37301,150,197,180,302,5,5
12,37318,155,202,180,302,5,5
12,37335,160,207,180,302,5,5
12,37351,165,212,180,302,5,5
12,37368,170,217,180,302,5,5
12,37385,175,222,180,302,5,5
12,37402,180,227,180,302,5,5
12,37419,185,232,180,302,5,5
12,37436,190,237,180,302,5,5
12,37452,195,242,180,302,5,5
12,37469,195,247,180,302,0,5
12,37486,195,252,180,302,0,5
12,37502,195,257,180,302,0,5
12,37518,195,262,180,302,0,5
12,37534,195,267,180,302,0,5
12,37551,195,272,180,302,0,5
12,37568,195,277,180,302,0,5
12,37585,195,282,180,302,0,5
12,37601,195,287,180,302,0,5
12,37618,195,292,180,302,0,5
12,37634,195,297,180,302,0,5
12,37651,195,302,180,302,0,5
13,39288,157,216,345,266,0,5
13,39305,157,221,345,266,0,5
13,39321,157,226,345,266,0,5
13,39338,157,231,345,266,0,5
13,39355,157,236,345,266,0,5
13,39372,157,241,345,266,0,5
13,39389,157,246,345,266,0,5
13,39406,157,251,345,266,0,5
13,39423,157,256,345,266,0,5
13,39440,157,261,345,266,0,5
13,39456,157,266,345,266,0,5
13,39473,157,271,345,266,0,5
13,39591,162,271,345,266,5,0
13,39608,167,271,345,266,5,0
13,39625,172,271,345,266,5,0
13,39642,177,271,345,266,5,0
13,39659,182,271,345,266,5,0
13,39676,187,271,345,266,5,0
13,39692,192,271,345,266,5,0
13,39709,197,271,345,266,5,0
13,39726,202,271,345,266,5,0
13,39742,207,271,345,266,5,0
13,39759,212,271,345,266,5,0
13,39776,217,271,345,266,5,0
13,39793,222,271,345,266,5,0
13,39810,227,271,345,266,5,0
13,39827,232,271,345,266,5,0
13,39845,237,271,345,266,5,0
13,39862,242,271,345,266,5,0
13,39879,247,271,345,266,5,0
13,39896,252,271,345,266,5,0
13,39913,257,271,345,266,5,0
13,39930,262,271,345,266,5,0
13,39946,267,271,345,266,5,0
13,39962,272,271,345,266,5,0
13,39979,277,271,345,266,5,0
13,39996,282,271,345,266,5,0
13,40013,287,271,345,266,5,0
13,40030,292,271,345,266,5,0
13,40047,297,271,345,266,5,0
13,40064,302,271,345,266,5,0
13,40080,307,271,345,266,5,0
13,40097,312,271,345,266,5,0
13,40114,317,271,345,266,5,0
13,40131,322,271,345,266,5,0
13,40148,327,271,345,266,5,0
13,40165,332,271,345,266,5,0
13,40182,337,271,345,266,5,0
13,40199,342,271,345,266,5,0
14,42070,532,150,276,514,0,5
14,42087,532,155,276,514,0,5
14,42103,532,160,276,514,0,5
14,42120,532,165,276,514,0,5
14,42137,532,170,276,514,0,5
14,42153,532,175,276,514,0,5
14,42170,532,180,276,514,0,5
14,42188,532,185,276,514,0,5
14,42205,532,190,276,514,0,5
14,42222,532,195,276,514,0,5
14,42239,532,200,276,514,0,5
14,42256,532,205,276,514,0,5
14,42274,532,210,276,514,0,5
14,42291,532,215,276,514,0,5
14,42308,532,220,276,514,0,5
14,42325,532,225,276,514,0,5
14,42343,532,230,276,514,0,5
14,42360,532,235,276,514,0,5
14,42377,532,240,276,514,0,5
14,42394,532,245,276,514,0,5
14,42411,532,250,276,514,0,5
14,42428,532,255,276,514,0,5
14,42445,532,260,276,514,0,5
14,42461,532,265,276,514,0,5
14,42477,532,270,276,514,0,5
14,42493,532,275,276,514,0,5
14,42511,532,280,276,514,0,5
14,42527,532,285,276,514,0,5
14,42544,532,290,276,514,0,5
14,42561,532,295,276,514,0,5
14,42578,532,300,276,514,0,5
14,42595,532,305,276,514,0,5
14,42612,532,310,276,514,0,5
14,42629,532,315,276,514,0,5
14,42645,532,320,276,514,0,5
14,42662,532,325,276,514,0,5
14,42678,532,330,276,514,0,5
14,42695,532,335,276,514,0,5
14,42712,532,340,276,514,0,5
14,42729,532,345,276,514,0,5
14,42746,532,350,276,514,0,5
14,42763,532,355,276,514,0,5
14,42779,532,360,276,514,0,5
14,42796,532,365,276,514,0,5
14,42813,532,370,276,514,0,5
14,42830,532,375,276,514,0,5
14,42847,532,380,276,514,0,5
14,42864,532,385,276,514,0,5
14,42881,532,390,276,514,0,5
14,42898,532,395,276,514,0,5
14,42915,532,400,276,514,0,5
14,42931,532,405,276,514,0,5
14,42948,532,410,276,514,0,5
14,42964,532,415,276,514,0,5
14,42981,532,420,276,514,0,5
14,42998,532,425,276,514,0,5
14,43015,532,430,276,514,0,5
14,43031,532,435,276,514,0,5
14,43048,532,440,276,514,0,5
14,43065,532,445,276,514,0,5
14,43082,532,450,276,514,0,5
14,43099,532,455,276,514,0,5
14,43117,532,460,276,514,0,5
14,43134,532,465,276,514,0,5
14,43151,532,470,276,514,0,5
14,43167,532,475,276,514,0,5
14,43184,532,480,276,514,0,5
14,43201,532,485,276,514,0,5
14,43218,532,490,276,514,0,5
14,43235,532,495,276,514,0,5
14,43252,532,500,276,514,0,5
14,43269,532,505,276,514,0,5
14,43286,532,510,276,514,0,5
14,43302,532,515,276,514,0,5
14,43319,532,520,276,514,0,5
14,43336,532,525,276,514,0,5
14,43354,527,530,276,514,-5,5
14,43371,522,535,276,514,-5,5
14,43388,517,535,276,514,-5,0
14,43405,512,535,276,514,-5,0
14,43421,507,535,276,514,-5,0
14,43438,502,535,276,514,-5,0
14,43455,497,535,276,514,-5,0
14,43472,492,535,276,514,-5,0
14,43488,487,535,276,514,-5,0
14,43505,482,535,276,514,-5,0
14,43522,477,535,276,514,-5,0
14,43539,472,535,276,514,-5,0
14,43556,467,535,276,514,-5,0
14,43573,462,535,276,514,-5,0
14,43589,457,535,276,514,-5,0
14,43606,452,535,276,514,-5,0
14,43623,447,535,276,514,-5,0
14,43640,442,535,276,514,-5,0
14,43657,437,535,276,514,-5,0
14,43674,432,535,276,514,-5,0
14,43691,427,535,276,514,-5,0
14,43708,422,535,276,514,-5,0
14,43725,417,535,276,514,-5,0
14,43742,412,535,276,514,-5,0
14,43759,407,535,276,514,-5,0
14,43776,402,535,276,514,-5,0
14,43793,397,535,276,514,-5,0
14,43810,392,535,276,514,-5,0
14,43827,387,535,276,514,-5,0
14,43843,382,535,276,514,-5,0
14,43860,377,535,276,514,-5,0
14,43877,372,535,276,514,-5,0
14,43894,367,535,276,514,-5,0
14,43911,362,535,276,514,-5,0
14,43928,357,535,276,514,-5,0
14,43944,352,535,276,514,-5,0
14,43961,347,535,276,514,-5,0
14,43978,342,535,276,514,-5,0
14,43995,337,535,276,514,-5,0
14,44012,332,535,276,514,-5,0
14,44029,327,535,276,514,-5,0
14,44046,322,535,276,514,-5,0
14,44063,317,535,276,514,-5,0
14,44080,312,535,276,514,-5,0
14,44098,307,535,276,514,-5,0
14,44115,302,535,276,514,-5,0
14,44132,297,535,276,514,-5,0
14,44149,292,535,276,514,-5,0
14,44165,287,535,276,514,-5,0
14,44181,282,535,276,514,-5,0
15,45809,527,135,245,173,0,5
15,45826,527,140,245,173,0,5
15,45843,527,145,245,173,0,5
15,45859,527,150,245,173,0,5
15,45876,527,155,245,173,0,5
15,45893,527,160,245,173,0,5
15,45909,527,165,245,173,0,5
15,45926,527,170,245,173,0,5
15,45943,527,175,245,173,0,5
15,45960,527,180,245,173,0,5
15,45976,527,185,245,173,0,5
15,45993,527,190,245,173,0,5
15,46010,527,195,245,173,0,5
15,46027,527,200,245,173,0,5
15,46061,522,200,245,173,-5,0
15,46077,517,200,245,173,-5,0
15,46094,512,200,245,173,-5,0
15,46111,507,200,245,173,-5,0
15,46128,502,200,245,173,-5,0
15,46145,497,200,245,173,-5,0
15,46162,492,200,245,173,-5,0
15,46178,487,200,245,173,-5,0
15,46195,482,200,245,173,-5,0
15,46212,477,200,245,173,-5,0
15,46229,472,200,245,173,-5,0
15,46246,467,200,245,173,-5,0
15,46263,462,200,245,173,-5,0
15,46280,457,200,245,173,-5,0
15,46297,452,200,245,173,-5,0
15,46312,447,200,245,173,-5,0
15,46328,442,200,245,173,-5,0
15,46345,437,200,245,173,-5,0
15,46362,432,200,245,173,-5,0
15,46384,427,200,245,173,-5,0
15,46401,422,200,245,173,-5,0
15,46418,417,200,245,173,-5,0
15,46435,412,200,245,173,-5,0
15,46452,407,200,245,173,-5,0
15,46469,402,200,245,173,-5,0
15,46486,397,200,245,173,-5,0
15,46503,392,200,245,173,-5,0
15,46519,387,200,245,173,-5,0
15,46536,382,200,245,173,-5,0
15,46553,377,195,245,173,-5,-5
15,46570,372,190,245,173,-5,-5
15,46587,367,190,245,173,-5,0
15,46604,362,190,245,173,-5,0
15,46621,357,190,245,173,-5,0
15,46638,352,190,245,173,-5,0
15,46655,347,190,245,173,-5,0
15,46672,342,190,245,173,-5,0
15,46689,337,190,245,173,-5,0
15,46706,332,190,245,173,-5,0
15,46723,327,190,245,173,-5,0
15,46740,322,190,245,173,-5,0
15,46757,317,190,245,173,-5,0
15,46775,312,190,245,173,-5,0
15,46792,307,190,245,173,-5,0
15,46809,302,190,245,173,-5,0
15,46826,297,190,245,173,-5,0
15,46843,292,190,245,173,-5,0
15,46860,287,190,245,173,-5,0
15,46877,282,190,245,173,-5,0
15,46894,277,190,245,173,-5,0
15,46911,272,190,245,173,-5,0
15,46928,267,190,245,173,-5,0
16,48532,699,389,649,228,-5,0
16,48549,694,389,649,228,-5,0
16,48566,689,389,649,228,-5,0
16,48583,684,389,649,228,-5,0
16,48600,679,389,649,228,-5,0
16,48616,674,389,649,228,-5,0
16,48633,669,389,649,228,-5,0
16,48717,669,384,649,228,0,-5
16,48734,669,379,649,228,0,-5
16,48751,669,374,649,228,0,-5
16,48769,669,369,649,228,0,-5
16,48785,669,364,649,228,0,-5
16,48802,669,359,649,228,0,-5
16,48819,669,354,649,228,0,-5
16,48836,669,349,649,228,0,-5
16,48852,669,344,649,228,0,-5
16,48868,669,339,649,228,0,-5
16,48884,669,334,649,228,0,-5
16,48901,669,329,649,228,0,-5
16,48918,669,324,649,228,0,-5
16,48935,669,319,649,228,0,-5
16,48952,669,314,649,228,0,-5
16,48969,669,309,649,228,0,-5
16,48986,669,304,649,228,0,-5
16,49002,669,299,649,228,0,-5
16,49019,664,294,649,228,-5,-5
16,49036,659,294,649,228,-5,0
16,49052,654,294,649,228,-5,0
16,49069,649,294,649,228,-5,0
16,49086,644,294,649,228,-5,0
16,49103,639,294,649,228,-5,0
16,49120,634,294,649,228,-5,0
16,49424,639,294,649,228,5,0
16,49441,644,294,649,228,5,0
16,49458,649,294,649,228,5,0
16,49475,654,294,649,228,5,0
16,49492,659,294,649,228,5,0
16,49628,659,289,649,228,0,-5
16,49644,659,284,649,228,0,-5
16,49661,659,279,649,228,0,-5
16,49678,659,274,649,228,0,-5
16,49695,659,269,649,228,0,-5
16,49712,659,264,649,228,0,-5
16,49729,659,259,649,228,0,-5
16,49746,659,254,649,228,0,-5
16,49763,659,249,649,228,0,-5
17,51342,101,156,289,133,5,0
17,51359,106,156,289,133,5,0
17,51376,111,156,289,133,5,0
17,51393,116,156,289,133,5,0
17,51410,121,156,289,133,5,0
17,51427,126,156,289,133,5,0
17,51444,131,156,289,133,5,0
17,51461,136,156,289,133,5,0
17,51477,141,156,289,133,5,0
17,51494,146,156,289,133,5,0
17,51511,151,156,289,133,5,0
17,51528,156,156,289,133,5,0
17,51545,161,156,289,133,5,0
17,51561,166,156,289,133,5,0
17,51577,171,156,289,133,5,0
17,51593,176,156,289,133,5,0
17,51610,181,156,289,133,5,0
17,51627,186,156,289,133,5,0
17,51644,191,156,289,133,5,0
17,51661,196,156,289,133,5,0
17,51678,201,156,289,133,5,0
17,51695,206,156,289,133,5,0
17,51712,211,156,289,133,5,0
17,51729,216,156,289,133,5,0
17,51746,221,156,289,133,5,0
17,51763,226,156,289,133,5,0
17,51780,231,156,289,133,5,0
17,51797,236,156,289,133,5,0
17,51814,241,156,289,133,5,0
17,51831,246,156,289,133,5,0
17,51847,251,156,289,133,5,0
17,51864,256,156,289,133,5,0
17,51880,261,156,289,133,5,0
17,51896,266,156,289,133,5,0
17,51913,271,156,289,133,5,0
17,51930,276,156,289,133,5,0
17,51947,281,156,289,133,5,0
17,51964,286,156,289,133,5,0
17,51981,291,156,289,133,5,0
17,51998,296,156,289,133,5,0
17,52015,301,156,289,133,5,0
18,53551,659,61,275,154,0,5
18,53568,659,66,275,154,0,5
18,53585,659,71,275,154,0,5
18,53601,659,76,275,154,0,5
18,53617,659,81,275,154,0,5
18,53634,659,86,275,154,0,5
18,53652,659,91,275,154,0,5
18,53669,659,96,275,154,0,5
18,53686,659,101,275,154,0,5
18,53702,659,106,275,154,0,5
18,53718,659,111,275,154,0,5
18,53735,659,116,275,154,0,5
18,53752,659,121,275,154,0,5
18,53770,659,126,275,154,0,5
18,53787,659,131,275,154,0,5
18,53804,659,136,275,154,0,5
18,53821,659,141,275,154,0,5
18,53839,659,146,275,154,0,5
18,53855,659,151,275,154,0,5
18,53871,659,156,275,154,0,5
18,53888,654,161,275,154,-5,5
18,53904,649,166,275,154,-5,5
18,53921,644,171,275,154,-5,5
18,53938,639,176,275,154,-5,5
18,53954,634,181,275,154,-5,5
18,53971,629,186,275,154,-5,5
18,53988,624,186,275,154,-5,0
18,54005,619,186,275,154,-5,0
18,54022,614,186,275,154,-5,0
18,54038,609,186,275,154,-5,0
18,54054,604,186,275,154,-5,0
18,54071,599,186,275,154,-5,0
18,54087,594,186,275,154,-5,0
18,54104,589,186,275,154,-5,0
18,54121,584,186,275,154,-5,0
18,54138,579,186,275,154,-5,0
18,54154,574,186,275,154,-5,0
18,54171,569,186,275,154,-5,0
18,54187,564,186,275,154,-5,0
18,54204,559,186,275,154,-5,0
18,54221,554,186,275,154,-5,0
18,54237,549,186,275,154,-5,0
18,54254,544,186,275,154,-5,0
18,54271,539,186,275,154,-5,0
18,54288,534,186,275,154,-5,0
18,54305,529,186,275,154,-5,0
18,54322,524,186,275,154,-5,0
18,54339,519,186,275,154,-5,0
18,54355,514,186,275,154,-5,0
18,54372,509,186,275,154,-5,0
18,54389,504,186,275,154,-5,0
18,54406,499,181,275,154,-5,-5
18,54422,494,176,275,154,-5,-5
18,54439,489,171,275,154,-5,-5
18,54456,484,166,275,154,-5,-5
18,54473,479,161,275,154,-5,-5
18,54490,474,161,275,154,-5,0
18,54507,469,161,275,154,-5,0
18,54524,464,161,275,154,-5,0
18,54541,459,161,275,154,-5,0
18,54557,454,161,275,154,-5,0
18,54574,449,161,275,154,-5,0
18,54590,444,161,275,154,-5,0
18,54607,439,161,275,154,-5,0
18,54624,434,161,275,154,-5,0
18,54641,429,161,275,154,-5,0
18,54658,424,161,275,154,-5,0
18,54675,419,161,275,154,-5,0
18,54691,414,161,275,154,-5,0
18,54708,409,161,275,154,-5,0
18,54725,404,161,275,154,-5,0
18,54742,399,161,275,154,-5,0
18,54759,394,161,275,154,-5,0
18,54776,389,161,275,154,-5,0
18,54793,384,161,275,154,-5,0
18,54810,379,161,275,154,-5,0
18,54827,374,161,275,154,-5,0
18,54844,369,161,275,154,-5,0
18,54861,364,161,275,154,-5,0
18,54878,359,161,275,154,-5,0
18,54895,354,161,275,154,-5,0
18,54912,349,161,275,154,-5,0
18,54929,344,161,275,154,-5,0
18,54946,339,161,275,154,-5,0
18,54962,334,161,275,154,-5,0
18,54979,329,161,275,154,-5,0
18,54996,324,161,275,154,-5,0
18,55013,319,161,275,154,-5,0
18,55030,314,161,275,154,-5,0
18,55047,309,161,275,154,-5,0
18,55064,304,161,275,154,-5,0
18,55081,299,161,275,154,-5,0
19,56936,410,327,15,349,0,5
19,56953,410,332,15,349,0,5
19,56969,410,337,15,349,0,5
19,56986,410,342,15,349,0,5
19,57001,410,347,15,349,0,5
19,57018,410,352,15,349,0,5
19,57034,410,357,15,349,0,5
19,57051,410,362,15,349,0,5
19,57068,410,367,15,349,0,5
19,57119,405,367,15,349,-5,0
19,57135,400,367,15,349,-5,0
19,57152,395,367,15,349,-5,0
19,57169,390,367,15,349,-5,0
19,57186,385,367,15,349,-5,0
19,57203,380,367,15,349,-5,0
19,57220,375,367,15,349,-5,0
19,57237,370,367,15,349,-5,0
19,57254,365,367,15,349,-5,0
19,57272,360,367,15,349,-5,0
19,57288,355,367,15,349,-5,0
19,57305,350,367,15,349,-5,0
19,57322,345,367,15,349,-5,0
19,57339,340,367,15,349,-5,0
19,57357,335,367,15,349,-5,0
19,57374,330,367,15,349,-5,0
19,57391,325,367,15,349,-5,0
19,57409,320,367,15,349,-5,0
19,57426,315,367,15,349,-5,0
19,57443,310,367,15,349,-5,0
19,57460,305,367,15,349,-5,0
19,57477,300,367,15,349,-5,0
19,57494,295,367,15,349,-5,0
19,57511,290,367,15,349,-5,0
19,57527,285,367,15,349,-5,0
19,57544,280,367,15,349,-5,0
19,57561,275,367,15,349,-5,0
19,57577,270,367,15,349,-5,0
19,57594,265,367,15,349,-5,0
19,57611,260,367,15,349,-5,0
19,57628,255,367,15,349,-5,0
19,57645,250,367,15,349,-5,0
19,57662,245,367,15,349,-5,0
19,57679,240,367,15,349,-5,0
19,57696,235,367,15,349,-5,0
19,57712,230,367,15,349,-5,0
19,57729,225,367,15,349,-5,0
19,57746,220,367,15,349,-5,0
19,57763,215,367,15,349,-5,0
19,57780,210,367,15,349,-5,0
19,57796,205,367,15,349,-5,0
19,57813,200,367,15,349,-5,0
19,57830,195,367,15,349,-5,0
19,57847,190,367,15,349,-5,0
19,57863,185,367,15,349,-5,0
19,57880,180,367,15,349,-5,0
19,57897,175,367,15,349,-5,0
19,57914,170,367,15,349,-5,0
19,57931,165,367,15,349,-5,0
19,57948,160,367,15,349,-5,0
19,57965,155,367,15,349,-5,0
19,57983,150,367,15,349,-5,0
19,58001,145,367,15,349,-5,0
19,58018,140,367,15,349,-5,0
19,58035,135,367,15,349,-5,0
19,58052,130,367,15,349,-5,0
19,58069,125,367,15,349,-5,0
19,58087,120,367,15,349,-5,0
19,58103,115,367,15,349,-5,0
19,58120,110,367,15,349,-5,0
19,58137,105,367,15,349,-5,0
19,58154,100,367,15,349,-5,0
19,58171,95,367,15,349,-5,0
19,58188,90,367,15,349,-5,0
19,58205,85,367,15,349,-5,0
19,58222,80,367,15,349,-5,0
19,58239,75,367,15,349,-5,0
19,58255,70,367,15,349,-5,0
19,58272,65,367,15,349,-5,0
19,58288,60,367,15,349,-5,0
19,58305,55,367,15,349,-5,0
19,58322,50,367,15,349,-5,0
19,58339,45,367,15,349,-5,0
19,58356,40,367,15,349,-5,0
19,58373,35,367,15,349,-5,0
20,59990,256,341,538,366,0,5
20,60007,256,346,538,366,0,5
20,60024,256,351,538,366,0,5
20,60041,256,356,538,366,0,5
20,60058,256,361,538,366,0,5
20,60075,256,366,538,366,0,5
20,60092,256,371,538,366,0,5
20,60109,256,376,538,366,0,5
20,60126,256,381,538,366,0,5
20,60228,261,381,538,366,5,0
20,60245,266,381,538,366,5,0
20,60262,271,381,538,366,5,0
20,60279,276,381,538,366,5,0
20,60296,281,381,538,366,5,0
20,60313,286,381,538,366,5,0
20,60330,291,381,538,366,5,0
20,60347,296,381,538,366,5,0
20,60364,301,381,538,366,5,0
20,60381,306,381,538,366,5,0
20,60398,311,381,538,366,5,0
20,60415,316,381,538,366,5,0
20,60432,321,381,538,366,5,0
20,60449,326,381,538,366,5,0
20,60466,331,381,538,366,5,0
20,60483,336,381,538,366,5,0
20,60500,341,381,538,366,5,0
20,60517,346,381,538,366,5,0
20,60534,351,381,538,366,5,0
20,60551,356,381,538,366,5,0
20,60568,361,381,538,366,5,0
20,60585,366,381,538,366,5,0
20,60602,371,381,538,366,5,0
20,60619,376,381,538,366,5,0
20,60636,381,381,538,366,5,0
20,60653,386,381,538,366,5,0
20,60670,391,381,538,366,5,0
20,60687,396,381,538,366,5,0
20,60704,401,381,538,366,5,0
20,60721,406,381,538,366,5,0
20,60738,411,381,538,366,5,0
20,60755,416,381,538,366,5,0
20,60772,421,381,538,366,5,0
20,60789,426,381,538,366,5,0
20,60806,431,381,538,366,5,0
20,60823,436,381,538,366,5,0
20,60840,441,381,538,366,5,0
20,60857,446,381,538,366,5,0
20,60874,451,381,538,366,5,0
20,60891,456,381,538,366,5,0
20,60908,461,381,538,366,5,0
20,60925,466,381,538,366,5,0
20,60942,471,381,538,366,5,0
20,60959,476,381,538,366,5,0
20,60976,481,381,538,366,5,0
20,60993,486,381,538,366,5,0
20,61009,491,381,538,366,5,0
20,61025,496,381,538,366,5,0
20,61042,501,381,538,366,5,0
20,61059,506,381,538,366,5,0
20,61076,511,381,538,366,5,0
20,61093,516,381,538,366,5,0
20,61110,521,381,538,366,5,0
20,61126,526,381,538,366,5,0
20,61143,531,381,538,366,5,0
20,61159,536,381,538,366,5,0
21,62976,430,504,728,352,0,-5
21,62993,430,499,728,352,0,-5
21,63010,430,494,728,352,0,-5
21,63027,430,489,728,352,0,-5
21,63044,430,484,728,352,0,-5
21,63061,430,479,728,352,0,-5
21,63077,430,474,728,352,0,-5
21,63094,430,469,728,352,0,-5
21,63111,430,464,728,352,0,-5
21,63128,430,459,728,352,0,-5
21,63144,430,454,728,352,0,-5
21,63161,430,449,728,352,0,-5
21,63178,430,444,728,352,0,-5
21,63195,430,439,728,352,0,-5
21,63212,430,434,728,352,0,-5
21,63229,430,429,728,352,0,-5
21,63245,430,424,728,352,0,-5
21,63261,430,419,728,352,0,-5
21,63278,430,414,728,352,0,-5
21,63294,430,409,728,352,0,-5
21,63311,430,404,728,352,0,-5
21,63328,430,399,728,352,0,-5
21,63344,430,394,728,352,0,-5
21,63361,430,389,728,352,0,-5
21,63378,430,384,728,352,0,-5
21,63395,435,384,728,352,5,0
21,63412,440,384,728,352,5,0
21,63429,445,384,728,352,5,0
21,63446,450,384,728,352,5,0
21,63462,455,384,728,352,5,0
21,63479,460,384,728,352,5,0
21,63496,465,384,728,352,5,0
21,63513,470,384,728,352,5,0
21,63529,475,384,728,352,5,0
21,63546,480,384,728,352,5,0
21,63563,485,384,728,352,5,0
21,63580,490,384,728,352,5,0
21,63597,495,384,728,352,5,0
21,63614,500,384,728,352,5,0
21,63631,505,384,728,352,5,0
21,63648,510,384,728,352,5,0
21,63665,515,384,728,352,5,0
21,63681,520,384,728,352,5,0
21,63697,525,384,728,352,5,0
21,63713,530,384,728,352,5,0
21,63729,535,384,728,352,5,0
21,63746,540,384,728,352,5,0
21,63763,545,384,728,352,5,0
21,63780,550,384,728,352,5,0
21,63797,555,384,728,352,5,0
21,63814,560,384,728,352,5,0
21,63831,565,384,728,352,5,0
21,63848,570,384,728,352,5,0
21,63865,575,379,728,352,5,-5
21,63882,580,374,728,352,5,-5
21,63898,585,369,728,352,5,-5
21,63914,590,364,728,352,5,-5
21,63931,595,364,728,352,5,0
21,63947,600,364,728,352,5,0
21,63964,605,364,728,352,5,0
21,63981,610,364,728,352,5,0
21,63998,615,364,728,352,5,0
21,64015,620,364,728,352,5,0
21,64031,625,364,728,352,5,0
21,64048,630,364,728,352,5,0
21,64065,635,364,728,352,5,0
21,64082,640,364,728,352,5,0
21,64099,645,364,728,352,5,0
21,64115,650,364,728,352,5,0
21,64132,655,364,728,352,5,0
21,64149,660,364,728,352,5,0
21,64166,665,364,728,352,5,0
21,64183,670,364,728,352,5,0
21,64200,675,364,728,352,5,0
21,64217,680,364,728,352,5,0
21,64234,685,364,728,352,5,0
21,64251,690,364,728,352,5,0
21,64268,695,364,728,352,5,0
21,64286,700,364,728,352,5,0
21,64303,705,364,728,352,5,0
21,64320,710,364,728,352,5,0
21,64337,715,364,728,352,5,0
21,64354,720,364,728,352,5,0
21,64369,725,364,728,352,5,0
22,65936,306,149,478,366,0,5
22,65954,306,154,478,366,0,5
22,65971,306,159,478,366,0,5
22,65987,306,164,478,366,0,5
22,66004,306,169,478,366,0,5
22,66021,306,174,478,366,0,5
22,66038,306,179,478,366,0,5
22,66055,306,184,478,366,0,5
22,66072,306,189,478,366,0,5
22,66089,306,194,478,366,0,5
22,66106,306,199,478,366,0,5
22,66123,306,204,478,366,0,5
22,66140,306,209,478,366,0,5
22,66157,306,214,478,366,0,5
22,66173,306,219,478,366,0,5
22,66190,306,224,478,366,0,5
22,66207,306,229,478,366,0,5
22,66224,306,234,478,366,0,5
22,66241,306,239,478,366,0,5
22,66258,306,244,478,366,0,5
22,66274,306,249,478,366,0,5
22,66291,306,254,478,366,0,5
22,66308,306,259,478,366,0,5
22,66325,306,264,478,366,0,5
22,66342,306,269,478,366,0,5
22,66359,306,274,478,366,0,5
22,66376,306,279,478,366,0,5
22,66393,306,284,478,366,0,5
22,66410,306,289,478,366,0,5
22,66427,306,294,478,366,0,5
22,66444,306,299,478,366,0,5
22,66460,306,304,478,366,0,5
22,66477,306,309,478,366,0,5
22,66494,306,314,478,366,0,5
22,66511,306,319,478,366,0,5
22,66528,306,324,478,366,0,5
22,66545,306,329,478,366,0,5
22,66562,306,334,478,366,0,5
22,66579,306,339,478,366,0,5
22,66597,306,344,478,366,0,5
22,66614,306,349,478,366,0,5
22,66631,306,354,478,366,0,5
22,66648,306,359,478,366,0,5
22,66665,306,364,478,366,0,5
22,66682,311,369,478,366,5,5
22,66699,316,369,478,366,5,0
22,66716,321,369,478,366,5,0
22,66733,326,369,478,366,5,0
22,66750,331,369,478,366,5,0
22,66767,336,369,478,366,5,0
22,66785,341,369,478,366,5,0
22,66802,346,369,478,366,5,0
22,66819,351,369,478,366,5,0
22,66836,356,369,478,366,5,0
22,66852,361,369,478,366,5,0
22,66869,366,369,478,366,5,0
22,66887,371,369,478,366,5,0
22,66904,376,369,478,366,5,0
22,66921,381,369,478,366,5,0
22,66938,386,369,478,366,5,0
22,66955,391,369,478,366,5,0
22,66972,396,369,478,366,5,0
22,66989,401,369,478,366,5,0
22,67005,406,369,478,366,5,0
22,67022,411,369,478,366,5,0
22,67039,416,369,478,366,5,0
22,67056,421,369,478,366,5,0
22,67073,426,374,478,366,5,5
22,67090,431,379,478,366,5,5
22,67107,436,384,478,366,5,5
22,67124,441,384,478,366,5,0
22,67141,446,384,478,366,5,0
22,67157,451,384,478,366,5,0
22,67174,456,384,478,366,5,0
22,67191,461,384,478,366,5,0
22,67208,466,384,478,366,5,0
22,67225,471,384,478,366,5,0
22,67242,476,384,478,366,5,0
23,68861,222,175,339,52,0,-5
23,68877,222,170,339,52,0,-5
23,68893,222,165,339,52,0,-5
23,68911,222,160,339,52,0,-5
23,68928,222,155,339,52,0,-5
23,68945,222,150,339,52,0,-5
23,68963,222,145,339,52,0,-5
23,68978,222,140,339,52,0,-5
23,68995,222,135,339,52,0,-5
23,69012,222,130,339,52,0,-5
23,69028,222,125,339,52,0,-5
23,69044,222,120,339,52,0,-5
23,69061,222,115,339,52,0,-5
23,69077,222,110,339,52,0,-5
23,69093,222,105,339,52,0,-5
23,69110,222,100,339,52,0,-5
23,69127,227,95,339,52,5,-5
23,69144,232,90,339,52,5,-5
23,69162,237,85,339,52,5,-5
23,69179,242,80,339,52,5,-5
23,69196,247,75,339,52,5,-5
23,69213,252,70,339,52,5,-5
23,69229,257,65,339,52,5,-5
23,69246,262,60,339,52,5,-5
23,69263,267,55,339,52,5,-5
23,69280,272,50,339,52,5,-5
23,69297,277,45,339,52,5,-5
23,69315,282,40,339,52,5,-5
23,69331,287,35,339,52,5,-5
23,69347,292,30,339,52,5,-5
23,69363,297,25,339,52,5,-5
23,69380,302,20,339,52,5,-5
23,69397,307,15,339,52,5,-5
23,69414,307,10,339,52,0,-5
23,69431,307,5,339,52,0,-5
23,69448,307,0,339,52,0,-5
24,71031,616,471,205,16,-5,0
24,71048,611,471,205,16,-5,0
24,71065,606,471,205,16,-5,0
24,71082,601,471,205,16,-5,0
24,71098,596,471,205,16,-5,0
24,71115,591,471,205,16,-5,0
24,71131,586,471,205,16,-5,0
24,71148,581,471,205,16,-5,0
24,71165,576,471,205,16,-5,0
24,71181,571,471,205,16,-5,0
24,71198,566,471,205,16,-5,0
24,71215,561,471,205,16,-5,0
24,71232,556,471,205,16,-5,0
24,71249,551,471,205,16,-5,0
24,71266,546,466,205,16,-5,-5
24,71282,541,461,205,16,-5,-5
24,71299,536,456,205,16,-5,-5
24,71316,531,451,205,16,-5,-5
24,71332,526,446,205,16,-5,-5
24,71349,521,441,205,16,-5,-5
24,71365,516,436,205,16,-5,-5
24,71382,511,431,205,16,-5,-5
24,71399,506,426,205,16,-5,-5
24,71416,501,421,205,16,-5,-5
24,71433,496,416,205,16,-5,-5
24,71450,491,411,205,16,-5,-5
24,71466,486,406,205,16,-5,-5
24,71483,481,401,205,16,-5,-5
24,71500,476,396,205,16,-5,-5
24,71517,471,391,205,16,-5,-5
24,71534,466,386,205,16,-5,-5
24,71551,461,381,205,16,-5,-5
24,71567,456,376,205,16,-5,-5
24,71584,451,371,205,16,-5,-5
24,71601,446,366,205,16,-5,-5
24,71618,441,361,205,16,-5,-5
24,71634,436,356,205,16,-5,-5
24,71651,431,351,205,16,-5,-5
24,71668,426,346,205,16,-5,-5
24,71685,421,341,205,16,-5,-5
24,71702,416,336,205,16,-5,-5
24,71719,411,331,205,16,-5,-5
24,71736,406,326,205,16,-5,-5
24,71753,401,321,205,16,-5,-5
24,71770,396,316,205,16,-5,-5
24,71787,391,311,205,16,-5,-5
24,71804,386,306,205,16,-5,-5
24,71821,386,301,205,16,0,-5
24,71838,386,296,205,16,0,-5
24,71855,386,291,205,16,0,-5
24,71872,386,286,205,16,0,-5
24,71889,386,281,205,16,0,-5
24,71906,386,276,205,16,0,-5
24,71923,386,271,205,16,0,-5
24,71940,386,266,205,16,0,-5
24,71956,386,261,205,16,0,-5
24,71972,386,256,205,16,0,-5
24,71989,386,251,205,16,0,-5
24,72006,386,246,205,16,0,-5
24,72023,381,241,205,16,-5,-5
24,72040,376,236,205,16,-5,-5
24,72056,371,231,205,16,-5,-5
24,72073,366,226,205,16,-5,-5
24,72090,366,221,205,16,0,-5
24,72106,366,216,205,16,0,-5
24,72123,366,211,205,16,0,-5
24,72141,366,206,205,16,0,-5
24,72158,366,201,205,16,0,-5
24,72175,366,196,205,16,0,-5
24,72192,366,191,205,16,0,-5
24,72209,366,186,205,16,0,-5
24,72226,366,181,205,16,0,-5
24,72243,366,176,205,16,0,-5
24,72259,366,171,205,16,0,-5
24,72276,366,166,205,16,0,-5
24,72293,366,161,205,16,0,-5
24,72310,366,156,205,16,0,-5
24,72326,366,151,205,16,0,-5
24,72344,361,146,205,16,-5,-5
24,72360,356,141,205,16,-5,-5
24,72377,351,136,205,16,-5,-5
24,72394,346,131,205,16,-5,-5
24,72411,341,126,205,16,-5,-5
24,72428,336,121,205,16,-5,-5
24,72444,331,116,205,16,-5,-5
24,72460,326,111,205,16,-5,-5
24,72477,321,106,205,16,-5,-5
24,72494,316,101,205,16,-5,-5
24,72511,311,101,205,16,-5,0
24,72526,306,101,205,16,-5,0
24,72543,301,101,205,16,-5,0
24,72560,296,101,205,16,-5,0
24,72577,291,101,205,16,-5,0
24,72594,286,101,205,16,-5,0
24,72611,281,101,205,16,-5,0
24,72627,276,101,205,16,-5,0
24,72644,271,101,205,16,-5,0
24,72661,266,101,205,16,-5,0
24,72676,261,101,205,16,-5,0
24,72692,256,101,205,16,-5,0
24,72710,251,101,205,16,-5,0
24,72727,246,101,205,16,-5,0
24,72877,246,96,205,16,0,-5
24,72894,246,91,205,16,0,-5
24,72911,246,86,205,16,0,-5
24,72928,246,81,205,16,0,-5
24,72944,246,76,205,16,0,-5
24,72961,246,71,205,16,0,-5
24,72978,246,66,205,16,0,-5
24,72995,246,61,205,16,0,-5
24,73012,246,56,205,16,0,-5
24,73029,246,51,205,16,0,-5
24,73046,246,46,205,16,0,-5
24,73063,246,41,205,16,0,-5
24,73097,241,41,205,16,-5,0
24,73114,236,41,205,16,-5,0
24,73131,231,41,205,16,-5,0
24,73148,226,41,205,16,-5,0
24,73164,221,41,205,16,-5,0
24,73181,216,41,205,16,-5,0
24,73198,211,41,205,16,-5,0
24,73332,211,36,205,16,0,-5
25,74903,157,219,598,322,5,0
25,74920,162,219,598,322,5,0
25,74937,167,219,598,322,5,0
25,74954,172,219,598,322,5,0
25,74971,177,219,598,322,5,0
25,74988,182,219,598,322,5,0
25,75005,187,219,598,322,5,0
25,75022,192,219,598,322,5,0
25,75039,197,219,598,322,5,0
25,75056,202,219,598,322,5,0
25,75073,207,219,598,322,5,0
25,75090,212,219,598,322,5,0
25,75107,217,219,598,322,5,0
25,75124,222,224,598,322,5,5
25,75141,227,229,598,322,5,5
25,75158,232,234,598,322,5,5
25,75175,237,239,598,322,5,5
25,75192,242,244,598,322,5,5
25,75209,247,249,598,322,5,5
25,75226,252,254,598,322,5,5
25,75243,257,259,598,322,5,5
25,75260,262,264,598,322,5,5
25,75277,267,269,598,322,5,5
25,75294,272,274,598,322,5,5
25,75311,277,274,598,322,5,0
25,75328,282,274,598,322,5,0
25,75345,287,274,598,322,5,0
25,75362,292,274,598,322,5,0
25,75379,297,274,598,322,5,0
25,75396,302,274,598,322,5,0
25,75413,307,274,598,322,5,0
25,75430,312,274,598,322,5,0
25,75447,317,274,598,322,5,0
25,75464,322,279,598,322,5,5
25,75481,327,284,598,322,5,5
25,75498,332,289,598,322,5,5
25,75515,337,294,598,322,5,5
25,75532,342,299,598,322,5,5
25,75549,347,304,598,322,5,5
25,75566,352,309,598,322,5,5
25,75583,357,309,598,322,5,0
25,75600,362,309,598,322,5,0
25,75617,367,309,598,322,5,0
25,75634,372,309,598,322,5,0
25,75651,377,309,598,322,5,0
25,75668,382,309,598,322,5,0
25,75684,387,309,598,322,5,0
25,75701,392,309,598,322,5,0
25,75718,397,309,598,322,5,0
25,75735,402,309,598,322,5,0
25,75751,407,309,598,322,5,0
25,75768,412,309,598,322,5,0
25,75785,417,309,598,322,5,0
25,75802,422,309,598,322,5,0
25,75819,427,309,598,322,5,0
25,75836,432,309,598,322,5,0
25,75853,437,309,598,322,5,0
25,75870,442,314,598,322,5,5
25,75887,447,319,598,322,5,5
25,75904,452,324,598,322,5,5
25,75921,457,329,598,322,5,5
25,75938,462,334,598,322,5,5
25,75955,467,339,598,322,5,5
25,75972,472,339,598,322,5,0
25,75989,477,339,598,322,5,0
25,76005,482,339,598,322,5,0
25,76022,487,339,598,322,5,0
25,76039,492,339,598,322,5,0
25,76056,497,339,598,322,5,0
25,76072,502,339,598,322,5,0
25,76089,507,339,598,322,5,0
25,76106,512,339,598,322,5,0
25,76123,517,339,598,322,5,0
25,76139,522,339,598,322,5,0
25,76156,527,339,598,322,5,0
25,76173,532,339,598,322,5,0
25,76190,537,339,598,322,5,0
25,76206,542,339,598,322,5,0
25,76222,547,339,598,322,5,0
25,76238,552,339,598,322,5,0
25,76255,557,339,598,322,5,0
25,76272,562,339,598,322,5,0
25,76289,567,339,598,322,5,0
25,76306,572,339,598,322,5,0
25,76323,577,339,598,322,5,0
25,76340,582,339,598,322,5,0
25,76357,587,339,598,322,5,0
25,76374,592,339,598,322,5,0
25,76391,597,339,598,322,5,0
26,77956,637,358,429,74,-5,0
26,77973,632,358,429,74,-5,0
26,77990,627,358,429,74,-5,0
26,78007,622,358,429,74,-5,0
26,78024,617,358,429,74,-5,0
26,78041,612,358,429,74,-5,0
26,78058,607,358,429,74,-5,0
26,78074,602,358,429,74,-5,0
26,78090,597,358,429,74,-5,0
26,78106,592,358,429,74,-5,0
26,78123,587,358,429,74,-5,0
26,78140,582,358,429,74,-5,0
26,78157,577,358,429,74,-5,0
26,78174,572,358,429,74,-5,0
26,78191,567,358,429,74,-5,0
26,78208,562,358,429,74,-5,0
26,78225,557,358,429,74,-5,0
26,78242,552,358,429,74,-5,0
26,78259,547,358,429,74,-5,0
26,78276,542,358,429,74,-5,0
26,78293,537,358,429,74,-5,0
26,78310,532,353,429,74,-5,-5
26,78327,527,348,429,74,-5,-5
26,78344,522,343,429,74,-5,-5
26,78360,517,338,429,74,-5,-5
26,78377,512,333,429,74,-5,-5
26,78393,507,328,429,74,-5,-5
26,78410,502,323,429,74,-5,-5
26,78426,497,318,429,74,-5,-5
26,78442,492,313,429,74,-5,-5
26,78460,487,308,429,74,-5,-5
26,78477,482,303,429,74,-5,-5
26,78494,477,298,429,74,-5,-5
26,78511,472,293,429,74,-5,-5
26,78527,467,288,429,74,-5,-5
26,78544,462,283,429,74,-5,-5
26,78561,457,278,429,74,-5,-5
26,78579,452,273,429,74,-5,-5
26,78595,447,268,429,74,-5,-5
26,78612,442,263,429,74,-5,-5
26,78630,437,258,429,74,-5,-5
26,78647,437,253,429,74,0,-5
26,78664,437,248,429,74,0,-5
26,78681,437,243,429,74,0,-5
26,78697,437,238,429,74,0,-5
26,78713,437,233,429,74,0,-5
26,78729,437,228,429,74,0,-5
26,78746,437,223,429,74,0,-5
26,78763,437,218,429,74,0,-5
26,78780,437,213,429,74,0,-5
26,78797,437,208,429,74,0,-5
26,78814,437,203,429,74,0,-5
26,78831,437,198,429,74,0,-5
26,78848,437,193,429,74,0,-5
26,78865,437,188,429,74,0,-5
26,78882,437,183,429,74,0,-5
26,78899,437,178,429,74,0,-5
26,78916,437,173,429,74,0,-5
26,78933,437,168,429,74,0,-5
26,78950,437,163,429,74,0,-5
26,78968,437,158,429,74,0,-5
26,78983,437,153,429,74,0,-5
26,79000,437,148,429,74,0,-5
26,79017,437,143,429,74,0,-5
26,79034,437,138,429,74,0,-5
26,79052,437,133,429,74,0,-5
26,79068,437,128,429,74,0,-5
26,79084,437,123,429,74,0,-5
26,79101,437,118,429,74,0,-5
26,79118,437,113,429,74,0,-5
26,79135,437,108,429,74,0,-5
26,79152,437,103,429,74,0,-5
26,79170,437,98,429,74,0,-5
27,80746,697,422,143,67,-5,0
27,80763,692,422,143,67,-5,0
27,80780,687,422,143,67,-5,0
27,80797,682,422,143,67,-5,0
27,80814,677,422,143,67,-5,0
27,80831,672,422,143,67,-5,0
27,80848,667,422,143,67,-5,0
27,80865,662,422,143,67,-5,0
27,80882,657,422,143,67,-5,0
27,80898,652,422,143,67,-5,0
27,80915,647,422,143,67,-5,0
27,80932,642,422,143,67,-5,0
27,80949,637,422,143,67,-5,0
27,80965,632,422,143,67,-5,0
27,80982,627,422,143,67,-5,0
27,80999,622,422,143,67,-5,0
27,81016,617,422,143,67,-5,0
27,81033,612,417,143,67,-5,-5
27,81050,607,412,143,67,-5,-5
27,81068,602,407,143,67,-5,-5
27,81084,597,402,143,67,-5,-5
27,81101,592,397,143,67,-5,-5
27,81118,587,392,143,67,-5,-5
27,81135,582,387,143,67,-5,-5
27,81152,577,382,143,67,-5,-5
27,81169,572,377,143,67,-5,-5
27,81186,567,372,143,67,-5,-5
27,81203,562,367,143,67,-5,-5
27,81220,557,362,143,67,-5,-5
27,81237,552,357,143,67,-5,-5
27,81253,547,352,143,67,-5,-5
27,81270,542,347,143,67,-5,-5
27,81287,537,342,143,67,-5,-5
27,81304,532,337,143,67,-5,-5
27,81321,527,332,143,67,-5,-5
27,81338,522,327,143,67,-5,-5
27,81354,517,322,143,67,-5,-5
27,81370,512,317,143,67,-5,-5
27,81387,507,312,143,67,-5,-5
27,81403,502,307,143,67,-5,-5
27,81420,497,302,143,67,-5,-5
27,81437,492,297,143,67,-5,-5
27,81454,487,292,143,67,-5,-5
27,81470,482,287,143,67,-5,-5
27,81487,477,282,143,67,-5,-5
27,81504,472,277,143,67,-5,-5
27,81521,467,272,143,67,-5,-5
27,81538,462,267,143,67,-5,-5
27,81555,457,267,143,67,-5,0
27,81572,452,267,143,67,-5,0
27,81589,447,267,143,67,-5,0
27,81606,442,267,143,67,-5,0
27,81623,437,267,143,67,-5,0
27,81639,432,267,143,67,-5,0
27,81656,427,267,143,67,-5,0
27,81673,422,267,143,67,-5,0
27,81690,417,267,143,67,-5,0
27,81707,412,267,143,67,-5,0
27,81724,407,267,143,67,-5,0
27,81740,402,267,143,67,-5,0
27,81757,397,262,143,67,-5,-5
27,81775,392,257,143,67,-5,-5
27,81791,387,252,143,67,-5,-5
27,81808,382,247,143,67,-5,-5
27,81825,377,242,143,67,-5,-5
27,81841,372,237,143,67,-5,-5
27,81858,367,232,143,67,-5,-5
27,81875,362,227,143,67,-5,-5
27,81892,357,222,143,67,-5,-5
27,81909,352,217,143,67,-5,-5
27,81925,347,212,143,67,-5,-5
27,81941,342,207,143,67,-5,-5
27,81958,337,202,143,67,-5,-5
27,81975,332,197,143,67,-5,-5
27,81992,327,192,143,67,-5,-5
27,82009,322,187,143,67,-5,-5
27,82026,317,182,143,67,-5,-5
27,82043,312,177,143,67,-5,-5
27,82059,307,172,143,67,-5,-5
27,82076,302,167,143,67,-5,-5
27,82092,297,162,143,67,-5,-5
27,82109,292,157,143,67,-5,-5
27,82126,287,157,143,67,-5,0
27,82143,282,157,143,67,-5,0
27,82160,277,157,143,67,-5,0
27,82178,272,157,143,67,-5,0
27,82195,267,157,143,67,-5,0
27,82212,262,157,143,67,-5,0
27,82229,257,157,143,67,-5,0
27,82246,252,157,143,67,-5,0
27,82263,247,157,143,67,-5,0
27,82280,242,157,143,67,-5,0
27,82297,237,152,143,67,-5,-5
27,82314,232,147,143,67,-5,-5
27,82331,227,142,143,67,-5,-5
27,82348,222,137,143,67,-5,-5
27,82365,217,132,143,67,-5,-5
27,82382,212,127,143,67,-5,-5
27,82399,207,122,143,67,-5,-5
27,82416,202,117,143,67,-5,-5
27,82433,197,112,143,67,-5,-5
27,82450,192,107,143,67,-5,-5
27,82467,187,102,143,67,-5,-5
27,82484,182,102,143,67,-5,0
27,82501,177,102,143,67,-5,0
27,82519,172,102,143,67,-5,0
27,82535,167,102,143,67,-5,0
27,82703,167,97,143,67,0,-5
27,82720,167,92,143,67,0,-5
27,82737,167,87,143,67,0,-5
27,82754,167,82,143,67,0,-5
27,82771,167,77,143,67,0,-5
27,82788,167,72,143,67,0,-5
28,84924,418,191,254,396,0,5
28,84941,418,196,254,396,0,5
28,84959,418,201,254,396,0,5
28,84976,418,206,254,396,0,5
28,84993,418,211,254,396,0,5
28,85010,418,216,254,396,0,5
28,85027,418,221,254,396,0,5
28,85044,418,226,254,396,0,5
28,85060,418,231,254,396,0,5
28,85077,418,236,254,396,0,5
28,85094,418,241,254,396,0,5
28,85111,418,246,254,396,0,5
28,85128,418,251,254,396,0,5
28,85145,418,256,254,396,0,5
28,85162,418,261,254,396,0,5
28,85179,418,266,254,396,0,5
28,85195,418,271,254,396,0,5
28,85212,418,276,254,396,0,5
28,85229,418,281,254,396,0,5
28,85246,418,286,254,396,0,5
28,85263,418,291,254,396,0,5
28,85280,418,296,254,396,0,5
28,85297,418,301,254,396,0,5
28,85314,418,306,254,396,0,5
28,85331,413,311,254,396,-5,5
28,85348,408,316,254,396,-5,5
28,85365,403,321,254,396,-5,5
28,85381,398,326,254,396,-5,5
28,85398,393,331,254,396,-5,5
28,85415,388,336,254,396,-5,5
28,85433,383,341,254,396,-5,5
28,85449,378,346,254,396,-5,5
28,85466,373,351,254,396,-5,5
28,85483,368,356,254,396,-5,5
28,85500,363,361,254,396,-5,5
28,85517,358,366,254,396,-5,5
28,85534,353,371,254,396,-5,5
28,85550,348,376,254,396,-5,5
28,85566,343,381,254,396,-5,5
28,85583,338,386,254,396,-5,5
28,85600,333,391,254,396,-5,5
28,85617,328,396,254,396,-5,5
28,85633,323,401,254,396,-5,5
28,85650,318,406,254,396,-5,5
28,85667,313,411,254,396,-5,5
28,85684,308,416,254,396,-5,5
28,85700,303,421,254,396,-5,5
28,85717,298,421,254,396,-5,0
28,85734,293,421,254,396,-5,0
28,85751,288,421,254,396,-5,0
28,85768,283,421,254,396,-5,0
28,85785,278,421,254,396,-5,0
28,86006,278,416,254,396,0,-5
28,86023,278,411,254,396,0,-5
28,86040,278,406,254,396,0,-5
29,87913,253,288,250,223,0,-5
29,87930,253,283,250,223,0,-5
29,87946,253,278,250,223,0,-5
29,88184,253,273,250,223,0,-5
29,88201,253,268,250,223,0,-5
29,88218,253,263,250,223,0,-5
29,88235,253,258,250,223,0,-5
29,88251,253,253,250,223,0,-5
29,88269,253,248,250,223,0,-5
29,88285,253,243,250,223,0,-5
30,89904,28,382,269,378,5,0
30,89921,33,382,269,378,5,0
30,89938,38,382,269,378,5,0
30,89955,43,382,269,378,5,0
30,89971,48,382,269,378,5,0
30,89988,53,382,269,378,5,0
30,90005,58,382,269,378,5,0
30,90022,63,382,269,378,5,0
30,90039,68,382,269,378,5,0
30,90057,73,382,269,378,5,0
30,90073,78,382,269,378,5,0
30,90090,83,382,269,378,5,0
30,90107,88,382,269,378,5,0
30,90124,93,382,269,378,5,0
30,90141,98,382,269,378,5,0
30,90158,103,382,269,378,5,0
30,90175,108,382,269,378,5,0
30,90192,113,382,269,378,5,0
30,90209,118,382,269,378,5,0
30,90226,123,382,269,378,5,0
30,90243,128,382,269,378,5,0
30,90260,133,382,269,378,5,0
30,90277,138,382,269,378,5,0
30,90294,143,382,269,378,5,0
30,90311,148,382,269,378,5,0
30,90329,153,382,269,378,5,0
30,90347,158,382,269,378,5,0
30,90363,163,382,269,378,5,0
30,90381,168,382,269,378,5,0
30,90398,173,382,269,378,5,0
30,90415,178,382,269,378,5,0
30,90432,183,382,269,378,5,0
30,90448,188,382,269,378,5,0
30,90465,193,382,269,378,5,0
30,90481,198,382,269,378,5,0
30,90498,203,382,269,378,5,0
30,90515,208,382,269,378,5,0
30,90532,213,382,269,378,5,0
30,90548,218,382,269,378,5,0
30,90565,223,382,269,378,5,0
30,90582,228,382,269,378,5,0
30,90599,233,382,269,378,5,0
30,90617,238,382,269,378,5,0
30,90633,243,382,269,378,5,0
30,90650,248,382,269,378,5,0
30,90667,253,382,269,378,5,0
30,90684,258,382,269,378,5,0
30,90701,263,382,269,378,5,0
30,90718,268,382,269,378,5,0
31,92323,162,321,622,49,5,0
31,92340,167,321,622,49,5,0
31,92357,172,321,622,49,5,0
31,92373,177,321,622,49,5,0
31,92391,182,321,622,49,5,0
31,92406,187,321,622,49,5,0
31,92423,192,321,622,49,5,0
31,92440,197,321,622,49,5,0
31,92456,202,321,622,49,5,0
31,92473,207,321,622,49,5,0
31,92490,212,321,622,49,5,0
31,92506,217,321,622,49,5,0
31,92523,222,321,622,49,5,0
31,92540,227,316,622,49,5,-5
31,92557,232,311,622,49,5,-5
31,92573,237,306,622,49,5,-5
31,92590,242,301,622,49,5,-5
31,92607,247,296,622,49,5,-5
31,92624,252,291,622,49,5,-5
31,92641,257,286,622,49,5,-5
31,92657,262,281,622,49,5,-5
31,92674,267,276,622,49,5,-5
31,92691,272,271,622,49,5,-5
31,92708,277,266,622,49,5,-5
31,92725,282,261,622,49,5,-5
31,92742,287,256,622,49,5,-5
31,92759,292,251,622,49,5,-5
31,92776,297,246,622,49,5,-5
31,92793,302,241,622,49,5,-5
31,92810,307,236,622,49,5,-5
31,92827,312,231,622,49,5,-5
31,92844,317,231,622,49,5,0
31,92862,322,231,622,49,5,0
31,92879,327,231,622,49,5,0
31,92896,332,231,622,49,5,0
31,92913,337,231,622,49,5,0
31,92930,342,231,622,49,5,0
31,92947,347,231,622,49,5,0
31,92963,352,231,622,49,5,0
31,92980,357,231,622,49,5,0
31,92998,362,231,622,49,5,0
31,93014,367,231,622,49,5,0
31,93031,372,231,622,49,5,0
31,93048,377,231,622,49,5,0
31,93065,382,231,622,49,5,0
31,93082,387,231,622,49,5,0
31,93099,392,231,622,49,5,0
31,93116,397,231,622,49,5,0
31,93133,402,231,622,49,5,0
31,93150,407,231,622,49,5,0
31,93166,412,231,622,49,5,0
31,93182,417,231,622,49,5,0
31,93200,422,226,622,49,5,-5
31,93217,427,221,622,49,5,-5
31,93235,432,216,622,49,5,-5
31,93252,437,211,622,49,5,-5
31,93269,442,206,622,49,5,-5
31,93285,447,201,622,49,5,-5
31,93302,452,196,622,49,5,-5
31,93319,457,191,622,49,5,-5
31,93336,462,186,622,49,5,-5
31,93353,467,181,622,49,5,-5
31,93369,472,176,622,49,5,-5
31,93385,477,171,622,49,5,-5
31,93402,482,166,622,49,5,-5
31,93419,487,161,622,49,5,-5
31,93435,492,156,622,49,5,-5
31,93452,497,151,622,49,5,-5
31,93469,502,146,622,49,5,-5
31,93485,507,141,622,49,5,-5
31,93502,512,136,622,49,5,-5
31,93519,517,131,622,49,5,-5
31,93537,522,126,622,49,5,-5
31,93553,527,121,622,49,5,-5
31,93570,532,116,622,49,5,-5
31,93587,537,111,622,49,5,-5
31,93604,542,106,622,49,5,-5
31,93621,547,101,622,49,5,-5
31,93638,552,96,622,49,5,-5
31,93655,557,91,622,49,5,-5
31,93672,562,86,622,49,5,-5
31,93689,567,81,622,49,5,-5
31,93708,572,76,622,49,5,-5
31,93725,577,71,622,49,5,-5
31,93742,582,66,622,49,5,-5
31,93759,587,66,622,49,5,0
31,93776,592,66,622,49,5,0
31,93793,597,66,622,49,5,0
31,93809,602,66,622,49,5,0
31,93826,607,66,622,49,5,0
31,93843,612,66,622,49,5,0
31,93860,617,66,622,49,5,0
31,93876,622,66,622,49,5,0
32,95517,481,279,249,269,-5,0
32,95533,476,279,249,269,-5,0
32,95550,471,279,249,269,-5,0
32,95567,466,279,249,269,-5,0
32,95583,461,279,249,269,-5,0
32,95600,456,279,249,269,-5,0
32,95617,451,279,249,269,-5,0
32,95634,446,279,249,269,-5,0
32,95651,441,279,249,269,-5,0
32,95668,436,279,249,269,-5,0
32,95684,431,279,249,269,-5,0
32,95700,426,279,249,269,-5,0
32,95717,421,279,249,269,-5,0
32,95733,416,279,249,269,-5,0
32,95749,411,279,249,269,-5,0
32,95766,406,279,249,269,-5,0
32,95783,401,279,249,269,-5,0
32,95800,396,279,249,269,-5,0
32,95817,391,279,249,269,-5,0
32,95834,386,279,249,269,-5,0
32,95851,381,279,249,269,-5,0
32,95869,376,279,249,269,-5,0
32,95886,371,279,249,269,-5,0
32,95903,366,279,249,269,-5,0
32,95919,361,279,249,269,-5,0
32,95936,356,279,249,269,-5,0
32,95953,351,279,249,269,-5,0
32,95969,346,279,249,269,-5,0
32,95985,341,279,249,269,-5,0
32,96002,336,279,249,269,-5,0
32,96019,331,279,249,269,-5,0
32,96035,326,279,249,269,-5,0
32,96052,321,279,249,269,-5,0
32,96069,316,279,249,269,-5,0
32,96086,311,279,249,269,-5,0
32,96103,306,279,249,269,-5,0
32,96120,301,279,249,269,-5,0
32,96137,296,279,249,269,-5,0
32,96154,291,279,249,269,-5,0
32,96171,286,279,249,269,-5,0
32,96188,281,279,249,269,-5,0
32,96205,276,279,249,269,-5,0
32,96222,271,279,249,269,-5,0
33,97874,376,499,58,470,-5,0
33,97891,371,499,58,470,-5,0
33,97908,366,499,58,470,-5,0
33,97924,361,499,58,470,-5,0
33,97940,356,499,58,470,-5,0
33,97956,351,499,58,470,-5,0
33,97973,346,499,58,470,-5,0
33,97990,341,499,58,470,-5,0
33,98007,336,499,58,470,-5,0
33,98023,331,499,58,470,-5,0
33,98040,326,499,58,470,-5,0
33,98057,321,499,58,470,-5,0
33,98073,316,499,58,470,-5,0
33,98089,311,499,58,470,-5,0
33,98106,306,499,58,470,-5,0
33,98124,301,499,58,470,-5,0
33,98140,296,499,58,470,-5,0
33,98156,291,499,58,470,-5,0
33,98173,286,499,58,470,-5,0
33,98190,281,499,58,470,-5,0
33,98207,276,499,58,470,-5,0
33,98224,271,499,58,470,-5,0
33,98241,266,499,58,470,-5,0
33,98258,261,499,58,470,-5,0
33,98275,256,499,58,470,-5,0
33,98293,251,499,58,470,-5,0
33,98310,246,499,58,470,-5,0
33,98327,241,499,58,470,-5,0
33,98344,236,499,58,470,-5,0
33,98360,231,499,58,470,-5,0
33,98377,226,499,58,470,-5,0
33,98394,221,499,58,470,-5,0
33,98411,216,499,58,470,-5,0
33,98428,211,499,58,470,-5,0
33,98445,206,499,58,470,-5,0
33,98462,201,499,58,470,-5,0
33,98479,196,499,58,470,-5,0
33,98496,191,499,58,470,-5,0
33,98512,186,499,58,470,-5,0
33,98529,181,499,58,470,-5,0
33,98546,176,499,58,470,-5,0
33,98563,171,499,58,470,-5,0
33,98580,166,499,58,470,-5,0
33,98598,161,499,58,470,-5,0
33,98614,156,499,58,470,-5,0
33,98631,151,499,58,470,-5,0
33,98649,146,499,58,470,-5,0
33,98666,141,499,58,470,-5,0
33,98683,136,499,58,470,-5,0
33,98700,131,499,58,470,-5,0
33,98717,126,499,58,470,-5,0
33,98734,121,499,58,470,-5,0
33,98751,116,499,58,470,-5,0
33,98768,111,499,58,470,-5,0
33,98785,106,499,58,470,-5,0
33,98801,101,499,58,470,-5,0
33,98818,96,499,58,470,-5,0
33,98835,91,499,58,470,-5,0
33,98852,86,499,58,470,-5,0
33,98869,81,499,58,470,-5,0
33,98885,76,499,58,470,-5,0
33,98902,71,499,58,470,-5,0
33,98919,66,499,58,470,-5,0
33,98936,61,499,58,470,-5,0
33,98952,56,494,58,470,-5,-5
33,98968,51,489,58,470,-5,-5
33,98984,46,484,58,470,-5,-5
33,99001,41,479,58,470,-5,-5
33,99018,41,474,58,470,0,-5
33,99034,41,469,58,470,0,-5
33,99051,41,464,58,470,0,-5
33,99068,41,459,58,470,0,-5
33,99441,46,459,58,470,5,0
33,99458,51,459,58,470,5,0
33,99475,56,459,58,470,5,0
33,99492,61,459,58,470,5,0
33,99509,66,459,58,470,5,0
33,99526,71,459,58,470,5,0
33,99543,76,459,58,470,5,0
33,99560,76,464,58,470,0,5
33,99576,76,469,58,470,0,5
34,101176,53,437,632,251,5,0
34,101193,58,437,632,251,5,0
34,101210,63,437,632,251,5,0
34,101227,68,437,632,251,5,0
34,101244,73,437,632,251,5,0
34,101261,78,437,632,251,5,0
34,101277,83,437,632,251,5,0
34,101294,88,437,632,251,5,0
34,101310,93,437,632,251,5,0
34,101327,98,437,632,251,5,0
34,101344,103,437,632,251,5,0
34,101361,108,437,632,251,5,0
34,101379,113,437,632,251,5,0
34,101396,118,432,632,251,5,-5
34,101414,123,427,632,251,5,-5
34,101430,128,422,632,251,5,-5
34,101446,133,417,632,251,5,-5
34,101463,138,412,632,251,5,-5
34,101481,143,407,632,251,5,-5
34,101498,148,402,632,251,5,-5
34,101515,153,397,632,251,5,-5
34,101531,158,392,632,251,5,-5
34,101548,163,387,632,251,5,-5
34,101565,168,382,632,251,5,-5
34,101582,173,377,632,251,5,-5
34,101599,178,372,632,251,5,-5
34,101616,183,367,632,251,5,-5
34,101633,188,362,632,251,5,-5
34,101650,193,357,632,251,5,-5
34,101668,198,352,632,251,5,-5
34,101685,203,347,632,251,5,-5
34,101702,208,342,632,251,5,-5
34,101718,213,337,632,251,5,-5
34,101734,218,337,632,251,5,0
34,101752,223,337,632,251,5,0
34,101769,228,337,632,251,5,0
34,101785,233,337,632,251,5,0
34,101802,238,337,632,251,5,0
34,101819,243,337,632,251,5,0
34,101836,248,337,632,251,5,0
34,101853,253,337,632,251,5,0
34,101870,258,337,632,251,5,0
34,101887,263,337,632,251,5,0
34,101904,268,337,632,251,5,0
34,101920,273,337,632,251,5,0
34,101935,278,337,632,251,5,0
34,101952,283,337,632,251,5,0
34,101969,288,337,632,251,5,0
34,101985,293,337,632,251,5,0
34,102002,298,337,632,251,5,0
34,102019,303,337,632,251,5,0
34,102035,308,337,632,251,5,0
34,102052,313,337,632,251,5,0
34,102069,318,337,632,251,5,0
34,102085,323,337,632,251,5,0
34,102102,328,337,632,251,5,0
34,102119,333,337,632,251,5,0
34,102137,338,337,632,251,5,0
34,102155,343,337,632,251,5,0
34,102172,348,337,632,251,5,0
34,102189,353,337,632,251,5,0
34,102206,358,337,632,251,5,0
34,102223,363,337,632,251,5,0
34,102240,368,337,632,251,5,0
34,102257,373,337,632,251,5,0
34,102274,378,337,632,251,5,0
34,102290,383,337,632,251,5,0
34,102306,388,337,632,251,5,0
34,102323,393,337,632,251,5,0
34,102340,398,337,632,251,5,0
34,102357,403,337,632,251,5,0
34,102375,408,337,632,251,5,0
34,102392,413,337,632,251,5,0
34,102409,418,337,632,251,5,0
34,102426,423,337,632,251,5,0
34,102442,428,332,632,251,5,-5
34,102458,433,327,632,251,5,-5
34,102475,438,322,632,251,5,-5
34,102491,443,317,632,251,5,-5
34,102508,448,312,632,251,5,-5
34,102525,453,307,632,251,5,-5
34,102542,458,302,632,251,5,-5
34,102559,463,297,632,251,5,-5
34,102576,468,292,632,251,5,-5
34,102593,473,287,632,251,5,-5
34,102610,478,282,632,251,5,-5
34,102627,483,282,632,251,5,0
34,102644,488,282,632,251,5,0
34,102661,493,282,632,251,5,0
34,102678,498,282,632,251,5,0
34,102695,503,282,632,251,5,0
34,102712,508,282,632,251,5,0
34,102729,513,282,632,251,5,0
34,102745,518,282,632,251,5,0
34,102762,523,282,632,251,5,0
34,102778,528,282,632,251,5,0
34,102795,533,282,632,251,5,0
34,102812,538,282,632,251,5,0
34,102829,543,282,632,251,5,0
34,102846,548,282,632,251,5,0
34,102863,553,282,632,251,5,0
34,102879,558,282,632,251,5,0
34,102896,563,282,632,251,5,0
34,102913,568,282,632,251,5,0
34,102930,573,277,632,251,5,-5
34,102946,578,272,632,251,5,-5
34,102963,583,267,632,251,5,-5
34,102980,588,262,632,251,5,-5
34,102997,593,257,632,251,5,-5
34,103014,598,257,632,251,5,0
34,103031,603,257,632,251,5,0
34,103048,608,257,632,251,5,0
34,103065,613,257,632,251,5,0
34,103081,618,257,632,251,5,0
34,103098,623,257,632,251,5,0
34,103115,628,257,632,251,5,0
35,105058,387,424,440,233,5,0
35,105075,392,424,440,233,5,0
35,105092,397,424,440,233,5,0
35,105109,402,424,440,233,5,0
35,105126,407,424,440,233,5,0
35,105143,412,424,440,233,5,0
35,105160,417,424,440,233,5,0
35,105177,422,424,440,233,5,0
35,105194,427,424,440,233,5,0
35,105211,432,419,440,233,5,-5
35,105228,437,414,440,233,5,-5
35,105245,442,409,440,233,5,-5
35,105262,447,404,440,233,5,-5
35,105279,452,399,440,233,5,-5
35,105296,457,394,440,233,5,-5
35,105313,462,389,440,233,5,-5
35,105330,467,384,440,233,5,-5
35,105347,472,379,440,233,5,-5
35,105364,477,374,440,233,5,-5
35,105383,482,369,440,233,5,-5
35,105400,487,364,440,233,5,-5
35,105417,492,359,440,233,5,-5
35,105434,497,354,440,233,5,-5
35,105451,502,354,440,233,5,0
35,105468,507,354,440,233,5,0
35,105484,512,354,440,233,5,0
35,105501,517,354,440,233,5,0
35,105517,522,354,440,233,5,0
35,105534,527,354,440,233,5,0
35,105551,532,354,440,233,5,0
35,105568,537,354,440,233,5,0
35,105585,542,354,440,233,5,0
35,105602,537,354,440,233,-5,0
35,105619,532,354,440,233,-5,0
35,105636,527,354,440,233,-5,0
35,105653,522,354,440,233,-5,0
35,105670,517,354,440,233,-5,0
35,105687,512,354,440,233,-5,0
35,105703,507,354,440,233,-5,0
35,105720,502,354,440,233,-5,0
35,105737,497,354,440,233,-5,0
35,105754,492,354,440,233,-5,0
35,105771,487,354,440,233,-5,0
35,105787,482,354,440,233,-5,0
35,105804,477,354,440,233,-5,0
35,105821,472,354,440,233,-5,0
35,105837,467,354,440,233,-5,0
35,105854,462,354,440,233,-5,0
35,105871,457,354,440,233,-5,0
35,105888,457,349,440,233,0,-5
35,105905,457,344,440,233,0,-5
35,105922,457,339,440,233,0,-5
35,105939,457,334,440,233,0,-5
35,105955,457,329,440,233,0,-5
35,105971,457,324,440,233,0,-5
35,105988,457,319,440,233,0,-5
35,106005,457,314,440,233,0,-5
35,106021,457,309,440,233,0,-5
35,106038,457,304,440,233,0,-5
35,106055,457,299,440,233,0,-5
35,106073,457,294,440,233,0,-5
35,106089,457,289,440,233,0,-5
35,106106,457,284,440,233,0,-5
35,106123,457,279,440,233,0,-5
35,106140,457,274,440,233,0,-5
35,106156,457,269,440,233,0,-5
35,106173,457,264,440,233,0,-5
35,106190,457,259,440,233,0,-5
35,106208,457,254,440,233,0,-5
36,107898,256,126,644,227,5,0
36,107915,261,126,644,227,5,0
36,107932,266,126,644,227,5,0
36,107949,271,126,644,227,5,0
36,107966,276,126,644,227,5,0
36,107982,281,126,644,227,5,0
36,107998,286,126,644,227,5,0
36,108014,291,126,644,227,5,0
36,108031,296,126,644,227,5,0
36,108048,301,126,644,227,5,0
36,108065,306,126,644,227,5,0
36,108082,311,126,644,227,5,0
36,108099,316,126,644,227,5,0
36,108116,321,126,644,227,5,0
36,108133,326,126,644,227,5,0
36,108151,331,126,644,227,5,0
36,108168,336,126,644,227,5,0
36,108185,341,126,644,227,5,0
36,108203,346,126,644,227,5,0
36,108220,351,126,644,227,5,0
36,108236,356,126,644,227,5,0
36,108252,361,126,644,227,5,0
36,108269,366,126,644,227,5,0
36,108286,371,126,644,227,5,0
36,108303,376,126,644,227,5,0
36,108320,381,126,644,227,5,0
36,108337,386,126,644,227,5,0
36,108353,391,126,644,227,5,0
36,108370,396,126,644,227,5,0
36,108387,401,126,644,227,5,0
36,108404,406,126,644,227,5,0
36,108421,411,126,644,227,5,0
36,108438,416,126,644,227,5,0
36,108455,421,126,644,227,5,0
36,108472,426,131,644,227,5,5
36,108489,431,131,644,227,5,0
36,108506,436,131,644,227,5,0
36,108523,441,131,644,227,5,0
36,108540,446,131,644,227,5,0
36,108557,451,131,644,227,5,0
36,108574,456,131,644,227,5,0
36,108591,461,136,644,227,5,5
36,108608,466,141,644,227,5,5
36,108625,471,146,644,227,5,5
36,108642,476,151,644,227,5,5
36,108658,481,156,644,227,5,5
36,108675,486,161,644,227,5,5
36,108693,491,161,644,227,5,0
36,108709,496,161,644,227,5,0
36,108726,501,161,644,227,5,0
36,108743,506,161,644,227,5,0
36,108760,511,161,644,227,5,0
36,108777,516,161,644,227,5,0
36,108794,521,161,644,227,5,0
36,108810,526,161,644,227,5,0
36,108827,531,161,644,227,5,0
36,108844,536,166,644,227,5,5
36,108861,541,171,644,227,5,5
36,108878,546,176,644,227,5,5
36,108895,551,181,644,227,5,5
36,108912,556,186,644,227,5,5
36,108929,561,191,644,227,5,5
36,108946,566,196,644,227,5,5
36,108963,571,201,644,227,5,5
36,108980,576,206,644,227,5,5
36,108997,581,211,644,227,5,5
36,109015,586,216,644,227,5,5
36,109032,591,221,644,227,5,5
36,109049,596,226,644,227,5,5
36,109066,601,231,644,227,5,5
36,109083,606,236,644,227,5,5
36,109100,611,241,644,227,5,5
36,109117,616,246,644,227,5,5
36,109134,621,251,644,227,5,5
36,109151,621,256,644,227,0,5
36,109368,626,256,644,227,5,0
36,109384,631,256,644,227,5,0
36,109401,636,256,644,227,5,0
36,109788,636,251,644,227,0,-5
36,109805,636,246,644,227,0,-5
36,109821,636,241,644,227,0,-5
36,109838,636,236,644,227,0,-5
36,109855,636,231,644,227,0,-5
36,109872,636,226,644,227,0,-5
36,109889,636,221,644,227,0,-5
36,110074,641,221,644,227,5,0
36,110090,646,221,644,227,5,0
36,110107,651,221,644,227,5,0
36,110124,656,221,644,227,5,0
36,110141,661,221,644,227,5,0
36,110345,661,226,644,227,0,5
37,112131,118,158,465,481,5,0
37,112147,123,158,465,481,5,0
37,112164,128,158,465,481,5,0
37,112181,133,158,465,481,5,0
37,112198,138,158,465,481,5,0
37,112215,143,158,465,481,5,0
37,112231,148,158,465,481,5,0
37,112248,153,158,465,481,5,0
37,112264,158,158,465,481,5,0
37,112281,163,163,465,481,5,5
37,112298,168,168,465,481,5,5
37,112315,173,173,465,481,5,5
37,112331,178,178,465,481,5,5
37,112348,183,183,465,481,5,5
37,112366,188,188,465,481,5,5
37,112381,193,193,465,481,5,5
37,112398,198,198,465,481,5,5
37,112415,203,203,465,481,5,5
37,112432,208,208,465,481,5,5
37,112449,213,213,465,481,5,5
37,112466,218,218,465,481,5,5
37,112483,223,223,465,481,5,5
37,112500,228,228,465,481,5,5
37,112517,233,233,465,481,5,5
37,112534,238,238,465,481,5,5
37,112551,243,243,465,481,5,5
37,112568,248,248,465,481,5,5
37,112585,253,253,465,481,5,5
37,112602,258,258,465,481,5,5
37,112619,263,263,465,481,5,5
37,112636,268,268,465,481,5,5
37,112654,273,273,465,481,5,5
37,112671,278,278,465,481,5,5
37,112688,283,283,465,481,5,5
37,112705,288,288,465,481,5,5
37,112722,293,293,465,481,5,5
37,112739,298,298,465,481,5,5
37,112756,303,303,465,481,5,5
37,112774,308,308,465,481,5,5
37,112791,313,313,465,481,5,5
37,112808,318,318,465,481,5,5
37,112825,323,323,465,481,5,5
37,112843,328,328,465,481,5,5
37,112859,333,333,465,481,5,5
37,112876,338,338,465,481,5,5
37,112893,343,343,465,481,5,5
37,112910,348,348,465,481,5,5
37,112927,353,353,465,481,5,5
37,112944,358,358,465,481,5,5
37,112961,363,363,465,481,5,5
37,112978,368,368,465,481,5,5
37,112995,373,373,465,481,5,5
37,113012,378,378,465,481,5,5
37,113029,383,383,465,481,5,5
37,113046,388,388,465,481,5,5
37,113063,393,393,465,481,5,5
37,113080,398,398,465,481,5,5
37,113096,403,403,465,481,5,5
37,113113,408,408,465,481,5,5
37,113130,413,413,465,481,5,5
37,113147,418,418,465,481,5,5
37,113164,423,423,465,481,5,5
37,113181,428,428,465,481,5,5
37,113198,433,433,465,481,5,5
37,113215,438,438,465,481,5,5
37,113232,443,443,465,481,5,5
37,113249,448,448,465,481,5,5
37,113266,453,453,465,481,5,5
37,113283,458,458,465,481,5,5
37,113299,463,463,465,481,5,5
37,113316,463,468,465,481,0,5
37,113333,463,473,465,481,0,5
37,113349,463,478,465,481,0,5
37,113366,463,483,465,481,0,5
38,115599,658,381,687,180,5,0
38,115616,663,381,687,180,5,0
38,115633,668,381,687,180,5,0
38,115650,673,381,687,180,5,0
38,115667,678,381,687,180,5,0
38,115684,683,381,687,180,5,0
38,115701,688,381,687,180,5,0
38,115717,693,381,687,180,5,0
38,115733,698,381,687,180,5,0
38,115750,703,381,687,180,5,0
38,115767,708,381,687,180,5,0
38,115784,713,381,687,180,5,0
38,115801,713,376,687,180,0,-5
38,115818,713,371,687,180,0,-5
38,115835,713,366,687,180,0,-5
38,115852,713,361,687,180,0,-5
38,115869,713,356,687,180,0,-5
38,115885,713,351,687,180,0,-5
38,115902,713,346,687,180,0,-5
38,115919,713,341,687,180,0,-5
38,115936,713,336,687,180,0,-5
38,115952,713,331,687,180,0,-5
38,115969,713,326,687,180,0,-5
38,115985,713,321,687,180,0,-5
38,116002,713,316,687,180,0,-5
38,116018,713,311,687,180,0,-5
38,116035,713,306,687,180,0,-5
38,116052,713,301,687,180,0,-5
38,116069,713,296,687,180,0,-5
38,116086,713,291,687,180,0,-5
38,116103,713,286,687,180,0,-5
38,116120,713,281,687,180,0,-5
38,116137,713,276,687,180,0,-5
38,116155,713,271,687,180,0,-5
38,116172,713,266,687,180,0,-5
38,116188,713,261,687,180,0,-5
38,116205,713,256,687,180,0,-5
38,116222,713,251,687,180,0,-5
38,116239,713,246,687,180,0,-5
38,116256,713,241,687,180,0,-5
38,116274,713,236,687,180,0,-5
38,116291,713,231,687,180,0,-5
38,116308,708,226,687,180,-5,-5
38,116324,703,221,687,180,-5,-5
38,116340,703,216,687,180,0,-5
38,116356,703,211,687,180,0,-5
38,116374,703,206,687,180,0,-5
38,116391,703,201,687,180,0,-5
39,118066,482,449,122,321,-5,0
39,118083,477,449,122,321,-5,0
39,118100,472,449,122,321,-5,0
39,118116,467,449,122,321,-5,0
39,118133,462,449,122,321,-5,0
39,118150,457,449,122,321,-5,0
39,118167,452,449,122,321,-5,0
39,118183,447,449,122,321,-5,0
39,118200,442,449,122,321,-5,0
39,118217,437,449,122,321,-5,0
39,118233,432,449,122,321,-5,0
39,118250,427,449,122,321,-5,0
39,118267,422,449,122,321,-5,0
39,118284,417,449,122,321,-5,0
39,118301,412,449,122,321,-5,0
39,118317,407,449,122,321,-5,0
39,118334,402,449,122,321,-5,0
39,118351,397,449,122,321,-5,0
39,118368,392,449,122,321,-5,0
39,118384,387,449,122,321,-5,0
39,118401,382,449,122,321,-5,0
39,118418,377,449,122,321,-5,0
39,118434,372,449,122,321,-5,0
39,118450,367,449,122,321,-5,0
39,118466,362,449,122,321,-5,0
39,118482,357,449,122,321,-5,0
39,118498,352,449,122,321,-5,0
39,118515,347,449,122,321,-5,0
39,118531,342,449,122,321,-5,0
39,118548,337,449,122,321,-5,0
39,118565,332,449,122,321,-5,0
39,118582,327,449,122,321,-5,0
39,118599,322,449,122,321,-5,0
39,118615,317,449,122,321,-5,0
39,118631,312,449,122,321,-5,0
39,118648,307,449,122,321,-5,0
39,118665,302,449,122,321,-5,0
39,118682,297,449,122,321,-5,0
39,118699,292,449,122,321,-5,0
39,118716,287,449,122,321,-5,0
39,118733,282,449,122,321,-5,0
39,118750,277,449,122,321,-5,0
39,118767,272,449,122,321,-5,0
39,118784,267,444,122,321,-5,-5
39,118801,262,439,122,321,-5,-5
39,118817,257,434,122,321,-5,-5
39,118834,252,429,122,321,-5,-5
39,118850,247,424,122,321,-5,-5
39,118866,242,419,122,321,-5,-5
39,118883,237,414,122,321,-5,-5
39,118900,232,409,122,321,-5,-5
39,118916,227,404,122,321,-5,-5
39,118933,222,399,122,321,-5,-5
39,118950,217,394,122,321,-5,-5
39,118967,212,389,122,321,-5,-5
39,118984,207,384,122,321,-5,-5
39,119001,202,379,122,321,-5,-5
39,119018,197,374,122,321,-5,-5
39,119035,192,369,122,321,-5,-5
39,119052,187,364,122,321,-5,-5
39,119069,182,359,122,321,-5,-5
39,119086,177,354,122,321,-5,-5
39,119103,172,354,122,321,-5,0
39,119120,167,354,122,321,-5,0
39,119137,162,354,122,321,-5,0
39,119154,157,354,122,321,-5,0
39,119170,152,354,122,321,-5,0
39,119187,147,354,122,321,-5,0
39,119204,142,354,122,321,-5,0
39,119221,137,354,122,321,-5,0
39,119340,137,349,122,321,0,-5
39,119357,137,344,122,321,0,-5
40,121211,29,46,571,515,5,0
40,121228,34,46,571,515,5,0
40,121245,39,46,571,515,5,0
40,121261,44,46,571,515,5,0
40,121277,49,46,571,515,5,0
40,121294,54,46,571,515,5,0
40,121311,59,46,571,515,5,0
40,121328,64,46,571,515,5,0
40,121345,69,46,571,515,5,0
40,121362,74,46,571,515,5,0
40,121379,79,46,571,515,5,0
40,121396,84,46,571,515,5,0
40,121413,89,46,571,515,5,0
40,121430,94,46,571,515,5,0
40,121447,99,51,571,515,5,5
40,121464,104,56,571,515,5,5
40,121481,109,61,571,515,5,5
40,121497,114,66,571,515,5,5
40,121513,119,71,571,515,5,5
40,121529,124,76,571,515,5,5
40,121546,129,81,571,515,5,5
40,121563,134,86,571,515,5,5
40,121581,139,91,571,515,5,5
40,121598,144,96,571,515,5,5
40,121615,149,101,571,515,5,5
40,121632,154,106,571,515,5,5
40,121649,159,111,571,515,5,5
40,121665,164,116,571,515,5,5
40,121682,169,121,571,515,5,5
40,121699,174,126,571,515,5,5
40,121716,179,131,571,515,5,5
40,121733,184,136,571,515,5,5
40,121750,189,141,571,515,5,5
40,121766,194,146,571,515,5,5
40,121783,199,151,571,515,5,5
40,121800,204,156,571,515,5,5
40,121817,209,161,571,515,5,5
40,121834,214,166,571,515,5,5
40,121851,219,171,571,515,5,5
40,121868,224,176,571,515,5,5
40,121885,229,181,571,515,5,5
40,121901,234,186,571,515,5,5
40,121917,239,191,571,515,5,5
40,121935,244,196,571,515,5,5
40,121952,249,201,571,515,5,5
40,121969,254,206,571,515,5,5
40,121985,259,211,571,515,5,5
40,122002,264,216,571,515,5,5
40,122019,269,221,571,515,5,5
40,122035,274,226,571,515,5,5
40,122052,279,231,571,515,5,5
40,122068,284,236,571,515,5,5
40,122085,289,241,571,515,5,5
40,122101,294,246,571,515,5,5
40,122117,299,251,571,515,5,5
40,122134,304,256,571,515,5,5
40,122151,309,261,571,515,5,5
40,122168,314,266,571,515,5,5
40,122185,319,271,571,515,5,5
40,122201,324,276,571,515,5,5
40,122218,329,281,571,515,5,5
40,122235,334,286,571,515,5,5
40,122252,339,291,571,515,5,5
40,122269,344,296,571,515,5,5
40,122286,349,301,571,515,5,5
40,122304,354,306,571,515,5,5
40,122321,359,311,571,515,5,5
40,122338,364,316,571,515,5,5
40,122355,369,321,571,515,5,5
40,122371,374,326,571,515,5,5
40,122389,379,331,571,515,5,5
40,122406,384,336,571,515,5,5
40,122422,389,341,571,515,5,5
40,122438,394,346,571,515,5,5
40,122455,399,351,571,515,5,5
40,122471,404,356,571,515,5,5
40,122488,409,361,571,515,5,5
40,122505,414,366,571,515,5,5
40,122522,419,371,571,515,5,5
40,122539,424,376,571,515,5,5
40,122556,429,381,571,515,5,5
40,122573,434,386,571,515,5,5
40,122590,439,391,571,515,5,5
40,122607,444,396,571,515,5,5
40,122623,449,401,571,515,5,5
40,122640,454,406,571,515,5,5
40,122656,459,411,571,515,5,5
40,122673,464,416,571,515,5,5
40,122690,469,421,571,515,5,5
40,122707,474,426,571,515,5,5
40,122723,479,431,571,515,5,5
40,122740,484,436,571,515,5,5
40,122757,489,441,571,515,5,5
40,122774,494,446,571,515,5,5
40,122791,499,451,571,515,5,5
40,122808,504,456,571,515,5,5
40,122825,509,461,571,515,5,5
40,122842,514,466,571,515,5,5
40,122858,519,471,571,515,5,5
40,122875,524,476,571,515,5,5
40,122891,529,481,571,515,5,5
40,122908,534,486,571,515,5,5
40,122925,539,491,571,515,5,5
40,122942,544,496,571,515,5,5
40,122959,549,501,571,515,5,5
40,122976,554,506,571,515,5,5
40,122993,559,511,571,515,5,5
40,123010,564,516,571,515,5,5
40,123027,569,521,571,515,5,5
41,124677,183,273,165,155,0,-5
41,124694,183,268,165,155,0,-5
41,124710,183,263,165,155,0,-5
41,124726,183,258,165,155,0,-5
41,124743,183,253,165,155,0,-5
41,124760,183,248,165,155,0,-5
41,124777,183,243,165,155,0,-5
41,124794,183,238,165,155,0,-5
41,124811,183,233,165,155,0,-5
41,124827,183,228,165,155,0,-5
41,124844,183,223,165,155,0,-5
41,124861,183,218,165,155,0,-5
41,124878,183,213,165,155,0,-5
41,124894,183,208,165,155,0,-5
41,124911,183,203,165,155,0,-5
41,124928,183,198,165,155,0,-5
41,124944,183,193,165,155,0,-5
41,124961,183,188,165,155,0,-5
41,124977,183,183,165,155,0,-5
41,124994,183,178,165,155,0,-5
42,126498,60,488,48,58,0,-5
42,126515,60,483,48,58,0,-5
42,126531,60,478,48,58,0,-5
42,126548,60,473,48,58,0,-5
42,126565,60,468,48,58,0,-5
42,126582,60,463,48,58,0,-5
42,126599,60,458,48,58,0,-5
42,126616,60,453,48,58,0,-5
42,126633,60,448,48,58,0,-5
42,126649,60,443,48,58,0,-5
42,126666,60,438,48,58,0,-5
42,126682,60,433,48,58,0,-5
42,126699,60,428,48,58,0,-5
42,126716,60,423,48,58,0,-5
42,126733,60,418,48,58,0,-5
42,126749,60,413,48,58,0,-5
42,126765,60,408,48,58,0,-5
42,126782,60,403,48,58,0,-5
42,126799,60,398,48,58,0,-5
42,126816,60,393,48,58,0,-5
42,126833,60,388,48,58,0,-5
42,126850,60,383,48,58,0,-5
42,126867,60,378,48,58,0,-5
42,126884,60,373,48,58,0,-5
42,126900,60,368,48,58,0,-5
42,126917,60,363,48,58,0,-5
42,126933,60,358,48,58,0,-5
42,126950,60,353,48,58,0,-5
42,126966,60,348,48,58,0,-5
42,126983,60,343,48,58,0,-5
42,127000,60,338,48,58,0,-5
42,127017,60,333,48,58,0,-5
42,127034,60,328,48,58,0,-5
42,127051,60,323,48,58,0,-5
42,127069,60,318,48,58,0,-5
42,127087,60,313,48,58,0,-5
42,127104,60,308,48,58,0,-5
42,127121,60,303,48,58,0,-5
42,127138,60,298,48,58,0,-5
42,127155,60,293,48,58,0,-5
42,127171,60,288,48,58,0,-5
42,127188,60,283,48,58,0,-5
42,127205,60,278,48,58,0,-5
42,127222,60,273,48,58,0,-5
42,127240,60,268,48,58,0,-5
42,127257,60,263,48,58,0,-5
42,127274,60,258,48,58,0,-5
42,127291,60,253,48,58,0,-5
42,127308,60,248,48,58,0,-5
42,127325,60,243,48,58,0,-5
42,127342,60,238,48,58,0,-5
42,127359,60,233,48,58,0,-5
42,127376,60,228,48,58,0,-5
42,127393,60,223,48,58,0,-5
42,127410,60,218,48,58,0,-5
42,127426,60,213,48,58,0,-5
42,127443,60,208,48,58,0,-5
42,127460,60,203,48,58,0,-5
42,127477,60,198,48,58,0,-5
42,127494,60,193,48,58,0,-5
42,127510,60,188,48,58,0,-5
42,127526,60,183,48,58,0,-5
42,127543,60,178,48,58,0,-5
42,127561,60,173,48,58,0,-5
42,127578,60,168,48,58,0,-5
42,127595,60,163,48,58,0,-5
42,127611,60,158,48,58,0,-5
42,127628,60,153,48,58,0,-5
42,127645,60,148,48,58,0,-5
42,127662,60,143,48,58,0,-5
42,127679,60,138,48,58,0,-5
42,127696,60,133,48,58,0,-5
42,127713,60,128,48,58,0,-5
42,127730,60,123,48,58,0,-5
42,127747,60,118,48,58,0,-5
42,127764,60,113,48,58,0,-5
42,127781,60,108,48,58,0,-5
42,127798,60,103,48,58,0,-5
42,127815,60,98,48,58,0,-5
42,127832,60,93,48,58,0,-5
42,127848,60,88,48,58,0,-5
42,127865,60,83,48,58,0,-5
42,127882,60,78,48,58,0,-5
43,129487,360,380,175,356,-5,0
43,129504,355,380,175,356,-5,0
43,129520,350,380,175,356,-5,0
43,129536,345,380,175,356,-5,0
43,129552,340,380,175,356,-5,0
43,129569,335,380,175,356,-5,0
43,129585,330,380,175,356,-5,0
43,129602,325,380,175,356,-5,0
43,129619,320,380,175,356,-5,0
43,129635,315,380,175,356,-5,0
43,129652,310,380,175,356,-5,0
43,129669,305,380,175,356,-5,0
43,129686,300,380,175,356,-5,0
43,129703,295,380,175,356,-5,0
43,129719,290,380,175,356,-5,0
43,129736,285,380,175,356,-5,0
43,129753,280,380,175,356,-5,0
43,129769,275,380,175,356,-5,0
43,129786,270,380,175,356,-5,0
43,129803,265,380,175,356,-5,0
43,129819,260,380,175,356,-5,0
43,129836,255,380,175,356,-5,0
43,129852,250,380,175,356,-5,0
43,129869,245,380,175,356,-5,0
43,129886,240,380,175,356,-5,0
43,129904,235,380,175,356,-5,0
43,129920,230,380,175,356,-5,0
43,129937,225,380,175,356,-5,0
43,129954,220,380,175,356,-5,0
43,129971,215,380,175,356,-5,0
43,129988,210,380,175,356,-5,0
43,130005,205,380,175,356,-5,0
43,130022,200,380,175,356,-5,0
43,130039,195,380,175,356,-5,0
43,130056,190,380,175,356,-5,0
44,131790,744,82,419,193,0,5
44,131806,744,87,419,193,0,5
44,131823,744,92,419,193,0,5
44,131840,744,97,419,193,0,5
44,131856,744,102,419,193,0,5
44,131873,744,107,419,193,0,5
44,131890,744,112,419,193,0,5
44,131907,744,117,419,193,0,5
44,131923,744,122,419,193,0,5
44,131940,744,127,419,193,0,5
44,131956,744,132,419,193,0,5
44,131972,744,137,419,193,0,5
44,131989,744,142,419,193,0,5
44,132005,744,147,419,193,0,5
44,132021,744,152,419,193,0,5
44,132038,744,157,419,193,0,5
44,132055,744,162,419,193,0,5
44,132072,744,167,419,193,0,5
44,132089,744,172,419,193,0,5
44,132106,744,177,419,193,0,5
44,132123,744,182,419,193,0,5
44,132140,739,187,419,193,-5,5
44,132157,734,192,419,193,-5,5
44,132174,729,197,419,193,-5,5
44,132191,724,202,419,193,-5,5
44,132208,719,207,419,193,-5,5
44,132225,714,212,419,193,-5,5
44,132242,709,217,419,193,-5,5
44,132259,704,222,419,193,-5,5
44,132276,699,227,419,193,-5,5
44,132293,694,232,419,193,-5,5
44,132311,689,237,419,193,-5,5
44,132327,684,242,419,193,-5,5
44,132344,679,247,419,193,-5,5
44,132361,674,252,419,193,-5,5
44,132378,669,257,419,193,-5,5
44,132394,664,262,419,193,-5,5
44,132411,659,267,419,193,-5,5
44,132428,654,272,419,193,-5,5
44,132444,649,277,419,193,-5,5
44,132460,644,282,419,193,-5,5
44,132477,639,282,419,193,-5,0
44,132494,634,282,419,193,-5,0
44,132510,629,282,419,193,-5,0
44,132527,624,282,419,193,-5,0
44,132544,619,282,419,193,-5,0
44,132561,614,282,419,193,-5,0
44,132577,609,282,419,193,-5,0
44,132594,604,282,419,193,-5,0
44,132611,599,282,419,193,-5,0
44,132628,594,282,419,193,-5,0
44,132646,589,282,419,193,-5,0
44,132663,584,282,419,193,-5,0
44,132680,579,282,419,193,-5,0
44,132697,574,282,419,193,-5,0
44,132714,569,282,419,193,-5,0
44,132731,564,282,419,193,-5,0
44,132748,559,282,419,193,-5,0
44,132765,554,282,419,193,-5,0
44,132782,549,282,419,193,-5,0
44,132799,544,282,419,193,-5,0
44,132816,539,282,419,193,-5,0
44,132833,534,277,419,193,-5,-5
44,132850,529,272,419,193,-5,-5
44,132867,524,267,419,193,-5,-5
44,132884,519,262,419,193,-5,-5
44,132901,514,257,419,193,-5,-5
44,132918,509,252,419,193,-5,-5
44,132935,504,247,419,193,-5,-5
44,132952,499,242,419,193,-5,-5
44,132969,494,237,419,193,-5,-5
44,132986,489,232,419,193,-5,-5
44,133003,484,232,419,193,-5,0
44,133020,479,232,419,193,-5,0
44,133037,474,232,419,193,-5,0
44,133054,469,232,419,193,-5,0
44,133071,464,232,419,193,-5,0
44,133088,459,232,419,193,-5,0
44,133105,454,232,419,193,-5,0
44,133121,449,232,419,193,-5,0
44,133138,444,232,419,193,-5,0
44,133155,439,232,419,193,-5,0
44,133172,434,232,419,193,-5,0
44,133189,429,232,419,193,-5,0
44,133206,424,232,419,193,-5,0
44,133223,419,232,419,193,-5,0
44,133274,419,227,419,193,0,-5
44,133291,419,222,419,193,0,-5
44,133308,419,217,419,193,0,-5
44,133325,419,212,419,193,0,-5
44,133342,419,207,419,193,0,-5
44,133359,419,202,419,193,0,-5
45,135232,415,47,308,294,0,5
45,135249,415,52,308,294,0,5
45,135266,415,57,308,294,0,5
45,135283,415,62,308,294,0,5
45,135300,415,67,308,294,0,5
45,135317,415,72,308,294,0,5
45,135333,415,77,308,294,0,5
45,135350,415,82,308,294,0,5
45,135367,415,87,308,294,0,5
45,135384,415,92,308,294,0,5
45,135401,415,97,308,294,0,5
45,135418,415,102,308,294,0,5
45,135435,415,107,308,294,0,5
45,135451,415,112,308,294,0,5
45,135468,410,117,308,294,-5,5
45,135485,405,122,308,294,-5,5
45,135502,400,127,308,294,-5,5
45,135519,395,132,308,294,-5,5
45,135536,390,137,308,294,-5,5
45,135553,385,142,308,294,-5,5
45,135570,380,147,308,294,-5,5
45,135586,375,152,308,294,-5,5
45,135603,370,157,308,294,-5,5
45,135620,365,162,308,294,-5,5
45,135637,360,167,308,294,-5,5
45,135654,360,172,308,294,0,5
45,135671,360,177,308,294,0,5
45,135687,360,182,308,294,0,5
45,135704,360,187,308,294,0,5
45,135721,360,192,308,294,0,5
45,135738,360,197,308,294,0,5
45,135755,360,202,308,294,0,5
45,135772,360,207,308,294,0,5
45,135790,360,212,308,294,0,5
45,135806,360,217,308,294,0,5
45,135823,360,222,308,294,0,5
45,135840,360,227,308,294,0,5
45,135857,355,232,308,294,-5,5
45,135873,350,237,308,294,-5,5
45,135890,345,242,308,294,-5,5
45,135907,340,247,308,294,-5,5
45,135924,335,252,308,294,-5,5
45,135941,330,257,308,294,-5,5
45,135958,325,262,308,294,-5,5
45,135974,325,267,308,294,0,5
45,135991,325,272,308,294,0,5
45,136008,325,277,308,294,0,5
45,136025,325,282,308,294,0,5
45,136042,325,287,308,294,0,5
45,136059,325,292,308,294,0,5
46,137605,537,174,171,77,-5,0
46,137622,532,174,171,77,-5,0
46,137638,527,174,171,77,-5,0
46,137654,522,174,171,77,-5,0
46,137670,517,174,171,77,-5,0
46,137686,512,174,171,77,-5,0
46,137703,507,174,171,77,-5,0
46,137719,502,174,171,77,-5,0
46,137737,497,174,171,77,-5,0
46,137753,492,174,171,77,-5,0
46,137770,487,174,171,77,-5,0
46,137787,482,174,171,77,-5,0
46,137804,477,174,171,77,-5,0
46,137821,472,174,171,77,-5,0
46,137838,467,174,171,77,-5,0
46,137855,462,174,171,77,-5,0
46,137872,457,174,171,77,-5,0
46,137889,452,174,171,77,-5,0
46,137906,447,169,171,77,-5,-5
46,137923,442,164,171,77,-5,-5
46,137939,437,159,171,77,-5,-5
46,137956,432,154,171,77,-5,-5
46,137973,427,149,171,77,-5,-5
46,137990,422,144,171,77,-5,-5
46,138007,417,139,171,77,-5,-5
46,138024,412,134,171,77,-5,-5
46,138041,407,129,171,77,-5,-5
46,138057,402,124,171,77,-5,-5
46,138074,397,119,171,77,-5,-5
46,138091,392,114,171,77,-5,-5
46,138108,387,114,171,77,-5,0
46,138125,382,114,171,77,-5,0
46,138142,377,114,171,77,-5,0
46,138159,372,114,171,77,-5,0
46,138177,367,114,171,77,-5,0
46,138194,362,114,171,77,-5,0
46,138211,357,114,171,77,-5,0
46,138227,352,114,171,77,-5,0
46,138244,347,114,171,77,-5,0
46,138260,342,114,171,77,-5,0
46,138277,337,114,171,77,-5,0
46,138294,332,114,171,77,-5,0
46,138311,327,114,171,77,-5,0
46,138328,322,114,171,77,-5,0
46,138345,317,109,171,77,-5,-5
46,138362,312,104,171,77,-5,-5
46,138378,307,99,171,77,-5,-5
46,138395,302,94,171,77,-5,-5
46,138412,297,89,171,77,-5,-5
46,138429,292,84,171,77,-5,-5
46,138446,287,79,171,77,-5,-5
46,138463,282,79,171,77,-5,0
46,138480,277,79,171,77,-5,0
46,138496,272,79,171,77,-5,0
46,138513,267,79,171,77,-5,0
46,138530,262,79,171,77,-5,0
46,138547,257,79,171,77,-5,0
46,138564,252,79,171,77,-5,0
46,138581,247,79,171,77,-5,0
46,138597,242,79,171,77,-5,0
46,138614,237,79,171,77,-5,0
46,138631,232,79,171,77,-5,0
46,138648,227,79,171,77,-5,0
46,138665,222,79,171,77,-5,0
46,138682,217,79,171,77,-5,0
46,138698,212,79,171,77,-5,0
46,138716,207,79,171,77,-5,0
46,138733,202,79,171,77,-5,0
46,138750,197,79,171,77,-5,0
46,138767,192,79,171,77,-5,0
47,140338,44,11,111,277,0,5
47,140355,44,16,111,277,0,5
47,140372,44,21,111,277,0,5
47,140389,44,26,111,277,0,5
47,140406,44,31,111,277,0,5
47,140423,44,36,111,277,0,5
47,140439,44,41,111,277,0,5
47,140456,44,46,111,277,0,5
47,140472,44,51,111,277,0,5
47,140489,44,56,111,277,0,5
47,140506,44,61,111,277,0,5
47,140523,44,66,111,277,0,5
47,140540,44,71,111,277,0,5
47,140556,44,76,111,277,0,5
47,140573,44,81,111,277,0,5
47,140591,44,86,111,277,0,5
47,140608,44,91,111,277,0,5
47,140626,44,96,111,277,0,5
47,140643,44,101,111,277,0,5
47,140660,44,106,111,277,0,5
47,140677,44,111,111,277,0,5
47,140694,44,116,111,277,0,5
47,140711,44,121,111,277,0,5
47,140727,49,126,111,277,5,5
47,140744,54,131,111,277,5,5
47,140761,59,136,111,277,5,5
47,140778,64,141,111,277,5,5
47,140795,69,146,111,277,5,5
47,140812,74,151,111,277,5,5
47,140829,79,156,111,277,5,5
47,140846,84,161,111,277,5,5
47,140863,89,166,111,277,5,5
47,140880,94,171,111,277,5,5
47,140897,99,176,111,277,5,5
47,140914,104,181,111,277,5,5
47,140931,109,186,111,277,5,5
47,140947,114,191,111,277,5,5
47,140964,119,196,111,277,5,5
47,140981,119,201,111,277,0,5
47,140997,119,206,111,277,0,5
47,141014,119,211,111,277,0,5
47,141031,119,216,111,277,0,5
47,141048,119,221,111,277,0,5
47,141065,119,226,111,277,0,5
47,141081,119,231,111,277,0,5
47,141098,119,236,111,277,0,5
47,141115,119,241,111,277,0,5
47,141132,119,246,111,277,0,5
47,141149,119,251,111,277,0,5
47,141166,119,256,111,277,0,5
47,141183,119,261,111,277,0,5
47,141200,119,266,111,277,0,5
47,141216,119,271,111,277,0,5
47,141233,119,276,111,277,0,5
48,142890,482,110,704,413,0,5
48,142907,482,115,704,413,0,5
48,142924,482,120,704,413,0,5
48,142941,482,125,704,413,0,5
48,142959,482,130,704,413,0,5
48,142976,482,135,704,413,0,5
48,142993,482,140,704,413,0,5
48,143010,482,145,704,413,0,5
48,143027,482,150,704,413,0,5
48,143044,482,155,704,413,0,5
48,143061,482,160,704,413,0,5
48,143078,482,165,704,413,0,5
48,143095,482,170,704,413,0,5
48,143112,482,175,704,413,0,5
48,143129,482,180,704,413,0,5
48,143145,482,185,704,413,0,5
48,143162,482,190,704,413,0,5
48,143179,482,195,704,413,0,5
48,143196,482,200,704,413,0,5
48,143213,482,205,704,413,0,5
48,143230,482,210,704,413,0,5
48,143247,482,215,704,413,0,5
48,143263,482,220,704,413,0,5
48,143280,482,225,704,413,0,5
48,143297,482,230,704,413,0,5
48,143315,482,235,704,413,0,5
48,143331,487,240,704,413,5,5
48,143348,492,245,704,413,5,5
48,143365,497,250,704,413,5,5
48,143382,502,255,704,413,5,5
48,143399,507,260,704,413,5,5
48,143416,512,265,704,413,5,5
48,143433,517,270,704,413,5,5
48,143450,522,275,704,413,5,5
48,143467,527,280,704,413,5,5
48,143484,532,285,704,413,5,5
48,143501,537,290,704,413,5,5
48,143519,542,295,704,413,5,5
48,143536,547,300,704,413,5,5
48,143553,552,305,704,413,5,5
48,143570,557,310,704,413,5,5
48,143586,562,315,704,413,5,5
48,143603,567,320,704,413,5,5
48,143621,572,325,704,413,5,5
48,143637,577,330,704,413,5,5
48,143653,582,335,704,413,5,5
48,143669,587,340,704,413,5,5
48,143686,592,345,704,413,5,5
48,143703,597,350,704,413,5,5
48,143721,602,355,704,413,5,5
48,143738,607,360,704,413,5,5
48,143756,612,365,704,413,5,5
48,143771,617,370,704,413,5,5
48,143788,622,375,704,413,5,5
48,143805,627,380,704,413,5,5
48,143823,632,385,704,413,5,5
48,143840,637,390,704,413,5,5
48,143858,642,395,704,413,5,5
48,143875,647,400,704,413,5,5
48,143892,652,400,704,413,5,0
48,143909,657,400,704,413,5,0
48,143926,662,400,704,413,5,0
48,143943,667,400,704,413,5,0
48,143960,672,400,704,413,5,0
48,143977,677,400,704,413,5,0
48,143994,682,400,704,413,5,0
48,144011,687,400,704,413,5,0
48,144028,692,400,704,413,5,0
48,144045,697,400,704,413,5,0
48,144062,702,400,704,413,5,0
48,144079,707,400,704,413,5,0
48,144095,712,400,704,413,5,0
48,144111,717,400,704,413,5,0
48,144128,722,400,704,413,5,0
48,144145,727,400,704,413,5,0
48,144162,732,400,704,413,5,0
48,144179,737,400,704,413,5,0
48,144196,742,400,704,413,5,0
48,144213,747,400,704,413,5,0
49,146133,193,465,715,366,5,0
49,146150,198,465,715,366,5,0
49,146167,203,465,715,366,5,0
49,146184,208,465,715,366,5,0
49,146201,213,465,715,366,5,0
49,146217,218,465,715,366,5,0
49,146234,223,465,715,366,5,0
49,146251,228,465,715,366,5,0
49,146268,233,465,715,366,5,0
49,146285,238,465,715,366,5,0
49,146305,243,465,715,366,5,0
49,146323,248,465,715,366,5,0
49,146339,253,465,715,366,5,0
49,146356,258,465,715,366,5,0
49,146373,263,460,715,366,5,-5
49,146390,268,455,715,366,5,-5
49,146407,273,450,715,366,5,-5
49,146424,278,445,715,366,5,-5
49,146441,283,440,715,366,5,-5
49,146457,288,435,715,366,5,-5
49,146474,293,430,715,366,5,-5
49,146491,298,425,715,366,5,-5
49,146508,303,420,715,366,5,-5
49,146525,308,415,715,366,5,-5
49,146542,313,410,715,366,5,-5
49,146559,318,405,715,366,5,-5
49,146576,323,400,715,366,5,-5
49,146594,328,395,715,366,5,-5
49,146611,333,390,715,366,5,-5
49,146628,338,385,715,366,5,-5
49,146645,343,380,715,366,5,-5
49,146662,348,375,715,366,5,-5
49,146679,353,370,715,366,5,-5
49,146695,358,365,715,366,5,-5
49,146712,363,365,715,366,5,0
49,146729,368,365,715,366,5,0
49,146746,373,365,715,366,5,0
49,146763,378,365,715,366,5,0
49,146780,383,365,715,366,5,0
49,146797,388,365,715,366,5,0
49,146813,393,365,715,366,5,0
49,146830,398,365,715,366,5,0
49,146848,403,365,715,366,5,0
49,146864,408,365,715,366,5,0
49,146881,413,365,715,366,5,0
49,146898,418,365,715,366,5,0
49,146915,423,365,715,366,5,0
49,146932,428,365,715,366,5,0
49,146949,433,365,715,366,5,0
49,146966,438,365,715,366,5,0
49,146983,443,365,715,366,5,0
49,147000,448,365,715,366,5,0
49,147017,453,365,715,366,5,0
49,147034,458,365,715,366,5,0
49,147051,463,370,715,366,5,5
49,147067,468,375,715,366,5,5
49,147084,473,380,715,366,5,5
49,147101,478,385,715,366,5,5
49,147117,483,390,715,366,5,5
49,147134,488,395,715,366,5,5
49,147151,493,395,715,366,5,0
49,147168,498,395,715,366,5,0
49,147185,503,395,715,366,5,0
49,147202,508,395,715,366,5,0
49,147218,513,395,715,366,5,0
49,147235,518,395,715,366,5,0
49,147251,523,395,715,366,5,0
49,147267,528,395,715,366,5,0
49,147284,533,395,715,366,5,0
49,147301,538,395,715,366,5,0
49,147318,543,395,715,366,5,0
49,147335,548,395,715,366,5,0
49,147352,553,395,715,366,5,0
49,147369,558,395,715,366,5,0
49,147386,563,390,715,366,5,-5
49,147403,568,385,715,366,5,-5
49,147419,573,380,715,366,5,-5
49,147436,578,375,715,366,5,-5
49,147452,583,375,715,366,5,0
49,147469,588,375,715,366,5,0
49,147486,593,375,715,366,5,0
49,147502,598,375,715,366,5,0
49,147518,603,375,715,366,5,0
49,147535,608,375,715,366,5,0
49,147552,613,375,715,366,5,0
49,147569,618,375,715,366,5,0
49,147585,623,375,715,366,5,0
49,147602,628,375,715,366,5,0
49,147619,633,375,715,366,5,0
49,147635,638,375,715,366,5,0
49,147651,643,375,715,366,5,0
49,147668,648,375,715,366,5,0
49,147685,653,375,715,366,5,0
49,147702,658,375,715,366,5,0
49,147719,663,375,715,366,5,0
49,147736,668,375,715,366,5,0
49,147753,673,375,715,366,5,0
49,147770,678,375,715,366,5,0
49,147787,683,375,715,366,5,0
49,147804,688,375,715,366,5,0
49,147821,693,375,715,366,5,0
49,147838,698,375,715,366,5,0
49,147854,703,375,715,366,5,0
49,147872,708,375,715,366,5,0
49,147889,713,375,715,366,5,0
50,149423,656,52,324,216,0,5
50,149440,656,57,324,216,0,5
50,149456,656,62,324,216,0,5
50,149473,656,67,324,216,0,5
50,149490,656,72,324,216,0,5
50,149507,656,77,324,216,0,5
50,149524,656,82,324,216,0,5
50,149541,656,87,324,216,0,5
50,149558,656,92,324,216,0,5
50,149575,656,97,324,216,0,5
50,149592,656,102,324,216,0,5
50,149609,656,107,324,216,0,5
50,149626,656,112,324,216,0,5
50,149643,656,117,324,216,0,5
50,149660,656,122,324,216,0,5
50,149677,656,127,324,216,0,5
50,149694,651,132,324,216,-5,5
50,149712,646,137,324,216,-5,5
50,149729,641,142,324,216,-5,5
50,149746,636,147,324,216,-5,5
50,149763,631,152,324,216,-5,5
50,149780,626,157,324,216,-5,5
50,149796,621,162,324,216,-5,5
50,149813,616,167,324,216,-5,5
50,149830,611,172,324,216,-5,5
50,149847,606,177,324,216,-5,5
50,149864,601,182,324,216,-5,5
50,149881,596,187,324,216,-5,5
50,149898,591,192,324,216,-5,5
50,149914,586,197,324,216,-5,5
50,149931,581,202,324,216,-5,5
50,149947,576,207,324,216,-5,5
50,149964,571,212,324,216,-5,5
50,149981,566,217,324,216,-5,5
50,149998,561,222,324,216,-5,5
50,150015,556,227,324,216,-5,5
50,150032,551,232,324,216,-5,5
50,150049,546,237,324,216,-5,5
50,150066,541,242,324,216,-5,5
50,150083,536,247,324,216,-5,5
50,150100,531,252,324,216,-5,5
50,150117,526,252,324,216,-5,0
50,150134,521,252,324,216,-5,0
50,150151,516,252,324,216,-5,0
50,150168,511,252,324,216,-5,0
50,150185,506,252,324,216,-5,0
50,150202,501,252,324,216,-5,0
50,150219,496,252,324,216,-5,0
50,150236,491,252,324,216,-5,0
50,150253,486,252,324,216,-5,0
50,150270,481,252,324,216,-5,0
50,150287,476,252,324,216,-5,0
50,150304,471,252,324,216,-5,0
50,150321,466,252,324,216,-5,0
50,150338,461,252,324,216,-5,0
50,150355,456,252,324,216,-5,0
50,150372,451,252,324,216,-5,0
50,150389,446,252,324,216,-5,0
50,150406,441,252,324,216,-5,0
50,150423,436,247,324,216,-5,-5
50,150440,431,242,324,216,-5,-5
50,150456,426,237,324,216,-5,-5
50,150473,421,232,324,216,-5,-5
50,150490,416,232,324,216,-5,0
50,150507,411,232,324,216,-5,0
50,150524,406,232,324,216,-5,0
50,150541,401,232,324,216,-5,0
50,150559,396,232,324,216,-5,0
50,150575,391,232,324,216,-5,0
50,150592,386,232,324,216,-5,0
50,150609,381,232,324,216,-5,0
50,150626,376,232,324,216,-5,0
50,150643,371,232,324,216,-5,0
50,150660,366,232,324,216,-5,0
50,150677,361,232,324,216,-5,0
50,150694,356,232,324,216,-5,0
50,150711,351,232,324,216,-5,0
50,150728,346,232,324,216,-5,0
51,152662,630,493,457,333,0,-5
51,152679,630,488,457,333,0,-5
51,152697,630,483,457,333,0,-5
51,152715,625,478,457,333,-5,-5
51,152732,620,473,457,333,-5,-5
51,152749,615,468,457,333,-5,-5
51,152765,610,463,457,333,-5,-5
51,152781,605,458,457,333,-5,-5
51,152797,600,453,457,333,-5,-5
51,152814,595,448,457,333,-5,-5
51,152831,590,443,457,333,-5,-5
51,152848,585,438,457,333,-5,-5
51,152865,580,433,457,333,-5,-5
51,152882,575,428,457,333,-5,-5
51,152899,570,423,457,333,-5,-5
51,152916,565,418,457,333,-5,-5
51,152933,560,413,457,333,-5,-5
51,152950,555,408,457,333,-5,-5
51,152968,550,403,457,333,-5,-5
51,152985,545,398,457,333,-5,-5
51,153003,540,393,457,333,-5,-5
51,153020,535,388,457,333,-5,-5
51,153038,530,383,457,333,-5,-5
51,153054,525,378,457,333,-5,-5
51,153071,520,373,457,333,-5,-5
51,153087,515,368,457,333,-5,-5
51,153104,510,363,457,333,-5,-5
51,153121,505,358,457,333,-5,-5
51,153138,500,353,457,333,-5,-5
51,153154,495,348,457,333,-5,-5
51,153171,490,343,457,333,-5,-5
51,153188,485,338,457,333,-5,-5
51,153205,480,333,457,333,-5,-5
51,153221,475,328,457,333,-5,-5
51,153238,470,328,457,333,-5,0
51,153255,465,328,457,333,-5,0
51,153272,460,328,457,333,-5,0
51,153610,460,333,457,333,0,5
52,155550,225,32,461,526,5,0
52,155567,230,32,461,526,5,0
52,155583,235,32,461,526,5,0
52,155600,240,32,461,526,5,0
52,155617,245,32,461,526,5,0
52,155634,250,32,461,526,5,0
52,155651,255,32,461,526,5,0
52,155669,260,32,461,526,5,0
52,155685,265,32,461,526,5,0
52,155702,270,32,461,526,5,0
52,155719,275,37,461,526,5,5
52,155735,280,42,461,526,5,5
52,155751,285,47,461,526,5,5
52,155768,290,52,461,526,5,5
52,155785,295,57,461,526,5,5
52,155801,300,62,461,526,5,5
52,155818,305,67,461,526,5,5
52,155835,310,72,461,526,5,5
52,155852,315,77,461,526,5,5
52,155869,320,82,461,526,5,5
52,155886,325,87,461,526,5,5
52,155903,330,92,461,526,5,5
52,155920,335,97,461,526,5,5
52,155937,340,102,461,526,5,5
52,155953,345,107,461,526,5,5
52,155970,350,112,461,526,5,5
52,155986,355,117,461,526,5,5
52,156003,360,122,461,526,5,5
52,156019,365,127,461,526,5,5
52,156035,370,132,461,526,5,5
52,156052,375,137,461,526,5,5
52,156068,380,142,461,526,5,5
52,156085,385,147,461,526,5,5
52,156102,390,152,461,526,5,5
52,156119,395,157,461,526,5,5
52,156136,400,162,461,526,5,5
52,156152,405,167,461,526,5,5
52,156169,410,172,461,526,5,5
52,156187,415,177,461,526,5,5
52,156203,420,182,461,526,5,5
52,156219,425,187,461,526,5,5
52,156235,430,192,461,526,5,5
52,156252,435,197,461,526,5,5
52,156269,440,202,461,526,5,5
52,156286,445,207,461,526,5,5
52,156303,450,212,461,526,5,5
52,156320,455,212,461,526,5,0
52,156337,460,212,461,526,5,0
52,156354,465,212,461,526,5,0
52,156371,470,212,461,526,5,0
52,156389,475,212,461,526,5,0
52,156407,480,212,461,526,5,0
52,156422,485,212,461,526,5,0
52,156439,490,212,461,526,5,0
52,156456,495,212,461,526,5,0
52,156473,500,212,461,526,5,0
52,156490,505,212,461,526,5,0
52,156507,510,212,461,526,5,0
52,156524,515,212,461,526,5,0
52,156541,520,212,461,526,5,0
52,156558,525,212,461,526,5,0
52,156574,530,212,461,526,5,0
52,156591,535,212,461,526,5,0
52,156608,540,212,461,526,5,0
52,156625,545,212,461,526,5,0
52,156642,550,217,461,526,5,5
52,156659,555,222,461,526,5,5
52,156676,560,227,461,526,5,5
52,156693,565,232,461,526,5,5
52,156710,570,237,461,526,5,5
52,156727,575,242,461,526,5,5
52,156744,580,247,461,526,5,5
52,156760,585,252,461,526,5,5
52,156776,590,257,461,526,5,5
52,156793,585,262,461,526,-5,5
52,156810,580,267,461,526,-5,5
52,156827,575,267,461,526,-5,0
52,157602,575,272,461,526,0,5
52,157618,575,277,461,526,0,5
52,157636,575,282,461,526,0,5
52,157652,575,287,461,526,0,5
52,157669,575,292,461,526,0,5
52,157686,575,297,461,526,0,5
52,157703,575,302,461,526,0,5
52,157720,575,307,461,526,0,5
52,157737,575,312,461,526,0,5
52,157754,575,317,461,526,0,5
52,157771,575,322,461,526,0,5
52,157788,575,327,461,526,0,5
52,157806,575,332,461,526,0,5
52,157823,575,337,461,526,0,5
52,157840,575,342,461,526,0,5
52,157857,575,347,461,526,0,5
52,157874,575,352,461,526,0,5
52,157891,575,357,461,526,0,5
52,157908,570,362,461,526,-5,5
52,157925,565,362,461,526,-5,0
52,157942,560,362,461,526,-5,0
52,157959,555,362,461,526,-5,0
52,157976,550,362,461,526,-5,0
52,157993,545,362,461,526,-5,0
52,158010,540,362,461,526,-5,0
52,158027,535,362,461,526,-5,0
52,158044,530,362,461,526,-5,0
52,158061,525,362,461,526,-5,0
52,158078,520,362,461,526,-5,0
52,158095,515,362,461,526,-5,0
52,158112,510,362,461,526,-5,0
52,158130,505,362,461,526,-5,0
52,158147,500,362,461,526,-5,0
52,158164,495,362,461,526,-5,0
52,158181,490,367,461,526,-5,5
52,158198,485,372,461,526,-5,5
52,158215,480,377,461,526,-5,5
52,158232,475,382,461,526,-5,5
52,158249,470,387,461,526,-5,5
52,158266,465,392,461,526,-5,5
52,158283,460,397,461,526,-5,5
52,158300,455,402,461,526,-5,5
52,158316,450,407,461,526,-5,5
52,158333,445,412,461,526,-5,5
52,158350,440,417,461,526,-5,5
52,158367,435,417,461,526,-5,0
52,158386,430,417,461,526,-5,0
52,158402,425,417,461,526,-5,0
52,158419,420,417,461,526,-5,0
52,158436,415,417,461,526,-5,0
52,158452,410,417,461,526,-5,0
52,158622,415,417,461,526,5,0
52,158639,420,417,461,526,5,0
52,158656,425,417,461,526,5,0
52,158673,430,417,461,526,5,0
52,158691,435,417,461,526,5,0
52,158708,440,417,461,526,5,0
52,158725,445,417,461,526,5,0
52,158742,450,417,461,526,5,0
52,158758,455,417,461,526,5,0
52,158774,460,417,461,526,5,0
52,158791,465,417,461,526,5,0
52,158807,470,417,461,526,5,0
52,158823,475,417,461,526,5,0
52,158840,480,417,461,526,5,0
52,158857,485,422,461,526,5,5
52,158873,485,427,461,526,0,5
52,158889,485,432,461,526,0,5
52,158905,485,437,461,526,0,5
52,158922,485,442,461,526,0,5
52,158939,485,447,461,526,0,5
52,158956,485,452,461,526,0,5
52,158973,485,457,461,526,0,5
52,158989,485,462,461,526,0,5
52,159006,485,467,461,526,0,5
52,159023,485,472,461,526,0,5
52,159040,485,477,461,526,0,5
52,159057,485,482,461,526,0,5
52,159074,485,487,461,526,0,5
52,159091,485,492,461,526,0,5
52,159107,485,497,461,526,0,5
52,159124,485,502,461,526,0,5
52,159141,485,507,461,526,0,5
52,159158,485,512,461,526,0,5
52,159174,485,517,461,526,0,5
52,159191,485,522,461,526,0,5
52,159208,485,527,461,526,0,5
53,160789,471,187,617,109,5,0
53,160805,476,187,617,109,5,0
53,160821,481,187,617,109,5,0
53,160838,486,187,617,109,5,0
53,160855,491,187,617,109,5,0
53,160872,496,187,617,109,5,0
53,160889,501,187,617,109,5,0
53,160906,506,187,617,109,5,0
53,160923,511,187,617,109,5,0
53,160939,516,187,617,109,5,0
53,160956,521,187,617,109,5,0
53,160973,526,187,617,109,5,0
53,160989,531,187,617,109,5,0
53,161005,536,187,617,109,5,0
53,161022,541,187,617,109,5,0
53,161039,546,182,617,109,5,-5
53,161056,551,177,617,109,5,-5
53,161074,556,172,617,109,5,-5
53,161091,561,167,617,109,5,-5
53,161108,566,162,617,109,5,-5
53,161124,571,157,617,109,5,-5
53,161141,576,152,617,109,5,-5
53,161158,581,147,617,109,5,-5
53,161176,586,142,617,109,5,-5
53,161193,591,137,617,109,5,-5
53,161210,596,132,617,109,5,-5
53,161227,601,127,617,109,5,-5
53,161244,606,127,617,109,5,0
53,161261,611,127,617,109,5,0
53,161279,616,127,617,109,5,0
54,162964,522,131,641,397,5,0
54,162981,527,131,641,397,5,0
54,162998,532,131,641,397,5,0
54,163015,537,131,641,397,5,0
54,163033,542,131,641,397,5,0
54,163050,547,136,641,397,5,5
54,163066,552,141,641,397,5,5
54,163083,557,146,641,397,5,5
54,163099,562,151,641,397,5,5
54,163116,567,156,641,397,5,5
54,163134,572,161,641,397,5,5
54,163151,577,166,641,397,5,5
54,163168,582,171,641,397,5,5
54,163185,587,176,641,397,5,5
54,163202,592,181,641,397,5,5
54,163219,597,186,641,397,5,5
54,163236,602,191,641,397,5,5
54,163253,607,196,641,397,5,5
54,163270,612,201,641,397,5,5
54,163287,617,206,641,397,5,5
54,163302,622,211,641,397,5,5
54,163319,627,216,641,397,5,5
54,163337,632,221,641,397,5,5
54,163353,637,226,641,397,5,5
54,163369,642,231,641,397,5,5
54,163385,647,236,641,397,5,5
54,163403,652,241,641,397,5,5
54,163419,657,246,641,397,5,5
54,163436,662,251,641,397,5,5
54,163453,667,256,641,397,5,5
54,163471,672,261,641,397,5,5
54,163488,677,266,641,397,5,5
54,163505,682,271,641,397,5,5
54,163522,687,276,641,397,5,5
54,163539,692,281,641,397,5,5
54,163556,697,286,641,397,5,5
54,163573,702,291,641,397,5,5
54,163590,702,296,641,397,0,5
54,163607,702,301,641,397,0,5
54,163624,702,306,641,397,0,5
54,163640,702,311,641,397,0,5
54,163656,697,316,641,397,-5,5
54,163672,692,321,641,397,-5,5
54,163689,687,326,641,397,-5,5
54,163706,682,331,641,397,-5,5
54,163723,677,336,641,397,-5,5
54,163740,672,341,641,397,-5,5
54,163757,667,346,641,397,-5,5
54,163774,662,351,641,397,-5,5
54,163791,657,356,641,397,-5,5
54,163808,652,361,641,397,-5,5
54,163825,647,366,641,397,-5,5
54,163842,642,371,641,397,-5,5
54,163859,637,376,641,397,-5,5
54,163876,632,381,641,397,-5,5
54,163893,627,386,641,397,-5,5
54,163910,627,391,641,397,0,5
54,164079,632,391,641,397,5,0
54,164096,637,391,641,397,5,0
54,164113,642,391,641,397,5,0
54,164130,647,391,641,397,5,0
54,164147,652,391,641,397,5,0
54,164164,657,391,641,397,5,0
54,164181,662,391,641,397,5,0
54,164198,667,391,641,397,5,0
54,164216,672,391,641,397,5,0
54,164233,677,391,641,397,5,0
54,164383,672,391,641,397,-5,0
54,164400,667,391,641,397,-5,0
54,164417,662,391,641,397,-5,0
54,164433,657,391,641,397,-5,0
54,164450,652,391,641,397,-5,0
54,164467,647,391,641,397,-5,0
54,164483,642,391,641,397,-5,0
54,164837,642,396,641,397,0,5
55,166489,704,29,724,276,0,5
55,166506,704,34,724,276,0,5
55,166522,704,39,724,276,0,5
55,166539,704,44,724,276,0,5
55,166556,704,49,724,276,0,5
55,166573,704,54,724,276,0,5
55,166590,704,59,724,276,0,5
55,166607,704,64,724,276,0,5
55,166624,704,69,724,276,0,5
55,166641,704,74,724,276,0,5
55,166657,704,79,724,276,0,5
55,166673,704,84,724,276,0,5
55,166690,704,89,724,276,0,5
55,166707,704,94,724,276,0,5
55,166724,704,99,724,276,0,5
55,166741,704,104,724,276,0,5
55,166757,704,109,724,276,0,5
55,166774,704,114,724,276,0,5
55,166791,704,119,724,276,0,5
55,166808,704,124,724,276,0,5
55,166825,704,129,724,276,0,5
55,166842,704,134,724,276,0,5
55,166859,704,139,724,276,0,5
55,166876,704,144,724,276,0,5
55,166892,704,149,724,276,0,5
55,166909,704,154,724,276,0,5
55,166926,704,159,724,276,0,5
55,166943,704,164,724,276,0,5
55,166960,709,169,724,276,5,5
55,166977,714,174,724,276,5,5
55,166994,719,179,724,276,5,5
55,167011,724,184,724,276,5,5
55,167028,729,189,724,276,5,5
55,167045,734,194,724,276,5,5
55,167061,739,199,724,276,5,5
55,167078,739,204,724,276,0,5
55,167095,739,209,724,276,0,5
55,167113,739,214,724,276,0,5
55,167130,739,219,724,276,0,5
55,167147,739,224,724,276,0,5
55,167164,739,229,724,276,0,5
55,167181,739,234,724,276,0,5
55,167197,739,239,724,276,0,5
55,167213,739,244,724,276,0,5
55,167230,739,249,724,276,0,5
55,167247,739,254,724,276,0,5
55,167264,739,259,724,276,0,5
55,167281,739,264,724,276,0,5
55,167298,739,269,724,276,0,5
55,167315,739,274,724,276,0,5
56,169233,686,416,608,42,0,-5
56,169250,686,411,608,42,0,-5
56,169267,686,406,608,42,0,-5
56,169284,686,401,608,42,0,-5
56,169301,686,396,608,42,0,-5
56,169318,686,391,608,42,0,-5
56,169336,686,386,608,42,0,-5
56,169352,686,381,608,42,0,-5
56,169369,686,376,608,42,0,-5
56,169386,686,371,608,42,0,-5
56,169403,686,366,608,42,0,-5
56,169419,686,361,608,42,0,-5
56,169436,686,356,608,42,0,-5
56,169453,686,351,608,42,0,-5
56,169470,686,346,608,42,0,-5
56,169487,681,341,608,42,-5,-5
56,169504,676,336,608,42,-5,-5
56,169521,671,331,608,42,-5,-5
56,169538,666,326,608,42,-5,-5
56,169555,661,321,608,42,-5,-5
56,169572,656,316,608,42,-5,-5
56,169589,651,311,608,42,-5,-5
56,169606,646,306,608,42,-5,-5
56,169623,641,301,608,42,-5,-5
56,169640,636,296,608,42,-5,-5
56,169656,631,291,608,42,-5,-5
56,169673,631,286,608,42,0,-5
56,169689,631,281,608,42,0,-5
56,169706,631,276,608,42,0,-5
56,169723,631,271,608,42,0,-5
56,169740,631,266,608,42,0,-5
56,169757,631,261,608,42,0,-5
56,169774,631,256,608,42,0,-5
56,169791,631,251,608,42,0,-5
56,169807,631,246,608,42,0,-5
56,169824,631,241,608,42,0,-5
56,169841,631,236,608,42,0,-5
56,169858,631,231,608,42,0,-5
56,169875,631,226,608,42,0,-5
56,169892,631,221,608,42,0,-5
56,169908,631,216,608,42,0,-5
56,169925,631,211,608,42,0,-5
56,169942,631,206,608,42,0,-5
56,169959,631,201,608,42,0,-5
56,169976,631,196,608,42,0,-5
56,169993,631,191,608,42,0,-5
56,170009,631,186,608,42,0,-5
56,170026,626,181,608,42,-5,-5
56,170043,621,176,608,42,-5,-5
56,170060,616,171,608,42,-5,-5
56,170077,611,166,608,42,-5,-5
56,170094,611,161,608,42,0,-5
56,170111,611,156,608,42,0,-5
56,170128,611,151,608,42,0,-5
56,170145,611,146,608,42,0,-5
56,170162,611,141,608,42,0,-5
56,170179,611,136,608,42,0,-5
56,170196,611,131,608,42,0,-5
56,170213,611,126,608,42,0,-5
56,170230,611,121,608,42,0,-5
56,170247,611,116,608,42,0,-5
56,170264,611,111,608,42,0,-5
56,170281,611,106,608,42,0,-5
56,170298,611,101,608,42,0,-5
56,170315,611,96,608,42,0,-5
56,170332,611,91,608,42,0,-5
56,170349,611,86,608,42,0,-5
56,170366,611,81,608,42,0,-5
56,170383,611,76,608,42,0,-5
56,170400,611,71,608,42,0,-5
56,170417,611,66,608,42,0,-5
57,172131,692,52,574,478,0,5
57,172148,692,57,574,478,0,5
57,172164,692,62,574,478,0,5
57,172182,692,67,574,478,0,5
57,172198,692,72,574,478,0,5
57,172214,692,77,574,478,0,5
57,172231,692,82,574,478,0,5
57,172248,692,87,574,478,0,5
57,172265,692,92,574,478,0,5
57,172282,692,97,574,478,0,5
57,172298,692,102,574,478,0,5
57,172314,692,107,574,478,0,5
57,172331,692,112,574,478,0,5
57,172348,692,117,574,478,0,5
57,172365,692,122,574,478,0,5
57,172382,692,127,574,478,0,5
57,172399,692,132,574,478,0,5
57,172416,692,137,574,478,0,5
57,172432,692,142,574,478,0,5
57,172448,692,147,574,478,0,5
57,172464,692,152,574,478,0,5
57,172481,692,157,574,478,0,5
57,172498,687,162,574,478,-5,5
57,172514,682,167,574,478,-5,5
57,172530,677,172,574,478,-5,5
57,172547,672,177,574,478,-5,5
57,172564,667,182,574,478,-5,5
57,172581,662,187,574,478,-5,5
57,172598,657,192,574,478,-5,5
57,172614,652,197,574,478,-5,5
57,172631,647,202,574,478,-5,5
57,172648,642,207,574,478,-5,5
57,172665,637,212,574,478,-5,5
57,172682,632,217,574,478,-5,5
57,172699,627,222,574,478,-5,5
57,172716,622,227,574,478,-5,5
57,172733,622,232,574,478,0,5
57,172749,622,237,574,478,0,5
57,172766,622,242,574,478,0,5
57,172782,622,247,574,478,0,5
57,172799,622,252,574,478,0,5
57,172816,622,257,574,478,0,5
57,172833,622,262,574,478,0,5
57,172850,622,267,574,478,0,5
57,172867,622,272,574,478,0,5
57,172884,622,277,574,478,0,5
57,172901,622,282,574,478,0,5
57,172917,622,287,574,478,0,5
57,172934,622,292,574,478,0,5
57,172951,617,297,574,478,-5,5
57,172968,612,302,574,478,-5,5
57,172984,607,307,574,478,-5,5
57,173001,602,312,574,478,-5,5
57,173018,597,317,574,478,-5,5
57,173035,597,322,574,478,0,5
57,173051,597,327,574,478,0,5
57,173067,597,332,574,478,0,5
57,173084,597,337,574,478,0,5
57,173101,597,342,574,478,0,5
57,173117,597,347,574,478,0,5
57,173133,597,352,574,478,0,5
57,173150,597,357,574,478,0,5
57,173167,597,362,574,478,0,5
57,173184,597,367,574,478,0,5
57,173200,597,372,574,478,0,5
57,173217,597,377,574,478,0,5
57,173234,597,382,574,478,0,5
57,173251,597,387,574,478,0,5
57,173269,597,392,574,478,0,5
57,173286,597,397,574,478,0,5
57,173303,597,402,574,478,0,5
57,173320,597,407,574,478,0,5
57,173337,597,412,574,478,0,5
57,173354,597,417,574,478,0,5
57,173371,597,422,574,478,0,5
57,173387,597,427,574,478,0,5
57,173404,597,432,574,478,0,5
57,173421,597,437,574,478,0,5
57,173438,597,442,574,478,0,5
57,173455,597,447,574,478,0,5
57,173472,597,452,574,478,0,5
57,173489,597,457,574,478,0,5
57,173505,597,462,574,478,0,5
57,173522,597,467,574,478,0,5
57,173539,597,472,574,478,0,5
57,173556,597,477,574,478,0,5
57,173573,597,482,574,478,0,5
57,173590,597,487,574,478,0,5
57,173607,597,492,574,478,0,5
57,173624,597,497,574,478,0,5
58,175230,207,225,517,160,5,0
58,175247,212,225,517,160,5,0
58,175264,217,225,517,160,5,0
58,175281,222,225,517,160,5,0
58,175298,227,225,517,160,5,0
58,175315,232,225,517,160,5,0
58,175332,237,225,517,160,5,0
58,175349,242,225,517,160,5,0
58,175366,247,225,517,160,5,0
58,175383,252,225,517,160,5,0
58,175400,257,225,517,160,5,0
58,175417,262,225,517,160,5,0
58,175433,267,225,517,160,5,0
58,175450,272,220,517,160,5,-5
58,175467,277,215,517,160,5,-5
58,175484,282,210,517,160,5,-5
58,175501,287,205,517,160,5,-5
58,175517,292,200,517,160,5,-5
58,175534,297,195,517,160,5,-5
58,175551,302,190,517,160,5,-5
58,175568,307,190,517,160,5,0
58,175585,312,190,517,160,5,0
58,175603,317,190,517,160,5,0
58,175620,322,190,517,160,5,0
58,175637,327,190,517,160,5,0
58,175654,332,190,517,160,5,0
58,175671,337,190,517,160,5,0
58,175688,342,190,517,160,5,0
58,175705,347,190,517,160,5,0
58,175721,352,190,517,160,5,0
58,175737,357,190,517,160,5,0
58,175754,362,190,517,160,5,0
58,175771,367,185,517,160,5,-5
58,175788,372,180,517,160,5,-5
58,175805,377,175,517,160,5,-5
58,175822,382,170,517,160,5,-5
58,175840,387,165,517,160,5,-5
58,175856,392,165,517,160,5,0
58,175873,397,165,517,160,5,0
58,175889,402,165,517,160,5,0
58,175906,407,165,517,160,5,0
58,175923,412,165,517,160,5,0
58,175939,417,165,517,160,5,0
58,175956,422,165,517,160,5,0
58,175973,427,165,517,160,5,0
58,175989,432,165,517,160,5,0
58,176006,437,165,517,160,5,0
58,176022,442,165,517,160,5,0
58,176039,447,165,517,160,5,0
58,176056,452,165,517,160,5,0
58,176073,457,165,517,160,5,0
58,176090,462,165,517,160,5,0
58,176107,467,165,517,160,5,0
58,176124,472,165,517,160,5,0
58,176141,477,165,517,160,5,0
58,176158,482,165,517,160,5,0
58,176174,487,165,517,160,5,0
58,176191,492,165,517,160,5,0
58,176207,497,165,517,160,5,0
58,176225,502,165,517,160,5,0
58,176241,507,165,517,160,5,0
58,176258,512,165,517,160,5,0
58,176275,517,165,517,160,5,0
59,177862,147,311,130,119,0,-5
59,177879,147,306,130,119,0,-5
59,177896,147,301,130,119,0,-5
59,177913,147,296,130,119,0,-5
59,177930,147,291,130,119,0,-5
59,177947,147,286,130,119,0,-5
59,177964,147,281,130,119,0,-5
59,177981,147,276,130,119,0,-5
59,177998,147,271,130,119,0,-5
59,178014,147,266,130,119,0,-5
59,178031,147,261,130,119,0,-5
59,178048,147,256,130,119,0,-5
59,178064,147,251,130,119,0,-5
59,178081,147,246,130,119,0,-5
59,178098,147,241,130,119,0,-5
59,178114,147,236,130,119,0,-5
59,178131,147,231,130,119,0,-5
59,178147,147,226,130,119,0,-5
59,178164,147,221,130,119,0,-5
59,178181,147,216,130,119,0,-5
59,178198,147,211,130,119,0,-5
59,178215,147,206,130,119,0,-5
59,178233,147,201,130,119,0,-5
59,178249,147,196,130,119,0,-5
59,178266,147,191,130,119,0,-5
59,178283,147,186,130,119,0,-5
59,178300,147,181,130,119,0,-5
59,178317,142,176,130,119,-5,-5
59,178334,137,171,130,119,-5,-5
59,178350,132,166,130,119,-5,-5
59,178367,127,161,130,119,-5,-5
59,178384,127,156,130,119,0,-5
59,178401,127,151,130,119,0,-5
59,178417,127,146,130,119,0,-5
59,178434,127,141,130,119,0,-5
59,178451,127,136,130,119,0,-5
59,178468,127,131,130,119,0,-5
59,178485,127,126,130,119,0,-5
59,178502,127,121,130,119,0,-5
59,178518,127,116,130,119,0,-5
59,178535,127,111,130,119,0,-5
59,179008,132,111,130,119,5,0
59,179025,137,111,130,119,5,0
59,179280,137,116,130,119,0,5
60,180873,61,507,595,230,5,0
60,180889,66,507,595,230,5,0
60,180906,71,507,595,230,5,0
60,180924,76,507,595,230,5,0
60,180941,81,507,595,230,5,0
60,180958,86,507,595,230,5,0
60,180975,91,507,595,230,5,0
60,180991,96,507,595,230,5,0
60,181008,101,507,595,230,5,0
60,181025,106,507,595,230,5,0
60,181042,111,507,595,230,5,0
60,181058,116,507,595,230,5,0
60,181075,121,507,595,230,5,0
60,181091,126,507,595,230,5,0
60,181107,131,507,595,230,5,0
60,181124,136,502,595,230,5,-5
60,181140,141,497,595,230,5,-5
60,181157,146,492,595,230,5,-5
60,181175,151,487,595,230,5,-5
60,181191,156,482,595,230,5,-5
60,181208,161,477,595,230,5,-5
60,181225,166,472,595,230,5,-5
60,181242,171,467,595,230,5,-5
60,181259,176,462,595,230,5,-5
60,181276,181,457,595,230,5,-5
60,181293,186,452,595,230,5,-5
60,181310,191,447,595,230,5,-5
60,181327,196,442,595,230,5,-5
60,181345,201,437,595,230,5,-5
60,181361,206,437,595,230,5,0
60,181378,211,437,595,230,5,0
60,181395,216,437,595,230,5,0
60,181412,221,437,595,230,5,0
60,181429,226,437,595,230,5,0
60,181446,231,437,595,230,5,0
60,181462,236,437,595,230,5,0
60,181478,241,437,595,230,5,0
60,181494,246,437,595,230,5,0
60,181512,251,437,595,230,5,0
60,181529,256,437,595,230,5,0
60,181546,261,437,595,230,5,0
60,181563,266,432,595,230,5,-5
60,181580,271,427,595,230,5,-5
60,181597,276,422,595,230,5,-5
60,181613,281,417,595,230,5,-5
60,181630,286,412,595,230,5,-5
60,181647,291,407,595,230,5,-5
60,181664,296,402,595,230,5,-5
60,181681,301,397,595,230,5,-5
60,181698,306,392,595,230,5,-5
60,181714,311,387,595,230,5,-5
60,181731,316,382,595,230,5,-5
60,181747,321,377,595,230,5,-5
60,181764,326,372,595,230,5,-5
60,181781,331,367,595,230,5,-5
60,181798,336,362,595,230,5,-5
60,181814,341,357,595,230,5,-5
60,181831,346,352,595,230,5,-5
60,181848,351,347,595,230,5,-5
60,181865,356,342,595,230,5,-5
60,181882,361,337,595,230,5,-5
60,181899,366,337,595,230,5,0
60,181916,371,337,595,230,5,0
60,181933,376,337,595,230,5,0
60,181949,381,337,595,230,5,0
60,181966,386,337,595,230,5,0
60,181982,391,337,595,230,5,0
60,181999,396,337,595,230,5,0
60,182016,401,337,595,230,5,0
60,182033,406,337,595,230,5,0
60,182050,411,337,595,230,5,0
60,182067,416,332,595,230,5,-5
60,182084,421,327,595,230,5,-5
60,182101,426,322,595,230,5,-5
60,182118,431,317,595,230,5,-5
60,182135,436,312,595,230,5,-5
60,182152,441,307,595,230,5,-5
60,182169,446,302,595,230,5,-5
60,182186,451,302,595,230,5,0
60,182203,456,302,595,230,5,0
60,182220,461,302,595,230,5,0
60,182236,466,302,595,230,5,0
60,182253,471,302,595,230,5,0
60,182270,476,302,595,230,5,0
60,182286,481,302,595,230,5,0
60,182303,486,302,595,230,5,0
60,182320,491,302,595,230,5,0
60,182337,496,302,595,230,5,0
60,182354,501,302,595,230,5,0
60,182371,506,302,595,230,5,0
60,182388,511,297,595,230,5,-5
60,182405,516,292,595,230,5,-5
60,182422,521,287,595,230,5,-5
60,182439,526,282,595,230,5,-5
60,182456,531,277,595,230,5,-5
60,182473,536,272,595,230,5,-5
60,182490,541,272,595,230,5,0
60,182506,546,272,595,230,5,0
60,182523,551,272,595,230,5,0
60,182540,556,272,595,230,5,0
60,182557,561,272,595,230,5,0
60,182574,566,272,595,230,5,0
60,182591,571,272,595,230,5,0
60,182608,576,272,595,230,5,0
60,182625,581,272,595,230,5,0
60,182641,586,272,595,230,5,0
60,182659,591,272,595,230,5,0
60,182675,596,267,595,230,5,-5
60,182692,601,262,595,230,5,-5
60,182708,606,257,595,230,5,-5
60,182725,611,252,595,230,5,-5
60,182742,616,247,595,230,5,-5
60,182759,621,242,595,230,5,-5
60,182776,626,237,595,230,5,-5
60,182792,631,232,595,230,5,-5
60,182809,636,227,595,230,5,-5
60,182827,641,222,595,230,5,-5
60,182843,646,222,595,230,5,0
60,183013,641,222,595,230,-5,0
60,183030,636,222,595,230,-5,0
60,183047,631,222,595,230,-5,0
60,183064,626,222,595,230,-5,0
60,183081,621,222,595,230,-5,0
60,183098,616,222,595,230,-5,0
60,183115,611,222,595,230,-5,0
60,183132,606,222,595,230,-5,0
60,183148,601,222,595,230,-5,0
60,183165,596,222,595,230,-5,0
60,183182,591,222,595,230,-5,0
60,183301,591,227,595,230,0,5
60,183318,591,232,595,230,0,5
60,183335,591,237,595,230,0,5
60,183352,591,242,595,230,0,5
60,183370,591,247,595,230,0,5
60,183387,591,252,595,230,0,5
60,183557,596,252,595,230,5,0
60,183574,601,252,595,230,5,0
60,183591,606,252,595,230,5,0
60,183608,611,252,595,230,5,0
60,183626,616,252,595,230,5,0
60,183642,621,252,595,230,5,0
60,183659,626,252,595,230,5,0
60,183676,631,252,595,230,5,0
60,183693,636,252,595,230,5,0
60,183948,631,252,595,230,-5,0
60,183964,626,252,595,230,-5,0
60,183981,621,252,595,230,-5,0
60,183997,616,252,595,230,-5,0
60,184197,616,247,595,230,0,-5
60,184214,616,242,595,230,0,-5
60,184230,616,237,595,230,0,-5
60,184247,616,232,595,230,0,-5
60,184264,616,227,595,230,0,-5
60,184281,616,222,595,230,0,-5
60,184686,616,227,595,230,0,5
60,184702,616,232,595,230,0,5
60,184719,616,237,595,230,0,5
60,184735,616,242,595,230,0,5
61,187714,671,254,97,58,-5,0
61,187731,666,254,97,58,-5,0
61,187748,661,254,97,58,-5,0
61,187765,656,254,97,58,-5,0
61,187782,651,254,97,58,-5,0
61,187798,646,254,97,58,-5,0
61,187815,641,254,97,58,-5,0
61,187832,636,254,97,58,-5,0
61,187849,631,254,97,58,-5,0
61,187866,626,254,97,58,-5,0
61,187883,621,254,97,58,-5,0
61,187900,616,254,97,58,-5,0
61,187917,611,254,97,58,-5,0
61,187934,606,254,97,58,-5,0
61,187950,601,254,97,58,-5,0
61,187966,596,254,97,58,-5,0
61,187983,591,254,97,58,-5,0
61,188000,586,254,97,58,-5,0
61,188017,581,254,97,58,-5,0
61,188034,576,254,97,58,-5,0
61,188051,571,254,97,58,-5,0
61,188068,566,254,97,58,-5,0
61,188084,561,254,97,58,-5,0
61,188101,556,254,97,58,-5,0
61,188117,551,254,97,58,-5,0
61,188134,546,254,97,58,-5,0
61,188151,541,254,97,58,-5,0
61,188168,536,254,97,58,-5,0
61,188185,531,254,97,58,-5,0
61,188202,526,254,97,58,-5,0
61,188219,521,254,97,58,-5,0
61,188236,516,254,97,58,-5,0
61,188253,511,254,97,58,-5,0
61,188270,506,254,97,58,-5,0
61,188287,501,254,97,58,-5,0
61,188304,496,254,97,58,-5,0
61,188321,491,254,97,58,-5,0
61,188337,486,254,97,58,-5,0
61,188355,481,254,97,58,-5,0
61,188372,476,254,97,58,-5,0
61,188389,471,249,97,58,-5,-5
61,188406,466,244,97,58,-5,-5
61,188423,461,239,97,58,-5,-5
61,188439,456,234,97,58,-5,-5
61,188456,451,229,97,58,-5,-5
61,188473,446,224,97,58,-5,-5
61,188490,441,219,97,58,-5,-5
61,188507,436,214,97,58,-5,-5
61,188524,431,209,97,58,-5,-5
61,188541,426,204,97,58,-5,-5
61,188558,421,199,97,58,-5,-5
61,188574,416,194,97,58,-5,-5
61,188592,411,189,97,58,-5,-5
61,188609,406,184,97,58,-5,-5
61,188626,401,179,97,58,-5,-5
61,188643,396,174,97,58,-5,-5
61,188660,391,169,97,58,-5,-5
61,188677,386,164,97,58,-5,-5
61,188694,381,159,97,58,-5,-5
61,188711,376,154,97,58,-5,-5
61,188728,371,149,97,58,-5,-5
61,188744,366,144,97,58,-5,-5
61,188761,361,139,97,58,-5,-5
61,188778,356,139,97,58,-5,0
61,188795,351,139,97,58,-5,0
61,188812,346,139,97,58,-5,0
61,188829,341,139,97,58,-5,0
61,188846,336,139,97,58,-5,0
61,188863,331,139,97,58,-5,0
61,188880,326,139,97,58,-5,0
61,188897,321,139,97,58,-5,0
61,188914,316,139,97,58,-5,0
61,188930,311,139,97,58,-5,0
61,188947,306,139,97,58,-5,0
61,188964,301,139,97,58,-5,0
61,188981,296,139,97,58,-5,0
61,188998,291,134,97,58,-5,-5
61,189015,286,129,97,58,-5,-5
61,189032,281,124,97,58,-5,-5
61,189049,276,119,97,58,-5,-5
61,189066,271,114,97,58,-5,-5
61,189083,266,109,97,58,-5,-5
61,189100,261,104,97,58,-5,-5
61,189117,256,99,97,58,-5,-5
61,189134,251,94,97,58,-5,-5
61,189151,246,94,97,58,-5,0
61,189168,241,94,97,58,-5,0
61,189184,236,94,97,58,-5,0
61,189201,231,94,97,58,-5,0
61,189218,226,94,97,58,-5,0
61,189234,221,94,97,58,-5,0
61,189251,216,94,97,58,-5,0
61,189267,211,94,97,58,-5,0
61,189284,206,94,97,58,-5,0
61,189301,201,94,97,58,-5,0
61,189318,196,94,97,58,-5,0
61,189335,191,94,97,58,-5,0
61,189352,186,94,97,58,-5,0
61,189369,181,94,97,58,-5,0
61,189386,176,94,97,58,-5,0
61,189403,171,94,97,58,-5,0
61,189420,166,94,97,58,-5,0
61,189436,161,94,97,58,-5,0
61,189453,156,94,97,58,-5,0
61,189471,151,94,97,58,-5,0
61,189487,146,89,97,58,-5,-5
61,189504,141,84,97,58,-5,-5
61,189521,136,79,97,58,-5,-5
61,189538,131,74,97,58,-5,-5
61,189554,126,69,97,58,-5,-5
61,189571,121,64,97,58,-5,-5
62,191273,434,8,582,504,-5,0
62,191290,429,8,582,504,-5,0
62,191307,424,8,582,504,-5,0
62,191324,419,8,582,504,-5,0
62,191341,414,8,582,504,-5,0
62,191358,409,8,582,504,-5,0
62,191375,404,8,582,504,-5,0
62,191391,399,8,582,504,-5,0
62,191593,399,13,582,504,0,5
62,191610,399,18,582,504,0,5
62,191627,399,23,582,504,0,5
62,191644,399,28,582,504,0,5
62,191660,399,33,582,504,0,5
62,191677,399,38,582,504,0,5
62,191694,399,43,582,504,0,5
62,191711,399,48,582,504,0,5
62,191728,399,53,582,504,0,5
62,191745,399,58,582,504,0,5
62,191762,399,63,582,504,0,5
62,191779,399,68,582,504,0,5
62,191796,399,73,582,504,0,5
62,191813,399,78,582,504,0,5
62,191830,399,83,582,504,0,5
62,191849,399,88,582,504,0,5
62,191866,399,93,582,504,0,5
62,191883,399,98,582,504,0,5
62,191900,399,103,582,504,0,5
62,191917,399,108,582,504,0,5
62,191933,399,113,582,504,0,5
62,191951,399,118,582,504,0,5
62,191968,404,123,582,504,5,5
62,191985,409,128,582,504,5,5
62,192002,414,133,582,504,5,5
62,192020,419,138,582,504,5,5
62,192036,424,143,582,504,5,5
62,192053,429,148,582,504,5,5
62,192070,434,153,582,504,5,5
62,192087,439,158,582,504,5,5
62,192103,444,163,582,504,5,5
62,192119,449,168,582,504,5,5
62,192135,454,173,582,504,5,5
62,192151,459,178,582,504,5,5
62,192167,464,183,582,504,5,5
62,192184,469,188,582,504,5,5
62,192200,474,193,582,504,5,5
62,192217,479,198,582,504,5,5
62,192234,484,203,582,504,5,5
62,192250,489,208,582,504,5,5
62,192267,494,213,582,504,5,5
62,192284,499,218,582,504,5,5
62,192301,504,223,582,504,5,5
62,192318,509,228,582,504,5,5
62,192334,514,233,582,504,5,5
62,192351,519,238,582,504,5,5
62,192367,524,243,582,504,5,5
62,192384,529,248,582,504,5,5
62,192401,534,253,582,504,5,5
62,192418,539,258,582,504,5,5
62,192435,544,263,582,504,5,5
62,192452,549,268,582,504,5,5
62,192469,554,273,582,504,5,5
62,192485,559,278,582,504,5,5
62,192502,564,283,582,504,5,5
62,192518,564,288,582,504,0,5
62,192534,564,293,582,504,0,5
62,192551,564,298,582,504,0,5
62,192568,564,303,582,504,0,5
62,192585,564,308,582,504,0,5
62,192601,564,313,582,504,0,5
62,192618,564,318,582,504,0,5
62,192635,564,323,582,504,0,5
62,192652,564,328,582,504,0,5
62,192669,564,333,582,504,0,5
62,192686,564,338,582,504,0,5
62,192704,564,343,582,504,0,5
62,192720,564,348,582,504,0,5
62,192738,564,353,582,504,0,5
62,192755,564,358,582,504,0,5
62,192772,564,363,582,504,0,5
62,192789,564,368,582,504,0,5
62,192806,564,373,582,504,0,5
62,192824,569,378,582,504,5,5
62,192841,574,383,582,504,5,5
62,192857,579,388,582,504,5,5
62,192874,584,393,582,504,5,5
62,192890,589,398,582,504,5,5
62,192907,589,403,582,504,0,5
62,192924,589,408,582,504,0,5
62,192941,589,413,582,504,0,5
62,192957,589,418,582,504,0,5
62,192973,589,423,582,504,0,5
62,192989,589,428,582,504,0,5
62,193005,589,433,582,504,0,5
62,193022,589,438,582,504,0,5
62,193039,589,443,582,504,0,5
62,193056,589,448,582,504,0,5
62,193073,589,453,582,504,0,5
62,193091,589,458,582,504,0,5
62,193108,589,463,582,504,0,5
62,193125,589,468,582,504,0,5
62,193142,589,473,582,504,0,5
62,193158,589,478,582,504,0,5
62,193175,589,483,582,504,0,5
62,193192,589,488,582,504,0,5
62,193209,589,493,582,504,0,5
62,193226,589,498,582,504,0,5
62,193243,589,503,582,504,0,5
63,194881,517,263,388,246,-5,0
63,194898,512,263,388,246,-5,0
63,194914,507,263,388,246,-5,0
63,194930,502,263,388,246,-5,0
63,194947,497,263,388,246,-5,0
63,194964,492,263,388,246,-5,0
63,194981,487,263,388,246,-5,0
63,194997,482,263,388,246,-5,0
63,195014,477,263,388,246,-5,0
63,195031,472,263,388,246,-5,0
63,195048,467,263,388,246,-5,0
63,195065,462,263,388,246,-5,0
63,195082,457,263,388,246,-5,0
63,195099,452,263,388,246,-5,0
63,195116,447,263,388,246,-5,0
63,195133,442,263,388,246,-5,0
63,195150,437,263,388,246,-5,0
63,195167,432,263,388,246,-5,0
63,195184,427,263,388,246,-5,0
63,195201,422,263,388,246,-5,0
63,195218,417,263,388,246,-5,0
63,195235,412,263,388,246,-5,0
64,196797,129,459,542,378,5,0
64,196814,134,459,542,378,5,0
64,196831,139,459,542,378,5,0
64,196848,144,459,542,378,5,0
64,196864,149,459,542,378,5,0
64,196881,154,459,542,378,5,0
64,196898,159,459,542,378,5,0
64,196915,164,459,542,378,5,0
64,196933,169,459,542,378,5,0
64,196948,174,459,542,378,5,0
64,196965,179,459,542,378,5,0
64,196981,184,459,542,378,5,0
64,196998,189,454,542,378,5,-5
64,197014,194,449,542,378,5,-5
64,197030,199,444,542,378,5,-5
64,197047,204,439,542,378,5,-5
64,197064,209,434,542,378,5,-5
64,197081,214,429,542,378,5,-5
64,197098,219,424,542,378,5,-5
64,197115,224,419,542,378,5,-5
64,197132,229,414,542,378,5,-5
64,197149,234,409,542,378,5,-5
64,197166,239,404,542,378,5,-5
64,197183,244,399,542,378,5,-5
64,197200,249,394,542,378,5,-5
64,197217,254,394,542,378,5,0
64,197233,259,394,542,378,5,0
64,197250,264,394,542,378,5,0
64,197268,269,394,542,378,5,0
64,197284,274,394,542,378,5,0
64,197301,279,394,542,378,5,0
64,197318,284,394,542,378,5,0
64,197335,289,394,542,378,5,0
64,197351,294,394,542,378,5,0
64,197368,299,394,542,378,5,0
64,197384,304,394,542,378,5,0
64,197401,309,394,542,378,5,0
64,197417,314,394,542,378,5,0
64,197433,319,394,542,378,5,0
64,197450,324,394,542,378,5,0
64,197467,329,394,542,378,5,0
64,197484,334,394,542,378,5,0
64,197501,339,394,542,378,5,0
64,197518,344,394,542,378,5,0
64,197535,349,394,542,378,5,0
64,197551,354,394,542,378,5,0
64,197567,359,394,542,378,5,0
64,197584,364,394,542,378,5,0
64,197601,369,394,542,378,5,0
64,197618,374,394,542,378,5,0
64,197635,379,394,542,378,5,0
64,197652,384,394,542,378,5,0
64,197669,389,394,542,378,5,0
64,197685,394,394,542,378,5,0
64,197701,399,394,542,378,5,0
64,197718,404,394,542,378,5,0
64,197735,409,394,542,378,5,0
64,197752,414,394,542,378,5,0
64,197769,419,394,542,378,5,0
64,197786,424,394,542,378,5,0
64,197803,429,394,542,378,5,0
64,197819,434,394,542,378,5,0
64,197836,439,394,542,378,5,0
64,197853,444,394,542,378,5,0
64,197870,449,394,542,378,5,0
64,197887,454,394,542,378,5,0
64,197904,459,394,542,378,5,0
64,197920,464,394,542,378,5,0
64,197937,469,394,542,378,5,0
64,197954,474,394,542,378,5,0
64,197971,479,394,542,378,5,0
64,197989,484,394,542,378,5,0
64,198005,489,394,542,378,5,0
64,198022,494,394,542,378,5,0
64,198039,499,394,542,378,5,0
64,198057,504,394,542,378,5,0
64,198074,509,394,542,378,5,0
64,198091,514,394,542,378,5,0
64,198108,519,394,542,378,5,0
64,198125,524,394,542,378,5,0
64,198142,529,394,542,378,5,0
64,198159,534,394,542,378,5,0
64,198176,539,394,542,378,5,0
65,199810,449,471,544,250,5,0
65,199827,454,471,544,250,5,0
65,199844,459,471,544,250,5,0
65,199861,464,471,544,250,5,0
65,199878,469,471,544,250,5,0
65,199895,474,471,544,250,5,0
65,199912,479,471,544,250,5,0
65,199929,484,471,544,250,5,0
65,199946,489,471,544,250,5,0
65,199963,494,466,544,250,5,-5
65,199980,499,461,544,250,5,-5
65,199997,504,456,544,250,5,-5
65,200014,509,451,544,250,5,-5
65,200031,514,446,544,250,5,-5
65,200047,519,441,544,250,5,-5
65,200065,524,436,544,250,5,-5
65,200082,529,431,544,250,5,-5
65,200099,534,426,544,250,5,-5
65,200117,539,421,544,250,5,-5
65,200134,544,416,544,250,5,-5
65,200151,549,411,544,250,5,-5
65,200168,554,406,544,250,5,-5
65,200186,559,401,544,250,5,-5
65,200202,564,396,544,250,5,-5
65,200219,569,391,544,250,5,-5
65,200236,574,386,544,250,5,-5
65,200253,579,386,544,250,5,0
65,200270,584,386,544,250,5,0
65,200287,589,386,544,250,5,0
65,200304,594,386,544,250,5,0
65,200321,599,386,544,250,5,0
65,200338,604,386,544,250,5,0
65,200355,609,386,544,250,5,0
65,200372,614,386,544,250,5,0
65,200389,619,386,544,250,5,0
65,200406,624,386,544,250,5,0
65,200474,619,386,544,250,-5,0
65,200490,614,386,544,250,-5,0
65,200506,609,386,544,250,-5,0
65,200523,604,386,544,250,-5,0
65,200540,599,386,544,250,-5,0
65,200556,594,386,544,250,-5,0
65,200573,589,386,544,250,-5,0
65,200590,584,386,544,250,-5,0
65,200607,579,386,544,250,-5,0
65,200624,574,386,544,250,-5,0
65,200641,569,386,544,250,-5,0
65,200658,564,386,544,250,-5,0
65,200675,559,386,544,250,-5,0
65,200691,554,386,544,250,-5,0
65,200741,554,381,544,250,0,-5
65,200758,554,376,544,250,0,-5
65,200775,554,371,544,250,0,-5
65,200791,554,366,544,250,0,-5
65,200808,554,361,544,250,0,-5
65,200825,554,356,544,250,0,-5
65,200841,554,351,544,250,0,-5
65,200858,554,346,544,250,0,-5
65,200875,554,341,544,250,0,-5
65,200892,554,336,544,250,0,-5
65,200909,554,331,544,250,0,-5
65,200926,554,326,544,250,0,-5
65,200943,554,321,544,250,0,-5
65,200960,554,316,544,250,0,-5
65,200977,554,311,544,250,0,-5
65,200994,554,306,544,250,0,-5
65,201011,554,301,544,250,0,-5
65,201027,554,296,544,250,0,-5
65,201044,554,291,544,250,0,-5
65,201061,554,286,544,250,0,-5
65,201078,554,281,544,250,0,-5
65,201095,554,276,544,250,0,-5
65,201112,554,271,544,250,0,-5
66,203278,683,370,637,305,0,-5
66,203295,683,365,637,305,0,-5
66,203312,683,360,637,305,0,-5
66,203328,683,355,637,305,0,-5
66,203345,683,350,637,305,0,-5
66,203362,683,345,637,305,0,-5
66,203378,683,340,637,305,0,-5
66,203395,683,335,637,305,0,-5
66,203412,683,330,637,305,0,-5
66,203429,683,325,637,305,0,-5
66,203446,683,320,637,305,0,-5
66,203463,683,315,637,305,0,-5
66,203479,683,310,637,305,0,-5
66,203532,678,310,637,305,-5,0
66,203549,673,310,637,305,-5,0
66,203566,668,310,637,305,-5,0
66,203582,663,310,637,305,-5,0
66,203599,658,310,637,305,-5,0
67,205506,82,285,351,482,5,0
67,205523,87,285,351,482,5,0
67,205540,92,285,351,482,5,0
67,205557,97,285,351,482,5,0
67,205574,102,285,351,482,5,0
67,205591,107,285,351,482,5,0
67,205608,112,285,351,482,5,0
67,205625,117,285,351,482,5,0
67,205642,122,285,351,482,5,0
67,205658,127,285,351,482,5,0
67,205676,132,285,351,482,5,0
67,205693,137,285,351,482,5,0
67,205710,142,285,351,482,5,0
67,205727,147,285,351,482,5,0
67,205744,152,285,351,482,5,0
67,205761,157,290,351,482,5,5
67,205777,162,295,351,482,5,5
67,205794,167,300,351,482,5,5
67,205811,172,305,351,482,5,5
67,205828,177,310,351,482,5,5
67,205845,182,315,351,482,5,5
67,205862,187,320,351,482,5,5
67,205879,192,325,351,482,5,5
67,205896,197,330,351,482,5,5
67,205913,202,335,351,482,5,5
67,205930,207,340,351,482,5,5
67,205947,212,345,351,482,5,5
67,205964,217,350,351,482,5,5
67,205981,222,355,351,482,5,5
67,205998,227,360,351,482,5,5
67,206014,232,365,351,482,5,5
67,206031,237,370,351,482,5,5
67,206048,242,375,351,482,5,5
67,206065,247,380,351,482,5,5
67,206082,252,385,351,482,5,5
67,206099,257,390,351,482,5,5
67,206116,262,395,351,482,5,5
67,206133,267,400,351,482,5,5
67,206150,272,405,351,482,5,5
67,206167,277,410,351,482,5,5
67,206184,282,415,351,482,5,5
67,206202,287,420,351,482,5,5
67,206217,292,425,351,482,5,5
67,206234,297,430,351,482,5,5
67,206251,302,435,351,482,5,5
67,206269,307,440,351,482,5,5
67,206285,312,445,351,482,5,5
67,206301,317,450,351,482,5,5
67,206318,322,455,351,482,5,5
67,206335,327,460,351,482,5,5
67,206352,332,465,351,482,5,5
67,206369,337,470,351,482,5,5
67,206386,342,475,351,482,5,5
67,206403,342,480,351,482,0,5
67,206420,342,485,351,482,0,5
67,206437,342,490,351,482,0,5
67,206453,342,495,351,482,0,5
67,206469,342,500,351,482,0,5
67,206774,347,500,351,482,5,0
68,208559,332,131,184,12,-5,0
68,208576,327,131,184,12,-5,0
68,208593,322,131,184,12,-5,0
68,208610,317,131,184,12,-5,0
68,208627,312,131,184,12,-5,0
68,208644,307,131,184,12,-5,0
68,208660,302,131,184,12,-5,0
68,208677,297,131,184,12,-5,0
68,208693,292,131,184,12,-5,0
68,208710,287,131,184,12,-5,0
68,208727,282,131,184,12,-5,0
68,208744,277,131,184,12,-5,0
68,208761,272,126,184,12,-5,-5
68,208777,267,121,184,12,-5,-5
68,208794,262,116,184,12,-5,-5
68,208810,262,111,184,12,0,-5
68,208827,262,106,184,12,0,-5
68,208844,262,101,184,12,0,-5
68,208861,262,96,184,12,0,-5
68,208877,262,91,184,12,0,-5
68,208894,262,86,184,12,0,-5
68,208911,262,81,184,12,0,-5
68,208927,262,76,184,12,0,-5
68,208944,262,71,184,12,0,-5
68,208961,262,66,184,12,0,-5
68,208977,262,61,184,12,0,-5
68,208994,262,56,184,12,0,-5
68,209011,257,51,184,12,-5,-5
68,209028,252,46,184,12,-5,-5
68,209044,247,41,184,12,-5,-5
68,209060,242,36,184,12,-5,-5
68,209077,237,31,184,12,-5,-5
68,209094,232,26,184,12,-5,-5
68,209111,227,21,184,12,-5,-5
68,209128,227,16,184,12,0,-5
68,209145,227,11,184,12,0,-5
68,209162,227,6,184,12,0,-5
68,209179,227,1,184,12,0,-5
69,210886,544,405,362,469,0,5
69,210904,544,410,362,469,0,5
69,210920,544,415,362,469,0,5
69,210935,544,420,362,469,0,5
69,210952,544,425,362,469,0,5
69,210969,544,430,362,469,0,5
69,210986,544,435,362,469,0,5
69,211003,544,440,362,469,0,5
69,211020,544,445,362,469,0,5
69,211037,539,450,362,469,-5,5
69,211054,534,455,362,469,-5,5
69,211071,529,460,362,469,-5,5
69,211088,524,465,362,469,-5,5
69,211105,519,470,362,469,-5,5
69,211121,514,475,362,469,-5,5
69,211138,509,480,362,469,-5,5
69,211155,504,485,362,469,-5,5
69,211172,499,490,362,469,-5,5
69,211188,494,495,362,469,-5,5
69,211205,489,500,362,469,-5,5
69,211222,484,505,362,469,-5,5
69,211239,479,505,362,469,-5,0
69,211256,474,505,362,469,-5,0
69,211273,469,505,362,469,-5,0
69,211290,464,505,362,469,-5,0
69,211307,459,505,362,469,-5,0
69,211324,454,505,362,469,-5,0
69,211341,449,505,362,469,-5,0
69,211358,444,505,362,469,-5,0
69,211375,439,505,362,469,-5,0
69,211392,434,505,362,469,-5,0
69,211409,429,505,362,469,-5,0
69,211426,424,505,362,469,-5,0
69,211442,419,505,362,469,-5,0
69,211458,414,505,362,469,-5,0
69,211475,409,505,362,469,-5,0
69,211492,404,500,362,469,-5,-5
69,211509,399,495,362,469,-5,-5
69,211525,394,490,362,469,-5,-5
69,211541,389,490,362,469,-5,0
69,211558,384,490,362,469,-5,0
69,211575,379,490,362,469,-5,0
69,211592,374,490,362,469,-5,0
69,211608,369,490,362,469,-5,0
69,211624,364,490,362,469,-5,0
70,213627,249,112,403,346,5,0
70,213644,254,112,403,346,5,0
70,213661,259,112,403,346,5,0
70,213678,264,112,403,346,5,0
70,213695,269,112,403,346,5,0
70,213712,274,112,403,346,5,0
70,213730,279,117,403,346,5,5
70,213747,284,122,403,346,5,5
70,213764,289,127,403,346,5,5
70,213781,294,132,403,346,5,5
70,213798,299,137,403,346,5,5
70,213814,304,142,403,346,5,5
70,213831,309,147,403,346,5,5
70,213847,314,152,403,346,5,5
70,213864,319,157,403,346,5,5
70,213881,324,162,403,346,5,5
70,213898,329,167,403,346,5,5
70,213914,334,172,403,346,5,5
70,213931,339,177,403,346,5,5
70,213947,344,182,403,346,5,5
70,213964,349,187,403,346,5,5
70,213981,354,192,403,346,5,5
70,213998,359,197,403,346,5,5
70,214014,364,202,403,346,5,5
70,214031,369,207,403,346,5,5
70,214048,374,212,403,346,5,5
70,214065,379,217,403,346,5,5
70,214082,384,222,403,346,5,5
70,214099,389,227,403,346,5,5
70,214115,394,232,403,346,5,5
70,214131,399,237,403,346,5,5
70,214148,404,242,403,346,5,5
70,214164,409,247,403,346,5,5
70,214181,414,252,403,346,5,5
70,214198,419,257,403,346,5,5
70,214215,424,262,403,346,5,5
70,214232,424,267,403,346,0,5
70,214248,424,272,403,346,0,5
70,214265,424,277,403,346,0,5
70,214282,424,282,403,346,0,5
70,214299,424,287,403,346,0,5
70,214316,424,292,403,346,0,5
70,214332,424,297,403,346,0,5
70,214349,424,302,403,346,0,5
70,214365,424,307,403,346,0,5
70,214382,419,312,403,346,-5,5
70,214399,414,312,403,346,-5,0
70,214416,409,312,403,346,-5,0
70,214433,404,312,403,346,-5,0
70,214449,399,312,403,346,-5,0
70,214466,394,312,403,346,-5,0
70,214736,399,312,403,346,5,0
70,214754,404,312,403,346,5,0
70,214770,409,312,403,346,5,0
70,214787,414,312,403,346,5,0
70,214805,419,312,403,346,5,0
70,214905,419,317,403,346,0,5
70,214922,419,322,403,346,0,5
70,214939,419,327,403,346,0,5
70,214956,419,332,403,346,0,5
70,214973,419,337,403,346,0,5
70,214989,419,342,403,346,0,5
71,217045,597,290,660,121,5,0
71,217062,602,290,660,121,5,0
71,217078,607,290,660,121,5,0
71,217095,612,290,660,121,5,0
71,217112,617,290,660,121,5,0
71,217129,622,290,660,121,5,0
71,217146,627,290,660,121,5,0
71,217163,632,290,660,121,5,0
71,217180,637,285,660,121,5,-5
71,217197,642,280,660,121,5,-5
71,217214,647,275,660,121,5,-5
71,217231,652,270,660,121,5,-5
71,217248,657,265,660,121,5,-5
71,217264,662,260,660,121,5,-5
71,217282,667,255,660,121,5,-5
71,217299,672,255,660,121,5,0
71,217316,677,255,660,121,5,0
71,217333,682,255,660,121,5,0
71,217350,687,255,660,121,5,0
71,217367,692,255,660,121,5,0
71,217383,697,255,660,121,5,0
71,217400,702,255,660,121,5,0
71,217417,707,255,660,121,5,0
71,217434,712,255,660,121,5,0
71,217451,717,255,660,121,5,0
71,217468,722,255,660,121,5,0
71,217486,727,255,660,121,5,0
71,217502,732,255,660,121,5,0
71,217519,737,255,660,121,5,0
71,217535,742,255,660,121,5,0
71,217552,747,250,660,121,5,-5
72,219137,140,346,492,513,5,0
72,219155,145,346,492,513,5,0
72,219172,150,346,492,513,5,0
72,219188,155,346,492,513,5,0
72,219205,160,346,492,513,5,0
72,219221,165,346,492,513,5,0
72,219238,170,351,492,513,5,5
72,219256,175,356,492,513,5,5
72,219273,180,361,492,513,5,5
72,219290,185,366,492,513,5,5
72,219307,190,371,492,513,5,5
72,219324,195,376,492,513,5,5
72,219341,200,381,492,513,5,5
72,219358,205,386,492,513,5,5
72,219375,210,391,492,513,5,5
72,219392,215,396,492,513,5,5
72,219408,220,401,492,513,5,5
72,219425,225,406,492,513,5,5
72,219441,230,411,492,513,5,5
72,219457,235,416,492,513,5,5
72,219473,240,421,492,513,5,5
72,219489,245,426,492,513,5,5
72,219506,250,431,492,513,5,5
72,219523,255,436,492,513,5,5
72,219540,260,441,492,513,5,5
72,219557,265,446,492,513,5,5
72,219574,270,451,492,513,5,5
72,219591,275,456,492,513,5,5
72,219608,280,461,492,513,5,5
72,219625,285,466,492,513,5,5
72,219642,290,471,492,513,5,5
72,219659,295,476,492,513,5,5
72,219676,300,476,492,513,5,0
72,219692,305,476,492,513,5,0
72,219709,310,476,492,513,5,0
72,219726,315,476,492,513,5,0
72,219743,320,476,492,513,5,0
72,219760,325,476,492,513,5,0
72,219776,330,476,492,513,5,0
72,219793,335,476,492,513,5,0
72,219810,340,476,492,513,5,0
72,219827,345,476,492,513,5,0
72,219844,350,476,492,513,5,0
72,219860,355,476,492,513,5,0
72,219877,360,481,492,513,5,5
72,219893,365,486,492,513,5,5
72,219909,370,491,492,513,5,5
72,219926,375,496,492,513,5,5
72,219943,380,501,492,513,5,5
72,219960,385,506,492,513,5,5
72,219977,390,511,492,513,5,5
72,219994,395,516,492,513,5,5
72,220011,400,516,492,513,5,0
72,220028,405,516,492,513,5,0
72,220045,410,516,492,513,5,0
72,220062,415,516,492,513,5,0
72,220079,420,516,492,513,5,0
72,220096,425,516,492,513,5,0
72,220113,430,516,492,513,5,0
72,220131,435,516,492,513,5,0
72,220421,440,516,492,513,5,0
72,220438,445,516,492,513,5,0
72,220455,450,516,492,513,5,0
72,220472,455,516,492,513,5,0
72,220489,460,516,492,513,5,0
72,220506,465,516,492,513,5,0
72,220523,470,516,492,513,5,0
72,220540,475,516,492,513,5,0
72,220557,480,516,492,513,5,0
72,220574,485,516,492,513,5,0
72,220591,490,516,492,513,5,0
73,222430,75,514,264,16,5,0
73,222446,80,514,264,16,5,0
73,222462,85,514,264,16,5,0
73,222478,90,514,264,16,5,0
73,222495,95,514,264,16,5,0
73,222512,100,514,264,16,5,0
73,222529,105,514,264,16,5,0
73,222546,110,514,264,16,5,0
73,222564,115,509,264,16,5,-5
73,222581,120,504,264,16,5,-5
73,222598,125,499,264,16,5,-5
73,222615,130,494,264,16,5,-5
73,222632,135,489,264,16,5,-5
73,222649,140,484,264,16,5,-5
73,222666,145,479,264,16,5,-5
73,222683,150,474,264,16,5,-5
73,222700,155,469,264,16,5,-5
73,222717,160,464,264,16,5,-5
73,222734,165,459,264,16,5,-5
73,222750,170,454,264,16,5,-5
73,222766,175,449,264,16,5,-5
73,222782,180,444,264,16,5,-5
73,222798,185,439,264,16,5,-5
73,222814,190,434,264,16,5,-5
73,222831,195,429,264,16,5,-5
73,222848,200,424,264,16,5,-5
73,222865,205,419,264,16,5,-5
73,222882,210,414,264,16,5,-5
73,222899,215,409,264,16,5,-5
73,222916,220,404,264,16,5,-5
73,222933,225,399,264,16,5,-5
73,222950,230,394,264,16,5,-5
73,222967,235,389,264,16,5,-5
73,222983,240,384,264,16,5,-5
73,223000,245,379,264,16,5,-5
73,223017,250,374,264,16,5,-5
73,223034,255,369,264,16,5,-5
73,223050,260,364,264,16,5,-5
73,223067,265,359,264,16,5,-5
73,223083,270,354,264,16,5,-5
73,223100,275,349,264,16,5,-5
73,223117,275,344,264,16,0,-5
73,223134,275,339,264,16,0,-5
73,223150,275,334,264,16,0,-5
73,223167,275,329,264,16,0,-5
73,223184,275,324,264,16,0,-5
73,223201,275,319,264,16,0,-5
73,223218,275,314,264,16,0,-5
73,223235,275,309,264,16,0,-5
73,223252,275,304,264,16,0,-5
73,223269,275,299,264,16,0,-5
73,223286,275,294,264,16,0,-5
73,223303,275,289,264,16,0,-5
73,223320,275,284,264,16,0,-5
73,223336,275,279,264,16,0,-5
73,223352,275,274,264,16,0,-5
73,223369,275,269,264,16,0,-5
73,223386,275,264,264,16,0,-5
73,223403,275,259,264,16,0,-5
73,223420,275,254,264,16,0,-5
73,223436,275,249,264,16,0,-5
73,223453,275,244,264,16,0,-5
73,223470,275,239,264,16,0,-5
73,223486,275,234,264,16,0,-5
73,223502,275,229,264,16,0,-5
73,223520,275,224,264,16,0,-5
73,223537,275,219,264,16,0,-5
73,223554,275,214,264,16,0,-5
73,223571,275,209,264,16,0,-5
73,223588,275,204,264,16,0,-5
73,223605,275,199,264,16,0,-5
73,223622,275,194,264,16,0,-5
73,223639,275,189,264,16,0,-5
73,223656,275,184,264,16,0,-5
73,223673,275,179,264,16,0,-5
73,223689,275,174,264,16,0,-5
73,223706,275,169,264,16,0,-5
73,223723,275,164,264,16,0,-5
73,223740,275,159,264,16,0,-5
73,223756,275,154,264,16,0,-5
73,223772,275,149,264,16,0,-5
73,223789,275,144,264,16,0,-5
73,223806,275,139,264,16,0,-5
73,223823,275,134,264,16,0,-5
73,223840,275,129,264,16,0,-5
73,223856,275,124,264,16,0,-5
73,223873,275,119,264,16,0,-5
73,223890,275,114,264,16,0,-5
73,223907,275,109,264,16,0,-5
73,223924,275,104,264,16,0,-5
73,223941,275,99,264,16,0,-5
73,223957,275,94,264,16,0,-5
73,223974,275,89,264,16,0,-5
73,223991,275,84,264,16,0,-5
73,224007,275,79,264,16,0,-5
73,224024,275,74,264,16,0,-5
73,224040,275,69,264,16,0,-5
73,224057,275,64,264,16,0,-5
73,224074,275,59,264,16,0,-5
73,224091,275,54,264,16,0,-5
73,224108,275,49,264,16,0,-5
73,224126,275,44,264,16,0,-5
73,224143,275,39,264,16,0,-5
74,225709,186,252,676,182,5,0
74,225726,191,252,676,182,5,0
74,225743,196,252,676,182,5,0
74,225760,201,252,676,182,5,0
74,225777,206,252,676,182,5,0
74,225794,211,252,676,182,5,0
74,225811,216,252,676,182,5,0
74,225828,221,252,676,182,5,0
74,225845,226,252,676,182,5,0
74,225862,231,252,676,182,5,0
74,225879,236,252,676,182,5,0
74,225896,241,252,676,182,5,0
74,225913,246,252,676,182,5,0
74,225930,251,252,676,182,5,0
74,225947,256,247,676,182,5,-5
74,225964,261,242,676,182,5,-5
74,225981,266,237,676,182,5,-5
74,225998,271,232,676,182,5,-5
74,226015,276,227,676,182,5,-5
74,226032,281,222,676,182,5,-5
74,226049,286,217,676,182,5,-5
74,226066,291,212,676,182,5,-5
74,226082,296,207,676,182,5,-5
74,226099,301,202,676,182,5,-5
74,226115,306,202,676,182,5,0
74,226131,311,202,676,182,5,0
74,226148,316,202,676,182,5,0
74,226165,321,202,676,182,5,0
74,226182,326,202,676,182,5,0
74,226199,331,202,676,182,5,0
74,226216,336,202,676,182,5,0
74,226234,341,202,676,182,5,0
74,226250,346,202,676,182,5,0
74,226267,351,202,676,182,5,0
74,226284,356,202,676,182,5,0
74,226301,361,202,676,182,5,0
74,226317,366,202,676,182,5,0
74,226335,371,202,676,182,5,0
74,226352,376,202,676,182,5,0
74,226369,381,202,676,182,5,0
74,226386,386,202,676,182,5,0
74,226403,391,202,676,182,5,0
74,226420,396,202,676,182,5,0
74,226437,401,202,676,182,5,0
74,226454,406,202,676,182,5,0
74,226471,411,202,676,182,5,0
74,226487,416,202,676,182,5,0
74,226504,421,202,676,182,5,0
74,226522,426,202,676,182,5,0
74,226539,431,202,676,182,5,0
74,226556,436,202,676,182,5,0
74,226574,441,202,676,182,5,0
74,226591,446,202,676,182,5,0
74,226608,451,202,676,182,5,0
74,226625,456,202,676,182,5,0
74,226642,461,202,676,182,5,0
74,226659,466,202,676,182,5,0
74,226676,471,202,676,182,5,0
74,226693,476,202,676,182,5,0
74,226710,481,202,676,182,5,0
74,226727,486,202,676,182,5,0
74,226744,491,202,676,182,5,0
74,226760,496,202,676,182,5,0
74,226776,501,202,676,182,5,0
74,226792,506,202,676,182,5,0
74,226808,511,202,676,182,5,0
74,226825,516,202,676,182,5,0
74,226842,521,202,676,182,5,0
74,226859,526,202,676,182,5,0
74,226876,531,202,676,182,5,0
74,226893,536,202,676,182,5,0
74,226910,541,202,676,182,5,0
74,226927,546,197,676,182,5,-5
74,226944,551,192,676,182,5,-5
74,226961,556,187,676,182,5,-5
74,226978,561,187,676,182,5,0
74,226995,566,187,676,182,5,0
74,227013,571,187,676,182,5,0
74,227030,576,187,676,182,5,0
74,227047,581,187,676,182,5,0
74,227064,586,187,676,182,5,0
74,227080,591,187,676,182,5,0
74,227097,596,187,676,182,5,0
74,227114,601,187,676,182,5,0
74,227131,606,187,676,182,5,0
74,227148,611,187,676,182,5,0
74,227165,616,187,676,182,5,0
74,227183,621,187,676,182,5,0
74,227199,626,187,676,182,5,0
74,227216,631,187,676,182,5,0
74,227233,636,187,676,182,5,0
74,227250,641,187,676,182,5,0
74,227267,646,187,676,182,5,0
74,227284,651,187,676,182,5,0
74,227300,656,187,676,182,5,0
74,227318,661,187,676,182,5,0
74,227335,666,187,676,182,5,0
74,227352,671,187,676,182,5,0
74,227369,676,187,676,182,5,0
75,228950,220,276,392,197,5,0
75,228967,225,276,392,197,5,0
75,228984,230,276,392,197,5,0
75,229001,235,276,392,197,5,0
75,229018,240,276,392,197,5,0
75,229035,245,276,392,197,5,0
75,229053,250,276,392,197,5,0
75,229070,255,276,392,197,5,0
75,229087,260,276,392,197,5,0
75,229104,265,271,392,197,5,-5
75,229120,270,266,392,197,5,-5
75,229136,275,261,392,197,5,-5
75,229152,280,256,392,197,5,-5
75,229169,285,251,392,197,5,-5
75,229185,290,246,392,197,5,-5
75,229202,295,241,392,197,5,-5
75,229219,300,236,392,197,5,-5
75,229235,305,231,392,197,5,-5
75,229252,310,226,392,197,5,-5
75,229269,315,221,392,197,5,-5
75,229286,320,216,392,197,5,-5
75,229303,325,211,392,197,5,-5
75,229320,330,211,392,197,5,0
75,229337,335,211,392,197,5,0
75,229354,340,211,392,197,5,0
75,229371,345,211,392,197,5,0
75,229387,350,211,392,197,5,0
75,229404,355,211,392,197,5,0
75,229420,360,211,392,197,5,0
75,229437,365,211,392,197,5,0
75,229454,370,211,392,197,5,0
75,229471,375,211,392,197,5,0
75,229487,380,211,392,197,5,0
75,229504,385,211,392,197,5,0
75,229521,390,211,392,197,5,0
76,231090,177,224,303,50,5,0
76,231107,182,224,303,50,5,0
76,231124,187,224,303,50,5,0
76,231141,192,224,303,50,5,0
76,231158,197,224,303,50,5,0
76,231175,202,224,303,50,5,0
76,231192,207,224,303,50,5,0
76,231208,212,224,303,50,5,0
76,231224,217,224,303,50,5,0
76,231241,222,224,303,50,5,0
76,231258,227,224,303,50,5,0
76,231275,232,224,303,50,5,0
76,231291,237,224,303,50,5,0
76,231308,242,224,303,50,5,0
76,231325,247,224,303,50,5,0
76,231341,252,219,303,50,5,-5
76,231358,257,214,303,50,5,-5
76,231375,262,209,303,50,5,-5
76,231392,267,204,303,50,5,-5
76,231409,272,199,303,50,5,-5
76,231426,272,194,303,50,0,-5
76,231443,272,189,303,50,0,-5
76,231460,272,184,303,50,0,-5
76,231477,272,179,303,50,0,-5
76,231494,272,174,303,50,0,-5
76,231511,272,169,303,50,0,-5
76,231528,272,164,303,50,0,-5
76,231544,272,159,303,50,0,-5
76,231561,272,154,303,50,0,-5
76,231577,272,149,303,50,0,-5
76,231593,272,144,303,50,0,-5
76,231610,272,139,303,50,0,-5
76,231627,272,134,303,50,0,-5
76,231645,272,129,303,50,0,-5
76,231662,272,124,303,50,0,-5
76,231679,272,119,303,50,0,-5
76,231696,272,114,303,50,0,-5
76,231713,272,109,303,50,0,-5
76,231730,272,104,303,50,0,-5
76,231747,272,99,303,50,0,-5
76,231764,272,94,303,50,0,-5
76,231781,272,89,303,50,0,-5
76,231798,272,84,303,50,0,-5
76,231815,272,79,303,50,0,-5
76,231832,272,74,303,50,0,-5
76,231849,272,69,303,50,0,-5
76,231866,277,64,303,50,5,-5
76,231883,282,64,303,50,5,0
76,231900,287,64,303,50,5,0
76,231917,292,64,303,50,5,0
76,231934,297,64,303,50,5,0
76,231951,302,64,303,50,5,0
77,233787,705,241,120,327,-5,0
77,233804,700,241,120,327,-5,0
77,233821,695,241,120,327,-5,0
77,233839,690,241,120,327,-5,0
77,233856,685,241,120,327,-5,0
77,233873,680,241,120,327,-5,0
77,233890,675,241,120,327,-5,0
77,233907,670,241,120,327,-5,0
77,233924,665,241,120,327,-5,0
77,233942,660,241,120,327,-5,0
77,233959,655,241,120,327,-5,0
77,233975,650,241,120,327,-5,0
77,233992,645,241,120,327,-5,0
77,234009,640,241,120,327,-5,0
77,234026,635,241,120,327,-5,0
77,234042,630,241,120,327,-5,0
77,234059,625,241,120,327,-5,0
77,234076,620,241,120,327,-5,0
77,234094,615,241,120,327,-5,0
77,234111,610,241,120,327,-5,0
77,234128,605,241,120,327,-5,0
77,234145,600,241,120,327,-5,0
77,234162,595,241,120,327,-5,0
77,234179,590,241,120,327,-5,0
77,234196,585,241,120,327,-5,0
77,234213,580,241,120,327,-5,0
77,234229,575,241,120,327,-5,0
77,234246,570,241,120,327,-5,0
77,234263,565,241,120,327,-5,0
77,234280,560,241,120,327,-5,0
77,234297,555,241,120,327,-5,0
77,234314,550,241,120,327,-5,0
77,234332,545,241,120,327,-5,0
77,234349,540,241,120,327,-5,0
77,234366,535,241,120,327,-5,0
77,234383,530,241,120,327,-5,0
77,234399,525,241,120,327,-5,0
77,234416,520,241,120,327,-5,0
77,234433,515,241,120,327,-5,0
77,234450,510,241,120,327,-5,0
77,234467,505,241,120,327,-5,0
77,234484,500,241,120,327,-5,0
77,234501,495,241,120,327,-5,0
77,234518,490,241,120,327,-5,0
77,234535,485,241,120,327,-5,0
77,234552,480,241,120,327,-5,0
77,234569,475,241,120,327,-5,0
77,234586,470,241,120,327,-5,0
77,234602,465,241,120,327,-5,0
77,234619,460,241,120,327,-5,0
77,234636,455,241,120,327,-5,0
77,234653,450,241,120,327,-5,0
77,234670,445,241,120,327,-5,0
77,234687,440,241,120,327,-5,0
77,234704,435,241,120,327,-5,0
77,234721,430,241,120,327,-5,0
77,234738,425,241,120,327,-5,0
77,234755,420,246,120,327,-5,5
77,234772,415,251,120,327,-5,5
77,234789,410,256,120,327,-5,5
77,234806,405,261,120,327,-5,5
77,234823,400,266,120,327,-5,5
77,234840,395,271,120,327,-5,5
77,234856,390,276,120,327,-5,5
77,234873,385,281,120,327,-5,5
77,234890,380,286,120,327,-5,5
77,234907,375,291,120,327,-5,5
77,234924,370,296,120,327,-5,5
77,234940,365,301,120,327,-5,5
77,234957,360,306,120,327,-5,5
77,234974,355,311,120,327,-5,5
77,234991,350,316,120,327,-5,5
77,235008,345,321,120,327,-5,5
77,235025,340,326,120,327,-5,5
77,235042,335,331,120,327,-5,5
77,235059,330,336,120,327,-5,5
77,235076,325,336,120,327,-5,0
77,235093,320,336,120,327,-5,0
77,235110,315,336,120,327,-5,0
77,235127,310,336,120,327,-5,0
77,235144,305,336,120,327,-5,0
77,235161,300,336,120,327,-5,0
77,235179,295,336,120,327,-5,0
77,235196,290,336,120,327,-5,0
77,235213,285,336,120,327,-5,0
77,235230,280,336,120,327,-5,0
77,235247,275,336,120,327,-5,0
77,235264,270,336,120,327,-5,0
77,235281,265,336,120,327,-5,0
77,235298,260,336,120,327,-5,0
77,235315,255,336,120,327,-5,0
77,235332,250,336,120,327,-5,0
77,235349,245,336,120,327,-5,0
77,235366,240,336,120,327,-5,0
77,235383,235,336,120,327,-5,0
77,235400,230,336,120,327,-5,0
77,235417,225,336,120,327,-5,0
77,235434,220,336,120,327,-5,0
77,235451,215,336,120,327,-5,0
77,235468,210,336,120,327,-5,0
77,235485,205,336,120,327,-5,0
77,235502,200,336,120,327,-5,0
77,235519,195,336,120,327,-5,0
77,235536,190,336,120,327,-5,0
77,235552,185,336,120,327,-5,0
77,235569,180,336,120,327,-5,0
77,235586,175,336,120,327,-5,0
77,235602,170,336,120,327,-5,0
77,235619,165,336,120,327,-5,0
77,235636,160,336,120,327,-5,0
77,235653,155,336,120,327,-5,0
77,235670,150,336,120,327,-5,0
77,235687,145,336,120,327,-5,0
77,235704,140,336,120,327,-5,0
78,237626,192,157,38,382,0,5
78,237643,192,162,38,382,0,5
78,237660,192,167,38,382,0,5
78,237677,192,172,38,382,0,5
78,237693,192,177,38,382,0,5
78,237710,192,182,38,382,0,5
78,237727,192,187,38,382,0,5
78,237743,192,192,38,382,0,5
78,237760,192,197,38,382,0,5
78,237777,192,202,38,382,0,5
78,237794,192,207,38,382,0,5
78,237811,192,212,38,382,0,5
78,237827,192,217,38,382,0,5
78,237844,192,222,38,382,0,5
78,237861,192,227,38,382,0,5
78,237879,192,232,38,382,0,5
78,237895,192,237,38,382,0,5
78,237912,187,242,38,382,-5,5
78,237928,182,247,38,382,-5,5
78,237945,177,252,38,382,-5,5
78,237962,172,257,38,382,-5,5
78,237978,167,262,38,382,-5,5
78,237995,162,267,38,382,-5,5
78,238012,157,272,38,382,-5,5
78,238029,152,277,38,382,-5,5
78,238046,147,282,38,382,-5,5
78,238063,142,287,38,382,-5,5
78,238080,137,292,38,382,-5,5
78,238097,132,297,38,382,-5,5
78,238114,127,302,38,382,-5,5
78,238131,122,307,38,382,-5,5
78,238148,117,312,38,382,-5,5
78,238165,112,317,38,382,-5,5
78,238182,107,322,38,382,-5,5
78,238199,102,327,38,382,-5,5
78,238216,97,332,38,382,-5,5
78,238233,92,337,38,382,-5,5
78,238249,87,342,38,382,-5,5
78,238266,82,347,38,382,-5,5
78,238282,77,352,38,382,-5,5
78,238299,72,357,38,382,-5,5
78,238316,67,357,38,382,-5,0
78,238333,62,357,38,382,-5,0
78,238350,57,357,38,382,-5,0
78,238367,52,357,38,382,-5,0
78,238384,47,357,38,382,-5,0
78,238402,42,357,38,382,-5,0
78,238419,37,357,38,382,-5,0
78,238436,32,357,38,382,-5,0
78,238453,27,357,38,382,-5,0
78,238772,32,357,38,382,5,0
78,238789,37,357,38,382,5,0
78,238806,42,357,38,382,5,0
78,238822,47,357,38,382,5,0
78,238839,52,357,38,382,5,0
78,238975,52,362,38,382,0,5
78,238992,52,367,38,382,0,5
78,239008,52,372,38,382,0,5
78,239024,52,377,38,382,0,5
78,239041,52,382,38,382,0,5
79,240781,193,496,573,261,5,0
79,240798,198,496,573,261,5,0
79,240815,203,496,573,261,5,0
79,240832,208,496,573,261,5,0
79,240849,213,496,573,261,5,0
79,240866,218,496,573,261,5,0
79,240883,223,496,573,261,5,0
79,240900,228,496,573,261,5,0
79,240918,233,496,573,261,5,0
79,240936,238,496,573,261,5,0
79,240952,243,496,573,261,5,0
79,240969,248,491,573,261,5,-5
79,240986,253,486,573,261,5,-5
79,241003,258,481,573,261,5,-5
79,241020,263,476,573,261,5,-5
79,241037,268,471,573,261,5,-5
79,241054,273,466,573,261,5,-5
79,241071,278,461,573,261,5,-5
79,241088,283,456,573,261,5,-5
79,241105,288,451,573,261,5,-5
79,241122,293,446,573,261,5,-5
79,241139,298,441,573,261,5,-5
79,241156,303,436,573,261,5,-5
79,241173,308,431,573,261,5,-5
79,241189,313,426,573,261,5,-5
79,241206,318,421,573,261,5,-5
79,241223,323,416,573,261,5,-5
79,241240,328,411,573,261,5,-5
79,241257,333,406,573,261,5,-5
79,241274,338,401,573,261,5,-5
79,241291,343,396,573,261,5,-5
79,241308,348,396,573,261,5,0
79,241325,353,396,573,261,5,0
79,241342,358,396,573,261,5,0
79,241359,363,396,573,261,5,0
79,241376,368,396,573,261,5,0
79,241393,373,396,573,261,5,0
79,241410,378,396,573,261,5,0
79,241427,383,396,573,261,5,0
79,241444,388,396,573,261,5,0
79,241461,393,396,573,261,5,0
79,241478,398,396,573,261,5,0
79,241494,403,396,573,261,5,0
79,241510,408,391,573,261,5,-5
79,241527,413,386,573,261,5,-5
79,241544,418,381,573,261,5,-5
79,241561,423,376,573,261,5,-5
79,241578,428,371,573,261,5,-5
79,241595,433,366,573,261,5,-5
79,241611,438,361,573,261,5,-5
79,241627,443,356,573,261,5,-5
79,241644,448,351,573,261,5,-5
79,241661,453,346,573,261,5,-5
79,241679,458,341,573,261,5,-5
79,241694,463,336,573,261,5,-5
79,241710,468,331,573,261,5,-5
79,241727,473,326,573,261,5,-5
79,241744,478,321,573,261,5,-5
79,241761,483,316,573,261,5,-5
79,241778,488,311,573,261,5,-5
79,241795,493,306,573,261,5,-5
79,241812,498,301,573,261,5,-5
79,241829,503,301,573,261,5,0
79,241845,508,301,573,261,5,0
79,241862,513,301,573,261,5,0
79,241879,518,301,573,261,5,0
79,241896,523,301,573,261,5,0
79,241913,528,301,573,261,5,0
79,241930,533,301,573,261,5,0
79,241947,538,301,573,261,5,0
79,241964,543,301,573,261,5,0
79,241981,548,301,573,261,5,0
79,241998,553,301,573,261,5,0
79,242015,558,301,573,261,5,0
79,242031,563,301,573,261,5,0
79,242048,568,301,573,261,5,0
79,242064,573,301,573,261,5,0
79,242081,578,301,573,261,5,0
79,242098,583,301,573,261,5,0
79,242114,588,296,573,261,5,-5
79,242131,593,291,573,261,5,-5
79,242148,598,286,573,261,5,-5
79,242165,603,281,573,261,5,-5
79,242182,608,276,573,261,5,-5
79,242199,613,271,573,261,5,-5
79,242216,618,266,573,261,5,-5
79,242420,613,266,573,261,-5,0
79,242437,608,266,573,261,-5,0
79,242453,603,266,573,261,-5,0
79,242470,598,266,573,261,-5,0
79,242487,593,266,573,261,-5,0
80,244101,289,460,84,1,0,-5
80,244118,289,455,84,1,0,-5
80,244135,289,450,84,1,0,-5
80,244152,289,445,84,1,0,-5
80,244169,289,440,84,1,0,-5
80,244185,289,435,84,1,0,-5
80,244202,289,430,84,1,0,-5
80,244219,289,425,84,1,0,-5
80,244236,289,420,84,1,0,-5
80,244253,289,415,84,1,0,-5
80,244270,289,410,84,1,0,-5
80,244287,289,405,84,1,0,-5
80,244304,289,400,84,1,0,-5
80,244321,289,395,84,1,0,-5
80,244338,289,390,84,1,0,-5
80,244355,289,385,84,1,0,-5
80,244372,284,380,84,1,-5,-5
80,244389,279,375,84,1,-5,-5
80,244406,274,370,84,1,-5,-5
80,244423,269,365,84,1,-5,-5
80,244440,264,360,84,1,-5,-5
80,244457,259,355,84,1,-5,-5
80,244474,254,350,84,1,-5,-5
80,244490,249,345,84,1,-5,-5
80,244507,249,340,84,1,0,-5
80,244524,249,335,84,1,0,-5
80,244541,249,330,84,1,0,-5
80,244558,249,325,84,1,0,-5
80,244575,249,320,84,1,0,-5
80,244592,249,315,84,1,0,-5
80,244609,249,310,84,1,0,-5
80,244626,249,305,84,1,0,-5
80,244642,249,300,84,1,0,-5
80,244659,249,295,84,1,0,-5
80,244676,244,290,84,1,-5,-5
80,244693,239,285,84,1,-5,-5
80,244710,234,280,84,1,-5,-5
80,244727,229,275,84,1,-5,-5
80,244744,224,270,84,1,-5,-5
80,244762,219,265,84,1,-5,-5
80,244779,214,260,84,1,-5,-5
80,244796,209,255,84,1,-5,-5
80,244813,204,250,84,1,-5,-5
80,244829,199,245,84,1,-5,-5
80,244846,194,240,84,1,-5,-5
80,244863,189,235,84,1,-5,-5
80,244880,184,230,84,1,-5,-5
80,244897,179,225,84,1,-5,-5
80,244914,174,220,84,1,-5,-5
80,244931,169,215,84,1,-5,-5
80,244947,169,210,84,1,0,-5
80,244964,169,205,84,1,0,-5
80,244981,169,200,84,1,0,-5
80,244998,169,195,84,1,0,-5
80,245015,169,190,84,1,0,-5
80,245032,169,185,84,1,0,-5
80,245049,169,180,84,1,0,-5
80,245066,169,175,84,1,0,-5
80,245082,169,170,84,1,0,-5
80,245099,164,165,84,1,-5,-5
80,245116,159,160,84,1,-5,-5
80,245133,154,155,84,1,-5,-5
80,245150,149,150,84,1,-5,-5
80,245167,144,145,84,1,-5,-5
80,245184,139,140,84,1,-5,-5
80,245201,134,135,84,1,-5,-5
80,245218,129,130,84,1,-5,-5
80,245235,129,125,84,1,0,-5
80,245252,129,120,84,1,0,-5
80,245269,129,115,84,1,0,-5
80,245286,129,110,84,1,0,-5
80,245303,129,105,84,1,0,-5
80,245320,129,100,84,1,0,-5
80,245337,129,95,84,1,0,-5
80,245354,129,90,84,1,0,-5
80,245371,129,85,84,1,0,-5
80,245389,124,80,84,1,-5,-5
80,245406,119,75,84,1,-5,-5
80,245423,114,70,84,1,-5,-5
80,245440,109,65,84,1,-5,-5
80,245457,104,60,84,1,-5,-5
80,245474,99,55,84,1,-5,-5
80,245491,94,50,84,1,-5,-5
80,245508,89,45,84,1,-5,-5
80,245524,84,45,84,1,-5,0
80,245542,79,45,84,1,-5,0
80,245559,74,45,84,1,-5,0
80,245912,79,45,84,1,5,0
80,245929,84,45,84,1,5,0
80,245946,89,45,84,1,5,0
80,245963,94,45,84,1,5,0
80,246129,94,40,84,1,0,-5
80,246145,94,35,84,1,0,-5
80,246162,94,30,84,1,0,-5
80,246179,94,25,84,1,0,-5
81,247795,516,527,594,408,5,0
81,247812,521,527,594,408,5,0
81,247829,526,527,594,408,5,0
81,247845,531,527,594,408,5,0
81,247862,536,527,594,408,5,0
81,247877,541,527,594,408,5,0
81,247893,546,527,594,408,5,0
81,247910,551,527,594,408,5,0
81,247926,556,527,594,408,5,0
81,247943,561,522,594,408,5,-5
81,247960,566,517,594,408,5,-5
81,247976,571,512,594,408,5,-5
81,247993,576,507,594,408,5,-5
81,248010,581,502,594,408,5,-5
81,248028,586,497,594,408,5,-5
81,248045,591,492,594,408,5,-5
81,248062,591,487,594,408,0,-5
81,248079,591,482,594,408,0,-5
81,248096,591,477,594,408,0,-5
81,248113,591,472,594,408,0,-5
81,248130,591,467,594,408,0,-5
81,248147,591,462,594,408,0,-5
81,248164,591,457,594,408,0,-5
81,248181,591,452,594,408,0,-5
81,248198,591,447,594,408,0,-5
81,248215,591,442,594,408,0,-5
81,248232,591,437,594,408,0,-5
81,248249,591,432,594,408,0,-5
81,248383,591,427,594,408,0,-5
81,248399,591,422,594,408,0,-5
82,250086,710,367,125,376,-5,0
82,250103,705,367,125,376,-5,0
82,250120,700,367,125,376,-5,0
82,250137,695,367,125,376,-5,0
82,250154,690,367,125,376,-5,0
82,250171,685,367,125,376,-5,0
82,250188,680,367,125,376,-5,0
82,250205,675,367,125,376,-5,0
82,250222,670,367,125,376,-5,0
82,250239,665,367,125,376,-5,0
82,250256,660,367,125,376,-5,0
82,250273,655,367,125,376,-5,0
82,250290,650,367,125,376,-5,0
82,250307,645,367,125,376,-5,0
82,250324,640,367,125,376,-5,0
82,250341,635,367,125,376,-5,0
82,250358,630,367,125,376,-5,0
82,250375,625,367,125,376,-5,0
82,250392,620,367,125,376,-5,0
82,250409,615,367,125,376,-5,0
82,250426,610,367,125,376,-5,0
82,250443,605,367,125,376,-5,0
82,250460,600,367,125,376,-5,0
82,250477,595,367,125,376,-5,0
82,250494,590,367,125,376,-5,0
82,250511,585,372,125,376,-5,5
82,250528,580,377,125,376,-5,5
82,250545,575,382,125,376,-5,5
82,250562,570,387,125,376,-5,5
82,250579,565,392,125,376,-5,5
82,250596,560,397,125,376,-5,5
82,250613,555,402,125,376,-5,5
82,250630,550,402,125,376,-5,0
82,250647,545,402,125,376,-5,0
82,250664,540,402,125,376,-5,0
82,250681,535,402,125,376,-5,0
82,250697,530,402,125,376,-5,0
82,250714,525,402,125,376,-5,0
82,250730,520,402,125,376,-5,0
82,250747,515,402,125,376,-5,0
82,250764,510,402,125,376,-5,0
82,250781,505,402,125,376,-5,0
82,250798,500,402,125,376,-5,0
82,250814,495,402,125,376,-5,0
82,250831,490,402,125,376,-5,0
82,250848,485,402,125,376,-5,0
82,250865,480,402,125,376,-5,0
82,250882,475,402,125,376,-5,0
82,250899,470,402,125,376,-5,0
82,250916,465,402,125,376,-5,0
82,250933,460,402,125,376,-5,0
82,250950,455,402,125,376,-5,0
82,250967,450,402,125,376,-5,0
82,250984,445,402,125,376,-5,0
82,251001,440,402,125,376,-5,0
82,251018,435,402,125,376,-5,0
82,251036,430,402,125,376,-5,0
82,251053,425,402,125,376,-5,0
82,251070,420,402,125,376,-5,0
82,251087,415,402,125,376,-5,0
82,251104,410,397,125,376,-5,-5
82,251121,405,392,125,376,-5,-5
82,251138,400,392,125,376,-5,0
82,251155,395,392,125,376,-5,0
82,251171,390,392,125,376,-5,0
82,251187,385,392,125,376,-5,0
82,251203,380,392,125,376,-5,0
82,251220,375,392,125,376,-5,0
82,251237,370,392,125,376,-5,0
82,251254,365,392,125,376,-5,0
82,251270,360,392,125,376,-5,0
82,251286,355,392,125,376,-5,0
82,251303,350,392,125,376,-5,0
82,251320,345,392,125,376,-5,0
82,251337,340,392,125,376,-5,0
82,251354,335,392,125,376,-5,0
82,251371,330,392,125,376,-5,0
82,251389,325,392,125,376,-5,0
82,251406,320,392,125,376,-5,0
82,251423,315,392,125,376,-5,0
82,251440,310,392,125,376,-5,0
82,251457,305,392,125,376,-5,0
82,251474,300,392,125,376,-5,0
82,251491,295,392,125,376,-5,0
82,251508,290,392,125,376,-5,0
82,251524,285,392,125,376,-5,0
82,251540,280,392,125,376,-5,0
82,251556,275,392,125,376,-5,0
82,251573,270,392,125,376,-5,0
82,251590,265,392,125,376,-5,0
82,251606,260,392,125,376,-5,0
82,251623,255,392,125,376,-5,0
82,251640,250,392,125,376,-5,0
82,251657,245,392,125,376,-5,0
82,251674,240,392,125,376,-5,0
82,251691,235,392,125,376,-5,0
82,251707,230,392,125,376,-5,0
82,251724,225,392,125,376,-5,0
82,251741,220,392,125,376,-5,0
82,251758,215,392,125,376,-5,0
82,251775,210,392,125,376,-5,0
82,251792,205,392,125,376,-5,0
82,251809,200,392,125,376,-5,0
82,251826,195,392,125,376,-5,0
82,251843,190,392,125,376,-5,0
82,251860,185,392,125,376,-5,0
82,251877,180,392,125,376,-5,0
82,251894,175,392,125,376,-5,0
82,251911,170,392,125,376,-5,0
82,251928,165,392,125,376,-5,0
82,251945,160,392,125,376,-5,0
82,251962,155,392,125,376,-5,0
82,251978,150,392,125,376,-5,0
82,251995,145,392,125,376,-5,0
83,253597,376,335,219,125,0,-5
83,253614,376,330,219,125,0,-5
83,253631,376,325,219,125,0,-5
83,253648,376,320,219,125,0,-5
83,253665,376,315,219,125,0,-5
83,253681,376,310,219,125,0,-5
83,253698,376,305,219,125,0,-5
83,253715,376,300,219,125,0,-5
83,253732,376,295,219,125,0,-5
83,253749,376,290,219,125,0,-5
83,253766,376,285,219,125,0,-5
83,253783,376,280,219,125,0,-5
83,253800,376,275,219,125,0,-5
83,253816,371,270,219,125,-5,-5
83,253833,366,265,219,125,-5,-5
83,253850,361,260,219,125,-5,-5
83,253867,356,255,219,125,-5,-5
83,253884,351,250,219,125,-5,-5
83,253901,346,245,219,125,-5,-5
83,253918,341,240,219,125,-5,-5
83,253935,336,235,219,125,-5,-5
83,253951,331,230,219,125,-5,-5
83,253968,326,225,219,125,-5,-5
83,253985,321,220,219,125,-5,-5
83,254002,316,215,219,125,-5,-5
83,254019,311,210,219,125,-5,-5
83,254035,306,205,219,125,-5,-5
83,254052,301,200,219,125,-5,-5
83,254069,296,195,219,125,-5,-5
83,254085,291,190,219,125,-5,-5
83,254101,286,185,219,125,-5,-5
83,254117,281,180,219,125,-5,-5
83,254134,276,175,219,125,-5,-5
83,254151,271,170,219,125,-5,-5
83,254168,266,165,219,125,-5,-5
83,254185,261,160,219,125,-5,-5
83,254202,256,160,219,125,-5,0
83,254219,251,160,219,125,-5,0
83,254236,246,160,219,125,-5,0
83,254252,241,160,219,125,-5,0
83,254269,236,160,219,125,-5,0
83,254286,231,160,219,125,-5,0
83,254303,226,160,219,125,-5,0
83,254488,226,155,219,125,0,-5
83,254505,226,150,219,125,0,-5
83,254522,226,145,219,125,0,-5
84,256362,698,546,725,488,5,0
84,256379,703,546,725,488,5,0
84,256396,708,546,725,488,5,0
84,256413,713,546,725,488,5,0
84,256481,713,541,725,488,0,-5
84,256498,713,536,725,488,0,-5
84,256515,713,531,725,488,0,-5
84,256533,713,526,725,488,0,-5
84,256549,713,521,725,488,0,-5
84,256565,713,516,725,488,0,-5
84,256582,713,511,725,488,0,-5
84,256599,713,506,725,488,0,-5
84,256616,713,501,725,488,0,-5
84,256633,713,496,725,488,0,-5
84,256649,713,491,725,488,0,-5
84,256666,713,486,725,488,0,-5
84,256683,713,481,725,488,0,-5
84,256700,713,476,725,488,0,-5
84,257069,713,481,725,488,0,5
84,257085,713,486,725,488,0,5
84,257101,713,491,725,488,0,5
84,257118,713,496,725,488,0,5
84,257355,718,496,725,488,5,0
84,257372,723,496,725,488,5,0
85,258987,373,288,717,134,5,0
85,259004,378,288,717,134,5,0
85,259021,383,288,717,134,5,0
85,259037,388,288,717,134,5,0
85,259054,393,288,717,134,5,0
85,259071,398,288,717,134,5,0
85,259088,403,288,717,134,5,0
85,259105,408,288,717,134,5,0
85,259122,413,288,717,134,5,0
85,259139,418,288,717,134,5,0
85,259156,423,288,717,134,5,0
85,259173,428,288,717,134,5,0
85,259189,433,283,717,134,5,-5
85,259205,438,278,717,134,5,-5
85,259222,443,273,717,134,5,-5
85,259239,448,268,717,134,5,-5
85,259256,453,263,717,134,5,-5
85,259273,458,258,717,134,5,-5
85,259290,463,253,717,134,5,-5
85,259307,468,248,717,134,5,-5
85,259324,473,243,717,134,5,-5
85,259341,478,238,717,134,5,-5
85,259358,483,233,717,134,5,-5
85,259375,488,228,717,134,5,-5
85,259392,493,223,717,134,5,-5
85,259409,498,218,717,134,5,-5
85,259426,503,218,717,134,5,0
85,259442,508,218,717,134,5,0
85,259459,513,218,717,134,5,0
85,259476,518,218,717,134,5,0
85,259492,523,218,717,134,5,0
85,259509,528,218,717,134,5,0
85,259526,533,218,717,134,5,0
85,259542,538,218,717,134,5,0
85,259559,543,218,717,134,5,0
85,259575,548,218,717,134,5,0
85,259592,553,213,717,134,5,-5
85,259609,558,208,717,134,5,-5
85,259624,563,203,717,134,5,-5
85,259640,568,198,717,134,5,-5
85,259657,573,193,717,134,5,-5
85,259674,578,188,717,134,5,-5
85,259691,583,183,717,134,5,-5
85,259708,588,183,717,134,5,0
85,259724,593,183,717,134,5,0
85,259741,598,183,717,134,5,0
85,259758,603,183,717,134,5,0
85,259775,608,183,717,134,5,0
85,259791,613,183,717,134,5,0
85,259807,618,183,717,134,5,0
85,259824,623,183,717,134,5,0
85,259841,628,183,717,134,5,0
85,259858,633,178,717,134,5,-5
85,259874,638,173,717,134,5,-5
85,259890,643,168,717,134,5,-5
85,259907,648,163,717,134,5,-5
85,259924,653,158,717,134,5,-5
85,259941,658,153,717,134,5,-5
85,259958,663,153,717,134,5,0
85,259975,668,153,717,134,5,0
85,259992,673,153,717,134,5,0
85,260009,678,153,717,134,5,0
85,260026,683,153,717,134,5,0
85,260043,688,153,717,134,5,0
85,260060,693,153,717,134,5,0
85,260077,698,153,717,134,5,0
85,260094,703,153,717,134,5,0
85,260111,708,153,717,134,5,0
85,260127,713,153,717,134,5,0
86,261980,513,278,315,470,0,5
86,261996,513,283,315,470,0,5
86,262013,513,288,315,470,0,5
86,262030,513,293,315,470,0,5
86,262046,513,298,315,470,0,5
86,262063,513,303,315,470,0,5
86,262079,513,308,315,470,0,5
86,262095,513,313,315,470,0,5
86,262112,513,318,315,470,0,5
86,262129,513,323,315,470,0,5
86,262146,508,328,315,470,-5,5
86,262163,503,333,315,470,-5,5
86,262181,498,338,315,470,-5,5
86,262198,493,343,315,470,-5,5
86,262215,488,348,315,470,-5,5
86,262232,483,353,315,470,-5,5
86,262249,478,358,315,470,-5,5
86,262266,473,363,315,470,-5,5
86,262282,468,368,315,470,-5,5
86,262299,463,373,315,470,-5,5
86,262316,458,378,315,470,-5,5
86,262333,453,383,315,470,-5,5
86,262350,448,388,315,470,-5,5
86,262367,443,393,315,470,-5,5
86,262384,438,398,315,470,-5,5
86,262401,433,403,315,470,-5,5
86,262418,428,408,315,470,-5,5
86,262435,423,413,315,470,-5,5
86,262452,418,418,315,470,-5,5
86,262469,413,423,315,470,-5,5
86,262485,408,428,315,470,-5,5
86,262502,403,433,315,470,-5,5
86,262518,398,438,315,470,-5,5
86,262535,393,443,315,470,-5,5
86,262552,388,448,315,470,-5,5
86,262568,383,453,315,470,-5,5
86,262585,378,458,315,470,-5,5
86,262601,373,463,315,470,-5,5
86,262617,368,468,315,470,-5,5
86,262634,363,473,315,470,-5,5
86,262650,358,478,315,470,-5,5
86,262667,353,483,315,470,-5,5
86,262684,348,488,315,470,-5,5
86,262701,343,493,315,470,-5,5
86,262717,338,498,315,470,-5,5
86,262734,333,498,315,470,-5,0
86,262751,328,498,315,470,-5,0
86,262768,323,498,315,470,-5,0
86,263021,323,493,315,470,0,-5
87,264652,256,519,15,498,-5,0
87,264668,251,519,15,498,-5,0
87,264686,246,519,15,498,-5,0
87,264703,241,519,15,498,-5,0
87,264720,236,519,15,498,-5,0
87,264737,231,519,15,498,-5,0
87,264754,226,519,15,498,-5,0
87,264771,221,519,15,498,-5,0
87,264788,216,519,15,498,-5,0
87,264805,211,519,15,498,-5,0
87,264822,206,519,15,498,-5,0
87,264839,201,519,15,498,-5,0
87,264856,196,519,15,498,-5,0
87,264873,191,519,15,498,-5,0
87,264890,186,519,15,498,-5,0
87,264907,181,519,15,498,-5,0
87,264924,176,519,15,498,-5,0
87,264941,171,519,15,498,-5,0
87,264958,166,519,15,498,-5,0
87,264975,161,519,15,498,-5,0
87,264992,156,519,15,498,-5,0
87,265009,151,519,15,498,-5,0
87,265026,146,519,15,498,-5,0
87,265043,141,519,15,498,-5,0
87,265060,136,519,15,498,-5,0
87,265077,131,519,15,498,-5,0
87,265093,126,519,15,498,-5,0
87,265110,121,519,15,498,-5,0
87,265127,116,519,15,498,-5,0
87,265144,111,519,15,498,-5,0
87,265161,106,519,15,498,-5,0
87,265178,101,519,15,498,-5,0
87,265195,96,519,15,498,-5,0
87,265212,91,519,15,498,-5,0
87,265229,86,519,15,498,-5,0
87,265245,81,519,15,498,-5,0
87,265262,76,519,15,498,-5,0
87,265279,71,519,15,498,-5,0
87,265296,66,519,15,498,-5,0
87,265313,61,519,15,498,-5,0
87,265330,56,519,15,498,-5,0
87,265347,51,519,15,498,-5,0
87,265364,46,519,15,498,-5,0
87,265381,41,519,15,498,-5,0
87,265398,36,519,15,498,-5,0
87,265415,31,519,15,498,-5,0
87,265433,26,519,15,498,-5,0
87,265450,21,519,15,498,-5,0
87,265467,16,519,15,498,-5,0
88,267637,352,9,225,480,0,5
88,267653,352,14,225,480,0,5
88,267670,352,19,225,480,0,5
88,267686,352,24,225,480,0,5
88,267703,352,29,225,480,0,5
88,267720,352,34,225,480,0,5
88,267737,352,39,225,480,0,5
88,267753,352,44,225,480,0,5
88,267769,352,49,225,480,0,5
88,267787,352,54,225,480,0,5
88,267803,352,59,225,480,0,5
88,267820,352,64,225,480,0,5
88,267837,352,69,225,480,0,5
88,267854,352,74,225,480,0,5
88,267871,352,79,225,480,0,5
88,267888,352,84,225,480,0,5
88,267905,352,89,225,480,0,5
88,267922,347,94,225,480,-5,5
88,267939,342,99,225,480,-5,5
88,267956,337,104,225,480,-5,5
88,267973,332,109,225,480,-5,5
88,267990,327,114,225,480,-5,5
88,268007,322,119,225,480,-5,5
88,268023,317,124,225,480,-5,5
88,268040,312,129,225,480,-5,5
88,268057,307,134,225,480,-5,5
88,268074,302,139,225,480,-5,5
88,268090,302,144,225,480,0,5
88,268106,302,149,225,480,0,5
88,268123,302,154,225,480,0,5
88,268140,302,159,225,480,0,5
88,268157,302,164,225,480,0,5
88,268175,302,169,225,480,0,5
88,268191,302,174,225,480,0,5
88,268208,302,179,225,480,0,5
88,268225,302,184,225,480,0,5
88,268243,302,189,225,480,0,5
88,268260,302,194,225,480,0,5
88,268277,297,199,225,480,-5,5
88,268294,292,204,225,480,-5,5
88,268310,287,209,225,480,-5,5
88,268327,282,214,225,480,-5,5
88,268344,277,219,225,480,-5,5
88,268360,272,224,225,480,-5,5
88,268377,267,229,225,480,-5,5
88,268393,262,234,225,480,-5,5
88,268410,262,239,225,480,0,5
88,268427,262,244,225,480,0,5
88,268444,262,249,225,480,0,5
88,268461,262,254,225,480,0,5
88,268478,262,259,225,480,0,5
88,268494,262,264,225,480,0,5
88,268511,262,269,225,480,0,5
88,268527,262,274,225,480,0,5
88,268544,262,279,225,480,0,5
88,268561,262,284,225,480,0,5
88,268578,262,289,225,480,0,5
88,268595,262,294,225,480,0,5
88,268612,262,299,225,480,0,5
88,268628,262,304,225,480,0,5
88,268645,262,309,225,480,0,5
88,268663,262,314,225,480,0,5
88,268680,262,319,225,480,0,5
88,268697,262,324,225,480,0,5
88,268714,257,329,225,480,-5,5
88,268731,252,334,225,480,-5,5
88,268748,247,339,225,480,-5,5
88,268764,242,344,225,480,-5,5
88,268781,237,349,225,480,-5,5
88,268798,232,354,225,480,-5,5
88,268815,232,359,225,480,0,5
88,268831,232,364,225,480,0,5
88,268847,232,369,225,480,0,5
88,268864,232,374,225,480,0,5
88,268881,232,379,225,480,0,5
88,268898,232,384,225,480,0,5
88,268914,232,389,225,480,0,5
88,268931,232,394,225,480,0,5
88,268948,232,399,225,480,0,5
88,268964,232,404,225,480,0,5
88,268981,232,409,225,480,0,5
88,268998,232,414,225,480,0,5
88,269014,232,419,225,480,0,5
88,269031,232,424,225,480,0,5
88,269048,232,429,225,480,0,5
88,269065,232,434,225,480,0,5
88,269082,232,439,225,480,0,5
88,269099,232,444,225,480,0,5
88,269115,232,449,225,480,0,5
88,269131,232,454,225,480,0,5
88,269148,232,459,225,480,0,5
88,269165,232,464,225,480,0,5
88,269182,232,469,225,480,0,5
88,269199,232,474,225,480,0,5
88,269216,232,479,225,480,0,5
89,270828,640,141,478,248,0,5
89,270845,640,146,478,248,0,5
89,270862,640,151,478,248,0,5
89,270880,640,156,478,248,0,5
89,270896,640,161,478,248,0,5
89,270913,640,166,478,248,0,5
89,270929,640,171,478,248,0,5
89,270946,640,176,478,248,0,5
89,270962,640,181,478,248,0,5
89,270979,640,186,478,248,0,5
89,270996,640,191,478,248,0,5
89,271012,640,196,478,248,0,5
89,271029,640,201,478,248,0,5
89,271046,640,206,478,248,0,5
89,271063,640,211,478,248,0,5
89,271080,635,216,478,248,-5,5
89,271097,630,221,478,248,-5,5
89,271114,625,226,478,248,-5,5
89,271131,620,231,478,248,-5,5
89,271148,615,236,478,248,-5,5
89,271165,610,241,478,248,-5,5
89,271182,605,246,478,248,-5,5
89,271199,600,251,478,248,-5,5
89,271216,595,256,478,248,-5,5
89,271233,590,261,478,248,-5,5
89,271250,585,261,478,248,-5,0
89,271267,580,261,478,248,-5,0
89,271284,575,261,478,248,-5,0
89,271300,570,261,478,248,-5,0
89,271317,565,261,478,248,-5,0
89,271334,560,261,478,248,-5,0
89,271351,555,261,478,248,-5,0
89,271368,550,261,478,248,-5,0
89,271384,545,261,478,248,-5,0
89,271401,540,261,478,248,-5,0
89,271418,535,261,478,248,-5,0
89,271435,530,261,478,248,-5,0
89,271452,525,261,478,248,-5,0
89,271469,520,261,478,248,-5,0
89,271486,515,261,478,248,-5,0
89,271503,510,261,478,248,-5,0
89,271520,505,261,478,248,-5,0
89,271538,500,261,478,248,-5,0
90,273259,229,112,456,493,5,0
90,273276,234,112,456,493,5,0
90,273293,239,112,456,493,5,0
90,273310,244,112,456,493,5,0
90,273327,249,112,456,493,5,0
90,273344,254,112,456,493,5,0
90,273361,259,112,456,493,5,0
90,273378,264,112,456,493,5,0
90,273395,269,112,456,493,5,0
90,273412,274,112,456,493,5,0
90,273429,279,112,456,493,5,0
90,273445,284,117,456,493,5,5
90,273462,289,122,456,493,5,5
90,273479,294,127,456,493,5,5
90,273496,299,132,456,493,5,5
90,273513,304,137,456,493,5,5
90,273530,309,142,456,493,5,5
90,273547,314,147,456,493,5,5
90,273564,319,152,456,493,5,5
90,273580,324,157,456,493,5,5
90,273597,329,162,456,493,5,5
90,273613,334,167,456,493,5,5
90,273629,339,172,456,493,5,5
90,273646,344,177,456,493,5,5
90,273663,349,182,456,493,5,5
90,273680,354,187,456,493,5,5
90,273698,359,192,456,493,5,5
90,273713,364,197,456,493,5,5
90,273730,369,202,456,493,5,5
90,273747,374,207,456,493,5,5
90,273764,379,212,456,493,5,5
90,273780,384,217,456,493,5,5
90,273797,389,222,456,493,5,5
90,273814,394,227,456,493,5,5
90,273830,399,232,456,493,5,5
90,273847,404,237,456,493,5,5
90,273864,409,242,456,493,5,5
90,273880,414,247,456,493,5,5
90,273897,419,252,456,493,5,5
90,273914,424,257,456,493,5,5
90,273931,429,262,456,493,5,5
90,273948,434,267,456,493,5,5
90,273966,439,272,456,493,5,5
90,273983,444,277,456,493,5,5
90,274000,449,282,456,493,5,5
90,274017,454,287,456,493,5,5
90,274034,454,292,456,493,0,5
90,274051,454,297,456,493,0,5
90,274068,454,302,456,493,0,5
90,274085,454,307,456,493,0,5
90,274102,454,312,456,493,0,5
90,274119,454,317,456,493,0,5
90,274136,454,322,456,493,0,5
90,274153,454,327,456,493,0,5
90,274170,454,332,456,493,0,5
90,274187,454,337,456,493,0,5
90,274203,454,342,456,493,0,5
90,274220,454,347,456,493,0,5
90,274237,454,352,456,493,0,5
90,274254,454,357,456,493,0,5
90,274271,454,362,456,493,0,5
90,274288,454,367,456,493,0,5
90,274305,454,372,456,493,0,5
90,274322,454,377,456,493,0,5
90,274339,454,382,456,493,0,5
90,274356,454,387,456,493,0,5
90,274373,454,392,456,493,0,5
90,274389,454,397,456,493,0,5
90,274406,454,402,456,493,0,5
90,274423,454,407,456,493,0,5
90,274440,454,412,456,493,0,5
90,274457,454,417,456,493,0,5
90,274474,454,422,456,493,0,5
90,274492,454,427,456,493,0,5
90,274509,454,432,456,493,0,5
90,274525,454,437,456,493,0,5
90,274542,454,442,456,493,0,5
90,274559,454,447,456,493,0,5
90,274575,454,452,456,493,0,5
90,274592,454,457,456,493,0,5
90,274609,459,462,456,493,5,5
90,274626,464,467,456,493,5,5
90,274643,469,472,456,493,5,5
90,274660,474,477,456,493,5,5
90,274677,479,482,456,493,5,5
90,274694,484,482,456,493,5,0
90,274998,479,482,456,493,-5,0
90,275015,474,482,456,493,-5,0
90,275032,469,482,456,493,-5,0
90,275050,464,482,456,493,-5,0
90,275371,464,487,456,493,0,5
90,275388,464,492,456,493,0,5
91,277543,534,324,387,114,-5,0
91,277560,529,324,387,114,-5,0
91,277577,524,324,387,114,-5,0
91,277594,519,324,387,114,-5,0
91,277611,514,324,387,114,-5,0
91,277628,509,324,387,114,-5,0
91,277645,504,324,387,114,-5,0
91,277661,499,324,387,114,-5,0
91,277677,494,324,387,114,-5,0
91,277694,489,324,387,114,-5,0
91,277710,484,324,387,114,-5,0
91,277726,479,324,387,114,-5,0
91,277743,474,324,387,114,-5,0
91,277760,469,324,387,114,-5,0
91,277776,464,324,387,114,-5,0
91,277793,459,319,387,114,-5,-5
91,277810,454,314,387,114,-5,-5
91,277827,449,309,387,114,-5,-5
91,277844,444,304,387,114,-5,-5
91,277861,439,299,387,114,-5,-5
91,277877,434,294,387,114,-5,-5
91,277894,429,289,387,114,-5,-5
91,277910,424,284,387,114,-5,-5
91,277926,419,279,387,114,-5,-5
91,277943,419,274,387,114,0,-5
91,277960,419,269,387,114,0,-5
91,277977,419,264,387,114,0,-5
91,277993,419,259,387,114,0,-5
91,278010,419,254,387,114,0,-5
91,278027,419,249,387,114,0,-5
91,278044,419,244,387,114,0,-5
91,278061,419,239,387,114,0,-5
91,278077,419,234,387,114,0,-5
91,278093,419,229,387,114,0,-5
91,278109,419,224,387,114,0,-5
91,278126,419,219,387,114,0,-5
91,278143,419,214,387,114,0,-5
91,278160,419,209,387,114,0,-5
91,278177,419,204,387,114,0,-5
91,278193,419,199,387,114,0,-5
91,278210,419,194,387,114,0,-5
91,278227,419,189,387,114,0,-5
91,278244,419,184,387,114,0,-5
91,278261,419,179,387,114,0,-5
91,278278,419,174,387,114,0,-5
91,278295,419,169,387,114,0,-5
91,278312,419,164,387,114,0,-5
91,278329,419,159,387,114,0,-5
91,278346,419,154,387,114,0,-5
91,278362,419,149,387,114,0,-5
91,278379,419,144,387,114,0,-5
91,278396,419,139,387,114,0,-5
91,278413,419,134,387,114,0,-5
91,278430,419,129,387,114,0,-5
91,278447,419,124,387,114,0,-5
91,278463,419,119,387,114,0,-5
91,278480,419,114,387,114,0,-5
91,278496,419,109,387,114,0,-5
91,278513,419,104,387,114,0,-5
91,278530,414,99,387,114,-5,-5
91,278547,409,94,387,114,-5,-5
91,278564,404,89,387,114,-5,-5
91,278581,399,84,387,114,-5,-5
91,278598,394,84,387,114,-5,0
91,278615,389,84,387,114,-5,0
91,278899,389,89,387,114,0,5
91,278916,389,94,387,114,0,5
91,278933,389,99,387,114,0,5
91,278950,389,104,387,114,0,5
91,278967,389,109,387,114,0,5
91,278984,389,114,387,114,0,5
92,280819,288,60,493,524,5,0
92,280836,293,60,493,524,5,0
92,280853,298,60,493,524,5,0
92,280870,303,60,493,524,5,0
92,280886,308,60,493,524,5,0
92,280902,313,60,493,524,5,0
92,280918,318,60,493,524,5,0
92,280935,323,60,493,524,5,0
92,280952,328,65,493,524,5,5
92,280969,333,70,493,524,5,5
92,280986,338,75,493,524,5,5
92,281002,343,80,493,524,5,5
92,281019,348,85,493,524,5,5
92,281036,353,90,493,524,5,5
92,281052,358,95,493,524,5,5
92,281069,363,100,493,524,5,5
92,281086,368,105,493,524,5,5
92,281103,373,110,493,524,5,5
92,281120,378,115,493,524,5,5
92,281137,383,120,493,524,5,5
92,281154,388,125,493,524,5,5
92,281171,393,130,493,524,5,5
92,281188,398,135,493,524,5,5
92,281205,403,140,493,524,5,5
92,281222,408,145,493,524,5,5
92,281239,413,150,493,524,5,5
92,281256,418,155,493,524,5,5
92,281273,423,160,493,524,5,5
92,281290,428,165,493,524,5,5
92,281306,433,170,493,524,5,5
92,281323,438,175,493,524,5,5
92,281340,443,180,493,524,5,5
92,281357,448,185,493,524,5,5
92,281374,453,190,493,524,5,5
92,281391,458,195,493,524,5,5
92,281408,458,200,493,524,0,5
92,281425,458,205,493,524,0,5
92,281441,458,210,493,524,0,5
92,281458,458,215,493,524,0,5
92,281474,458,220,493,524,0,5
92,281491,458,225,493,524,0,5
92,281508,458,230,493,524,0,5
92,281525,458,235,493,524,0,5
92,281542,458,240,493,524,0,5
92,281559,458,245,493,524,0,5
92,281576,458,250,493,524,0,5
92,281593,458,255,493,524,0,5
92,281610,458,260,493,524,0,5
92,281627,458,265,493,524,0,5
92,281644,458,270,493,524,0,5
92,281661,458,275,493,524,0,5
92,281678,458,280,493,524,0,5
92,281695,458,285,493,524,0,5
92,281711,458,290,493,524,0,5
92,281728,458,295,493,524,0,5
92,281745,458,300,493,524,0,5
92,281762,458,305,493,524,0,5
92,281779,458,310,493,524,0,5
92,281796,458,315,493,524,0,5
92,281813,458,320,493,524,0,5
92,281830,458,325,493,524,0,5
92,281847,458,330,493,524,0,5
92,281864,458,335,493,524,0,5
92,281881,463,340,493,524,5,5
92,281898,468,345,493,524,5,5
92,281916,473,350,493,524,5,5
92,281933,478,355,493,524,5,5
92,281949,483,360,493,524,5,5
92,281966,488,365,493,524,5,5
92,281983,488,370,493,524,0,5
92,282000,488,375,493,524,0,5
92,282017,488,380,493,524,0,5
92,282034,488,385,493,524,0,5
92,282051,488,390,493,524,0,5
92,282067,488,395,493,524,0,5
92,282083,488,400,493,524,0,5
92,282100,488,405,493,524,0,5
92,282117,488,410,493,524,0,5
92,282134,488,415,493,524,0,5
92,282151,488,420,493,524,0,5
92,282168,488,425,493,524,0,5
92,282184,488,430,493,524,0,5
92,282201,488,435,493,524,0,5
92,282218,488,440,493,524,0,5
92,282234,488,445,493,524,0,5
92,282251,488,450,493,524,0,5
92,282268,493,455,493,524,5,5
92,282285,498,460,493,524,5,5
92,282302,503,465,493,524,5,5
92,282318,508,470,493,524,5,5
92,282335,513,475,493,524,5,5
92,282352,518,480,493,524,5,5
92,282369,518,485,493,524,0,5
92,282386,518,490,493,524,0,5
92,282402,518,495,493,524,0,5
92,282419,518,500,493,524,0,5
92,282436,518,505,493,524,0,5
92,282453,518,510,493,524,0,5
92,282470,518,515,493,524,0,5
92,282487,518,520,493,524,0,5
92,282504,518,525,493,524,0,5
92,282520,518,530,493,524,0,5
92,282537,518,535,493,524,0,5
92,282554,518,540,493,524,0,5
92,282571,518,545,493,524,0,5
92,282588,518,550,493,524,0,5
93,284120,655,520,111,14,-5,0
93,284137,650,520,111,14,-5,0
93,284154,645,520,111,14,-5,0
93,284171,640,520,111,14,-5,0
93,284189,635,520,111,14,-5,0
93,284206,630,520,111,14,-5,0
93,284223,625,520,111,14,-5,0
93,284240,620,520,111,14,-5,0
93,284257,615,520,111,14,-5,0
93,284274,610,520,111,14,-5,0
93,284291,605,520,111,14,-5,0
93,284308,600,520,111,14,-5,0
93,284324,595,520,111,14,-5,0
93,284341,590,520,111,14,-5,0
93,284358,585,520,111,14,-5,0
93,284375,580,515,111,14,-5,-5
93,284392,575,510,111,14,-5,-5
93,284409,570,505,111,14,-5,-5
93,284426,565,500,111,14,-5,-5
93,284443,560,495,111,14,-5,-5
93,284460,555,490,111,14,-5,-5
93,284477,550,485,111,14,-5,-5
93,284494,545,480,111,14,-5,-5
93,284510,540,475,111,14,-5,-5
93,284528,540,470,111,14,0,-5
93,284545,540,465,111,14,0,-5
93,284562,540,460,111,14,0,-5
93,284579,540,455,111,14,0,-5
93,284596,540,450,111,14,0,-5
93,284613,540,445,111,14,0,-5
93,284630,540,440,111,14,0,-5
93,284647,540,435,111,14,0,-5
93,284664,540,430,111,14,0,-5
93,284680,540,425,111,14,0,-5
93,284697,540,420,111,14,0,-5
93,284714,540,415,111,14,0,-5
93,284731,540,410,111,14,0,-5
93,284748,540,405,111,14,0,-5
93,284764,540,400,111,14,0,-5
93,284781,540,395,111,14,0,-5
93,284798,540,390,111,14,0,-5
93,284814,540,385,111,14,0,-5
93,284831,540,380,111,14,0,-5
93,284848,535,375,111,14,-5,-5
93,284864,530,370,111,14,-5,-5
93,284881,525,365,111,14,-5,-5
93,284898,520,360,111,14,-5,-5
93,284915,515,355,111,14,-5,-5
93,284932,510,350,111,14,-5,-5
93,284948,505,345,111,14,-5,-5
93,284965,500,340,111,14,-5,-5
93,284982,495,335,111,14,-5,-5
93,284999,490,330,111,14,-5,-5
93,285015,485,325,111,14,-5,-5
93,285032,480,320,111,14,-5,-5
93,285049,475,315,111,14,-5,-5
93,285066,470,310,111,14,-5,-5
93,285083,465,305,111,14,-5,-5
93,285101,460,300,111,14,-5,-5
93,285117,455,295,111,14,-5,-5
93,285134,450,290,111,14,-5,-5
93,285151,445,285,111,14,-5,-5
93,285168,440,280,111,14,-5,-5
93,285185,435,275,111,14,-5,-5
93,285202,430,270,111,14,-5,-5
93,285219,425,265,111,14,-5,-5
93,285236,420,260,111,14,-5,-5
93,285253,415,255,111,14,-5,-5
93,285270,410,250,111,14,-5,-5
93,285287,405,245,111,14,-5,-5
93,285304,400,240,111,14,-5,-5
93,285321,395,235,111,14,-5,-5
93,285338,390,235,111,14,-5,0
93,285355,385,235,111,14,-5,0
93,285372,380,235,111,14,-5,0
93,285389,375,235,111,14,-5,0
93,285406,370,235,111,14,-5,0
93,285423,365,235,111,14,-5,0
93,285440,360,235,111,14,-5,0
93,285457,355,235,111,14,-5,0
93,285474,350,235,111,14,-5,0
93,285491,345,235,111,14,-5,0
93,285508,340,235,111,14,-5,0
93,285525,335,235,111,14,-5,0
93,285542,330,235,111,14,-5,0
93,285558,325,235,111,14,-5,0
93,285575,320,235,111,14,-5,0
93,285592,315,235,111,14,-5,0
93,285609,310,235,111,14,-5,0
93,285626,305,235,111,14,-5,0
93,285643,300,235,111,14,-5,0
93,285660,295,230,111,14,-5,-5
93,285677,290,225,111,14,-5,-5
93,285694,285,220,111,14,-5,-5
93,285710,280,215,111,14,-5,-5
93,285726,275,210,111,14,-5,-5
93,285743,270,205,111,14,-5,-5
93,285760,265,200,111,14,-5,-5
93,285776,260,195,111,14,-5,-5
93,285792,255,190,111,14,-5,-5
93,285809,250,185,111,14,-5,-5
93,285826,245,180,111,14,-5,-5
93,285843,240,175,111,14,-5,-5
93,285859,235,170,111,14,-5,-5
93,285875,230,165,111,14,-5,-5
93,285892,225,160,111,14,-5,-5
93,285908,220,155,111,14,-5,-5
93,285924,215,150,111,14,-5,-5
93,285941,210,145,111,14,-5,-5
93,285958,205,140,111,14,-5,-5
93,285975,200,135,111,14,-5,-5
93,285992,195,130,111,14,-5,-5
93,286009,190,125,111,14,-5,-5
93,286026,185,120,111,14,-5,-5
93,286043,180,115,111,14,-5,-5
93,286060,175,110,111,14,-5,-5
93,286077,170,105,111,14,-5,-5
93,286094,165,100,111,14,-5,-5
93,286110,160,95,111,14,-5,-5
93,286127,155,90,111,14,-5,-5
93,286144,150,85,111,14,-5,-5
93,286161,145,80,111,14,-5,-5
93,286178,140,75,111,14,-5,-5
93,286195,140,70,111,14,0,-5
93,286212,140,65,111,14,0,-5
93,286229,140,60,111,14,0,-5
93,286246,140,55,111,14,0,-5
93,286263,140,50,111,14,0,-5
93,286279,140,45,111,14,0,-5
93,286296,140,40,111,14,0,-5
93,286313,140,35,111,14,0,-5
93,286606,135,35,111,14,-5,0
93,286623,130,35,111,14,-5,0
93,286640,125,35,111,14,-5,0
93,286657,120,35,111,14,-5,0
93,286674,115,35,111,14,-5,0
94,288509,585,208,361,169,-5,0
94,288526,580,208,361,169,-5,0
94,288543,575,208,361,169,-5,0
94,288560,570,208,361,169,-5,0
94,288577,565,208,361,169,-5,0
94,288594,560,208,361,169,-5,0
94,288611,555,208,361,169,-5,0
94,288628,550,208,361,169,-5,0
94,288645,545,208,361,169,-5,0
94,288661,540,208,361,169,-5,0
94,288678,535,208,361,169,-5,0
94,288695,530,208,361,169,-5,0
94,288712,525,208,361,169,-5,0
94,288729,520,208,361,169,-5,0
94,288746,515,208,361,169,-5,0
94,288763,510,203,361,169,-5,-5
94,288780,505,198,361,169,-5,-5
94,288796,500,193,361,169,-5,-5
94,288813,495,188,361,169,-5,-5
94,288830,490,183,361,169,-5,-5
94,288847,485,178,361,169,-5,-5
94,288864,480,178,361,169,-5,0
94,288881,475,178,361,169,-5,0
94,288898,470,178,361,169,-5,0
94,288915,465,178,361,169,-5,0
94,288932,460,178,361,169,-5,0
94,288949,455,178,361,169,-5,0
94,288965,450,178,361,169,-5,0
94,288982,445,178,361,169,-5,0
94,288999,440,178,361,169,-5,0
94,289016,435,178,361,169,-5,0
94,289033,430,178,361,169,-5,0
94,289049,425,178,361,169,-5,0
94,289066,420,178,361,169,-5,0
94,289083,415,178,361,169,-5,0
94,289100,410,178,361,169,-5,0
94,289117,405,178,361,169,-5,0
94,289134,400,178,361,169,-5,0
94,289151,395,178,361,169,-5,0
94,289168,390,178,361,169,-5,0
94,289185,385,178,361,169,-5,0
95,290768,220,234,518,284,5,0
95,290785,225,234,518,284,5,0
95,290802,230,234,518,284,5,0
95,290819,235,234,518,284,5,0
95,290836,240,234,518,284,5,0
95,290853,245,234,518,284,5,0
95,290870,250,234,518,284,5,0
95,290886,255,234,518,284,5,0
95,290902,260,234,518,284,5,0
95,290919,265,234,518,284,5,0
95,290936,270,239,518,284,5,5
95,290953,275,244,518,284,5,5
95,290969,280,249,518,284,5,5
95,290985,285,254,518,284,5,5
95,291002,290,259,518,284,5,5
95,291019,295,264,518,284,5,5
95,291036,300,269,518,284,5,5
95,291052,305,274,518,284,5,5
95,291068,310,279,518,284,5,5
95,291085,315,284,518,284,5,5
95,291102,320,289,518,284,5,5
95,291119,325,294,518,284,5,5
95,291136,330,299,518,284,5,5
95,291153,335,299,518,284,5,0
95,291170,340,299,518,284,5,0
95,291186,345,299,518,284,5,0
95,291203,350,299,518,284,5,0
95,291220,355,299,518,284,5,0
95,291238,360,299,518,284,5,0
95,291255,365,299,518,284,5,0
95,291272,370,299,518,284,5,0
95,291289,375,299,518,284,5,0
95,291306,380,299,518,284,5,0
95,291323,385,299,518,284,5,0
95,291340,390,299,518,284,5,0
95,291357,395,299,518,284,5,0
95,291374,400,299,518,284,5,0
95,291391,405,299,518,284,5,0
95,291408,410,299,518,284,5,0
95,291425,415,299,518,284,5,0
95,291442,420,299,518,284,5,0
95,291458,425,299,518,284,5,0
95,291475,430,299,518,284,5,0
95,291493,435,299,518,284,5,0
95,291510,440,299,518,284,5,0
95,291527,445,299,518,284,5,0
95,291544,450,299,518,284,5,0
95,291561,455,299,518,284,5,0
95,291578,460,299,518,284,5,0
95,291594,465,299,518,284,5,0
95,291611,470,299,518,284,5,0
95,291627,475,299,518,284,5,0
95,291643,480,299,518,284,5,0
95,291660,485,299,518,284,5,0
95,291677,490,299,518,284,5,0
95,291694,495,299,518,284,5,0
95,291710,500,299,518,284,5,0
95,291726,505,299,518,284,5,0
95,291744,510,299,518,284,5,0
95,291761,515,299,518,284,5,0
96,293497,167,40,337,305,5,0
96,293513,172,40,337,305,5,0
96,293530,177,40,337,305,5,0
96,293548,182,40,337,305,5,0
96,293564,187,40,337,305,5,0
96,293580,192,40,337,305,5,0
96,293596,197,40,337,305,5,0
96,293613,202,40,337,305,5,0
96,293630,207,40,337,305,5,0
96,293647,212,40,337,305,5,0
96,293664,217,40,337,305,5,0
96,293682,222,40,337,305,5,0
96,293698,227,40,337,305,5,0
96,293714,232,40,337,305,5,0
96,293730,237,40,337,305,5,0
96,293747,242,45,337,305,5,5
96,293764,247,50,337,305,5,5
96,293780,252,55,337,305,5,5
96,293797,257,60,337,305,5,5
96,293814,262,65,337,305,5,5
96,293831,267,70,337,305,5,5
96,293848,272,75,337,305,5,5
96,293865,277,80,337,305,5,5
96,293882,282,85,337,305,5,5
96,293899,287,90,337,305,5,5
96,293916,292,95,337,305,5,5
96,293934,297,100,337,305,5,5
96,293950,302,105,337,305,5,5
96,293967,302,110,337,305,0,5
96,293984,302,115,337,305,0,5
96,294001,302,120,337,305,0,5
96,294018,302,125,337,305,0,5
96,294035,302,130,337,305,0,5
96,294052,302,135,337,305,0,5
96,294068,302,140,337,305,0,5
96,294085,302,145,337,305,0,5
96,294102,302,150,337,305,0,5
96,294119,302,155,337,305,0,5
96,294136,302,160,337,305,0,5
96,294153,302,165,337,305,0,5
96,294170,302,170,337,305,0,5
96,294187,302,175,337,305,0,5
96,294204,302,180,337,305,0,5
96,294221,302,185,337,305,0,5
96,294238,302,190,337,305,0,5
96,294255,302,195,337,305,0,5
96,294272,302,200,337,305,0,5
96,294289,302,205,337,305,0,5
96,294306,302,210,337,305,0,5
96,294323,302,215,337,305,0,5
96,294341,307,220,337,305,5,5
96,294358,312,225,337,305,5,5
96,294375,317,230,337,305,5,5
96,294392,322,235,337,305,5,5
96,294409,327,240,337,305,5,5
96,294426,327,245,337,305,0,5
96,294443,327,250,337,305,0,5
96,294460,327,255,337,305,0,5
96,294477,327,260,337,305,0,5
96,294494,327,265,337,305,0,5
96,294510,327,270,337,305,0,5
96,294527,327,275,337,305,0,5
96,294544,327,280,337,305,0,5
96,294561,327,285,337,305,0,5
96,294578,327,290,337,305,0,5
96,294595,327,295,337,305,0,5
96,294612,327,300,337,305,0,5
96,294629,327,305,337,305,0,5
96,294646,332,310,337,305,5,5
96,294663,337,315,337,305,5,5
97,296266,639,281,525,181,-5,0
97,296283,634,281,525,181,-5,0
97,296300,629,281,525,181,-5,0
97,296317,624,281,525,181,-5,0
97,296334,619,281,525,181,-5,0
97,296351,614,281,525,181,-5,0
97,296368,609,281,525,181,-5,0
97,296385,604,281,525,181,-5,0
97,296402,599,281,525,181,-5,0
97,296419,594,281,525,181,-5,0
97,296436,589,281,525,181,-5,0
97,296453,584,281,525,181,-5,0
97,296469,579,281,525,181,-5,0
97,296485,574,281,525,181,-5,0
97,296502,569,281,525,181,-5,0
97,296519,564,276,525,181,-5,-5
97,296536,559,271,525,181,-5,-5
97,296554,554,266,525,181,-5,-5
97,296571,549,261,525,181,-5,-5
97,296588,549,256,525,181,0,-5
97,296605,549,251,525,181,0,-5
97,296621,549,246,525,181,0,-5
97,296638,549,241,525,181,0,-5
97,296655,549,236,525,181,0,-5
97,296672,549,231,525,181,0,-5
97,296689,549,226,525,181,0,-5
97,296706,549,221,525,181,0,-5
97,296723,549,216,525,181,0,-5
97,296740,549,211,525,181,0,-5
97,296757,549,206,525,181,0,-5
97,296774,549,201,525,181,0,-5
98,298780,635,237,685,140,5,0
98,298797,640,237,685,140,5,0
98,298814,645,237,685,140,5,0
98,298831,650,237,685,140,5,0
98,298848,655,237,685,140,5,0
98,298865,660,237,685,140,5,0
98,298882,665,237,685,140,5,0
98,298900,670,232,685,140,5,-5
98,298918,675,227,685,140,5,-5
98,298935,680,222,685,140,5,-5
98,298952,685,217,685,140,5,-5
98,298969,690,212,685,140,5,-5
98,298986,695,207,685,140,5,-5
98,299002,700,202,685,140,5,-5
98,299018,705,197,685,140,5,-5
98,299035,710,192,685,140,5,-5
98,299051,715,187,685,140,5,-5
98,299068,720,182,685,140,5,-5
98,299085,725,177,685,140,5,-5
98,299102,730,172,685,140,5,-5
98,299119,735,167,685,140,5,-5
98,299136,735,162,685,140,0,-5
98,299153,735,157,685,140,0,-5
98,299169,735,152,685,140,0,-5
98,299186,735,147,685,140,0,-5
98,299203,735,142,685,140,0,-5
98,299219,735,137,685,140,0,-5
98,299389,730,137,685,140,-5,0
98,299405,725,137,685,140,-5,0
98,299421,720,137,685,140,-5,0
98,299438,715,137,685,140,-5,0
98,299455,710,137,685,140,-5,0
98,299472,705,137,685,140,-5,0
98,299488,700,137,685,140,-5,0
99,301860,588,489,710,68,0,-5
99,301877,588,484,710,68,0,-5
99,301893,588,479,710,68,0,-5
99,301910,588,474,710,68,0,-5
99,301927,588,469,710,68,0,-5
99,301944,588,464,710,68,0,-5
99,301960,588,459,710,68,0,-5
99,301977,588,454,710,68,0,-5
99,301994,588,449,710,68,0,-5
99,302011,588,444,710,68,0,-5
99,302028,588,439,710,68,0,-5
99,302044,588,434,710,68,0,-5
99,302060,588,429,710,68,0,-5
99,302077,588,424,710,68,0,-5
99,302093,588,419,710,68,0,-5
99,302109,588,414,710,68,0,-5
99,302127,588,409,710,68,0,-5
99,302144,588,404,710,68,0,-5
99,302161,588,399,710,68,0,-5
99,302178,588,394,710,68,0,-5
99,302195,588,389,710,68,0,-5
99,302212,588,384,710,68,0,-5
99,302229,588,379,710,68,0,-5
99,302246,588,374,710,68,0,-5
99,302262,588,369,710,68,0,-5
99,302279,588,364,710,68,0,-5
99,302296,588,359,710,68,0,-5
99,302313,588,354,710,68,0,-5
99,302332,588,349,710,68,0,-5
99,302348,588,344,710,68,0,-5
99,302365,588,339,710,68,0,-5
99,302382,588,334,710,68,0,-5
99,302399,588,329,710,68,0,-5
99,302416,588,324,710,68,0,-5
99,302433,588,319,710,68,0,-5
99,302449,588,314,710,68,0,-5
99,302465,588,309,710,68,0,-5
99,302481,588,304,710,68,0,-5
99,302498,588,299,710,68,0,-5
99,302515,588,294,710,68,0,-5
99,302532,588,289,710,68,0,-5
99,302549,588,284,710,68,0,-5
99,302565,588,279,710,68,0,-5
99,302581,588,274,710,68,0,-5
99,302598,588,269,710,68,0,-5
99,302615,588,264,710,68,0,-5
99,302632,588,259,710,68,0,-5
99,302649,588,254,710,68,0,-5
99,302666,593,249,710,68,5,-5
99,302683,598,244,710,68,5,-5
99,302700,603,239,710,68,5,-5
99,302717,608,234,710,68,5,-5
99,302734,613,229,710,68,5,-5
99,302751,618,224,710,68,5,-5
99,302767,623,219,710,68,5,-5
99,302783,628,214,710,68,5,-5
99,302800,633,209,710,68,5,-5
99,302817,633,204,710,68,0,-5
99,302834,633,199,710,68,0,-5
99,302851,633,194,710,68,0,-5
99,303006,638,194,710,68,5,0
99,303023,643,194,710,68,5,0
99,303040,648,194,710,68,5,0
99,303057,653,194,710,68,5,0
99,303074,658,194,710,68,5,0
99,303091,663,194,710,68,5,0
99,303107,668,194,710,68,5,0
99,303259,668,189,710,68,0,-5
99,303276,668,184,710,68,0,-5
99,303293,668,179,710,68,0,-5
99,303309,668,174,710,68,0,-5
99,303325,668,169,710,68,0,-5
99,303341,668,164,710,68,0,-5
99,303358,668,159,710,68,0,-5
99,303375,668,154,710,68,0,-5
99,303392,668,149,710,68,0,-5
99,303408,668,144,710,68,0,-5
99,303425,668,139,710,68,0,-5
99,303442,668,134,710,68,0,-5
99,303459,668,129,710,68,0,-5
99,303476,668,124,710,68,0,-5
99,303492,668,119,710,68,0,-5
99,303509,668,114,710,68,0,-5
99,303526,673,109,710,68,5,-5
99,303543,678,104,710,68,5,-5
99,303561,683,99,710,68,5,-5
99,303579,688,94,710,68,5,-5
99,303595,693,89,710,68,5,-5
99,303612,698,84,710,68,5,-5
99,303629,698,79,710,68,0,-5
99,303646,698,74,710,68,0,-5
99,303663,698,69,710,68,0,-5
99,303680,698,64,710,68,0,-5
99,303697,698,59,710,68,0,-5
99,303714,698,54,710,68,0,-5
99,303732,698,49,710,68,0,-5
99,303749,698,44,710,68,0,-5
99,303987,703,44,710,68,5,0
99,304003,708,44,710,68,5,0
99,304020,713,44,710,68,5,0
99,304037,718,44,710,68,5,0
99,304072,718,49,710,68,0,5
99,304087,718,54,710,68,0,5
99,304103,718,59,710,68,0,5
99,304423,718,64,710,68,0,5
100,305989,179,286,372,208,5,0
100,306005,184,286,372,208,5,0
100,306022,189,286,372,208,5,0
100,306039,194,286,372,208,5,0
100,306054,199,286,372,208,5,0
100,306070,204,286,372,208,5,0
100,306087,209,286,372,208,5,0
100,306103,214,286,372,208,5,0
100,306120,219,286,372,208,5,0
100,306137,224,286,372,208,5,0
100,306154,229,286,372,208,5,0
100,306171,234,286,372,208,5,0
100,306188,239,286,372,208,5,0
100,306205,244,286,372,208,5,0
100,306222,249,286,372,208,5,0
100,306239,254,281,372,208,5,-5
100,306256,259,276,372,208,5,-5
100,306273,264,271,372,208,5,-5
100,306289,269,266,372,208,5,-5
100,306306,274,261,372,208,5,-5
100,306323,279,256,372,208,5,-5
100,306340,284,251,372,208,5,-5
100,306357,289,246,372,208,5,-5
100,306374,294,241,372,208,5,-5
100,306391,299,236,372,208,5,-5
100,306408,304,231,372,208,5,-5
100,306425,309,226,372,208,5,-5
100,306442,314,221,372,208,5,-5
100,306460,319,216,372,208,5,-5
100,306477,324,211,372,208,5,-5
100,306494,329,211,372,208,5,0
100,306511,334,211,372,208,5,0
100,306528,339,211,372,208,5,0
100,306545,344,211,372,208,5,0
100,306563,349,211,372,208,5,0
100,306580,354,211,372,208,5,0
100,306596,359,211,372,208,5,0
100,306613,364,211,372,208,5,0
100,306631,369,211,372,208,5,0
